technology_id,country,name,currency_base,currency_other,exchange_rate_per_usd,labour_day_cost_raw,calculation_base,calculation_unit,hectare_conversion_factor,establishment_labour_usd,establishment_equipment_usd,establishment_plant_material_usd,establishment_fertilizers_biocides_usd,establishment_construction_material_usd,establishment_other_usd,establishment_total_usd,establishment_n_items,establishment_total_estimation_reported,establishment_other_funding,maintenance_labour_usd,maintenance_equipment_usd,maintenance_plant_material_usd,maintenance_fertilizers_biocides_usd,maintenance_construction_material_usd,maintenance_other_usd,maintenance_total_usd,maintenance_n_items,maintenance_total_estimation_reported,maintenance_other_funding,costbenefit_establishment_short,costbenefit_maintenance_short,costbenefit_establishment_long,costbenefit_maintenance_long,cost_assumptions
1000,TJ,Perennial Herbaceous Fodder Plants for Intact Canopy Cover,USD,,,3.00,,,,,10.0,30.0,,,,40.0,2,,,30.0,,,,,,30.0,2,,,POSITIVE,POSITIVE,POSITIVE,POSITIVE,"costs per hectare under following assumptions: esparzet: 50kg/ha (price per kg: 0.65 USD) or 
alfa alfa: 15kg/ha (price per kg: 2 USD)"
1001,TJ,Orchard-based Agroforestry (establishment of orchard),USD,,,3.00,,,,45.0,175.0,250.0,,,,470.0,4,,,80.0,,30.0,100.0,,,210.0,9,,,NEUTRAL,POSITIVE,VERYPOSITIVE,VERYPOSITIVE,"Number of trees planted: since the establishment and maintainance require considerable financial and labour inputs; expenditures for tree seedlings bought from the market: N.B. if nursing the trees is completed by land user himself, establishment costs can be halved."
1002,TJ,Orchard-based Agroforestry (intercropping),USD,,,3.00,,,,6.0,25.0,,,,,31.0,2,,,78.0,20.0,30.0,90.0,,,218.0,7,,,VERYPOSITIVE,VERYPOSITIVE,VERYPOSITIVE,VERYPOSITIVE,"The number of trees influences costs considerably, since orchard management is labour and input intensive"
1003,TJ,Buffer Strip on Steep Sloping Cropland,USD,,,3.00,,,,,,,,,,,0,,,4.0,,,,,,4.0,2,,,POSITIVE,POSITIVE,POSITIVE,POSITIVE,"If the technology is not established at the point of the initial cultivation of the cropland, grass clods will need to be transplanted which considerably increases the establishment costs"
1004,SY,Adding Soil,other,syrian pounds,50.0,5.00,,,,1.0,1.0,,,2.0,2.0,6.0,4,,,,,,,,,,0,,,SLIGHTLYNEGATIVE,VERYPOSITIVE,POSITIVE,VERYPOSITIVE,"labour, distance, transport, probably in the future also value of soil"
1005,SY,Furrow-enhanced runoff harvesting for olives,,,,,,,,,,,,,,,4,,,,,,,,,,1,,,,POSITIVE,,,
1006,CH,Maize strip tillage,other,Swiss Franc,1.13,,,,,,138938.05,,,,,138938.05,2,,,425.67,,,46.9,,,472.57,3,,,NEGATIVE,POSITIVE,POSITIVE,POSITIVE,The machine is very expensive. In addition a strong tractor is needed (ca. 150hp). Thats why most farmer task a contractor with the seeding. In this case no initial investment needs to be done. The machine in this case study is used for about 60ha per year. A bigger workload would be possible.
1007,CH,Direct seeding,other,Swiss Franc,1.08,,,,,,257407.41,,,,,257407.41,1,,,213.89000000000001,,,51.85,,86.11,351.85,4,,,NEGATIVE,POSITIVE,,,"The most important factor is whether a direct seeding machine can be rented in locally, because this represents a major investment."
1008,CH,Maize strip tillage,other,Swiss Franc,1.08,194.00,,,,449.07,52129.63,,,,,52578.7,3,,,,,,,,,,0,,,NEGATIVE,SLIGHTLYPOSITIVE,POSITIVE,POSITIVE,Labour costs and costs for diesel are much higher for the traditional technology (plough). The investment for the technology are high in the first term and the labour costs indicated above are given by the contractor if he is hired. So for a regular farmer only these 388 USD are relevant.
1009,CH,Maize strip tillage,,,,,,,,,,,,,,,3,,,,,,,,,,0,,,,,,,
1010,CH,Maize strip tillage,other,Swiss Franc,1.08,194.00,,,,,,,,,,,0,,,,,,,,,,0,,,NEGATIVE,SLIGHTLYNEGATIVE,POSITIVE,POSITIVE,"Labour costs might seem high for a farmer if he delegates the establishment to a contractor. In comparison to the traditional cultivation system the contractor would ask about $240 for ploughing , $185 for harrowing , $92 for seeding, $70 for biocide and $46 for fertilizer per ha. Therefore using maize strip tillage is almost a third less expensive than the traditional cultivation. Most of the farmers that hire the contractor are applying the biocides themselves when using maize strip tillage, which makes the costs even lower."
1011,CH,Contour small bench terraces with permanent green cover in vineyards,,,,,,,,,,,,,,,0,,,,,,,,,,0,,,VERYNEGATIVE,SLIGHTLYNEGATIVE,NEUTRAL,NEUTRAL,(manual) labour
1012,CL,No tillage preceded by subsoiling,USD,,,,,,,50.0,130.0,,,,,180.0,3,,,20.0,60.0,50.0,194.0,,,324.0,5,,,POSITIVE,POSITIVE,POSITIVE,POSITIVE,Availability of machinery is the most determining factor affecting the costs.
1013,TN,Jessour,other,TD,1.3,10.00,,,,923.08,,615.38,,769.23,,2307.69,3,,,307.69,,153.85,,230.77,,692.31,3,,,VERYNEGATIVE,NEUTRAL,VERYPOSITIVE,POSITIVE,"Found in inaccessible and even remote areas, labour is the most determining factors affecting the costs of this system."
1014,TR,Drip irrigation,other,turkish lira,2.0,25.00,,,,50.0,,,,,1000.0,1050.0,2,,,50.0,,,,,100.0,150.0,2,,,NEGATIVE,VERYPOSITIVE,VERYPOSITIVE,VERYPOSITIVE,"The main network of hard PVC pipes, pressure indicators, main distributor, and labour force are the main costs."
1015,TR,Fodder Crop Production,other,YTL,1.3,20.00,,,,,38.46,,,,,38.46,1,,,230.77,153.85,538.45,,,,923.07,7,,,POSITIVE,POSITIVE,VERYPOSITIVE,VERYPOSITIVE,"Certified seed material and tillage costs (e.g. oil, machines) are the most determining factors affecting the costs."
1016,TJ,Drainage Ditches in Steep Sloping Cropland,USD,,,3.00,,,,3.0,5.0,,,,,8.0,2,,,21.0,,,,,,21.0,2,,,POSITIVE,POSITIVE,POSITIVE,POSITIVE,
1017,TJ,Orchard-based agroforestry,USD,,,,,,,80.0,130.0,250.0,110.0,,,570.0,8,,,65.0,60.0,30.0,65.0,,,220.0,9,,,POSITIVE,VERYPOSITIVE,VERYPOSITIVE,VERYPOSITIVE,
1018,CH,Green cover in vineyards,other,Swiss Franc,0.75,,,,,18400.0,1333.33,,266.67,,,20000.0,7,,,2000.0,866.67,,200.0,,,3066.67,6,,,NEGATIVE,POSITIVE,POSITIVE,POSITIVE,"Labour is the major cost component, since wage levels are very high in Switzerland."
1019,ES,Ecological production of almonds and olives using green manure,other,EURO,0.63,79.00,,,,,,,,,,,0,,,39.68,114.29,152.38,377.78,,,684.13,5,,,NEUTRAL,SLIGHTLYNEGATIVE,NEUTRAL,SLIGHTLYPOSITIVE,"Fuel price, ecological pesticides and organic fertilizer are the most determining factors affecting the costs."
1020,PH,"In ""situ"" Decomposition of Banana Stalk",,,,5.00,,,,,,,,,,,0,,,,,,,,,,2,,,SLIGHTLYPOSITIVE,SLIGHTLYPOSITIVE,SLIGHTLYPOSITIVE,SLIGHTLYPOSITIVE,Based on the plant population per hectare.
1021,PH,Conservation Tillage Practices for Corn Production,USD,,,5.00,area,,,347.6,,30.0,63.6,,100.0,541.2,9,,,,,,,,,,0,,,POSITIVE,VERYPOSITIVE,VERYPOSITIVE,VERYPOSITIVE,Land cultivation- zero tillage offset the costs incurred during land preparation. Labor costs for hand tractor and carabao-drawn plows are substituted by costs of spraying POWER herbicide which is significantly less expensive
1022,NI,Vermiculture,,,,,,,,,,,,,,,4,,,,,,,,,,1,,,,,,,
1023,CO,Intensive agroforestry system,other,Pesos Colombianos,,5.00,,,,,,,,,,,4,,,,,,,,,,2,,,POSITIVE,POSITIVE,VERYPOSITIVE,VERYPOSITIVE,"piedras, pendiente, e mano de obra no porque los trabajos pesados se realizan en minga (grupo)"
1024,SN,Jachère associée à la rotation des cultures et au paillage,,,,,,,,,,,,,,,0,,,,,,,,,,0,,,POSITIVE,POSITIVE,SLIGHTLYPOSITIVE,SLIGHTLYPOSITIVE,Il n'y a pas vraiment de coûts quantifiables associés à cette pratique. L'essentiel de l'effort investi dans sa mise en oeuvre  réside dans le mode de gestion du champ.
1025,SN,Régénération Naturelle Assistée et reboisement du rônier,other,CFA,500.0,5.00,,,,,,,,0.02,,0.02,1,,,,,,,0.02,,0.02,1,,,NEUTRAL,NEUTRAL,VERYPOSITIVE,VERYPOSITIVE,La main d'euvre est familiare ou quelques fois salariée. Dans le dernier cas ils reçoivent 5 US par jour
1026,SN,Parc à kadd (Faidherbia albida) avec rotation culturale,other,CFA,500.0,,,,,,,,,,,,0,,,0.01,,,0.08,,,0.09,2,,,POSITIVE,POSITIVE,VERYPOSITIVE,VERYPOSITIVE,"Le facteur le plus déterminant pour les coûts est l'achat d'engrais chimique. Pour les travaux, on utilise  gratuitement le personnel local."
1027,SN,Parc à Cordyla pinnata avec parcage naturel et paillage,,,,,,,,,,,,,,,0,,,,,,,,,,0,,,NEUTRAL,NEUTRAL,VERYPOSITIVE,VERYPOSITIVE,
1028,TJ,Growing of fodder crops on steep slopes in arid highlands,other,somoni,4.53,6.60,,,,2523.19,4980.13,211.92,331.13,,,8046.37,8,,,973.51,,,,,,973.51,3,,,NEUTRAL,SLIGHTLYNEGATIVE,VERYPOSITIVE,POSITIVE,The steepness of the slope.
1029,TJ,Bottle irrigation of a newly planted orchard,USD,,,,,,,590.0,2829.0,3773.0,,,,7192.0,5,,,773.0,,,,,,773.0,3,,,NEUTRAL,NEUTRAL,POSITIVE,POSITIVE,
1030,SN,Agriculture Durable avec Peu d'Intrants Extérieures (ADPIE),other,Francs CFA,500.0,,,,,0.02,,0.03,0.02,,7.8,7.87,5,,,0.19,0.42,0.28,0.23,,0.31,1.43,6,,,VERYPOSITIVE,VERYPOSITIVE,VERYPOSITIVE,VERYPOSITIVE,Le facteur le plus déterminant pour les coûts est la mise en place du système d'arrosage.
1031,MA,Crop rotation: cereals / fodder legumes (lupin),other,Dirham,8.0,5.00,,,,,709.26,,,,,709.26,5,,,6.24,,5.25,,,,11.49,5,,,NEGATIVE,NEUTRAL,POSITIVE,SLIGHTLYPOSITIVE,les équipements et les semences
1032,TJ,Solar greenhouses,USD,,,,,,,2100.0,,900.0,,1000.0,,4000.0,8,,,2000.0,,,,,,2000.0,1,,,POSITIVE,SLIGHTLYPOSITIVE,VERYPOSITIVE,POSITIVE,Labour - voluntary contribution
1033,TJ,Terracing on the hill slope areas,other,somoni,2.46,25,unit,Garden,,93.5,,,,243.9,,337.4,5,,,34.55,,,406.5,,,441.05,5,,,POSITIVE,POSITIVE,VERYPOSITIVE,VERYPOSITIVE,"Soil structure, slope"
1034,TJ,Irrigated agro-biodiversity system in arid high mountain area,other,Tajik Somoni,4.4,30.00,,,,886.3700000000001,,27.27,,,,913.64,4,,,159.1,154.55,54.55,336.82,,,705.02,12,,,,,,,"With regard to the establishment costs, the most determining factors are: the distance to the creek from where water is channeled away and the steepness of the slope and amount of stones when preparing the land for annual cropping. With regard to the maintenance costs it is the exposure of the water channel to rock fall and small land slides."
1035,GR,Olive groves under no-tillage operations,,,,,,,,,,,,,,,0,,,,,,,,,,0,,,POSITIVE,POSITIVE,POSITIVE,POSITIVE,No factors affect costs since Oxalis grows in the area under natural conditions
1036,TJ,Establishment of living seabuckthorn fences for the protection of reforestation sites (CACILM),other,Tajik Somoni,4.5,7.00,,,,300.44,4.89,170.33,,202.45,,678.11,9,,,10.440000000000001,6.0,,,2.2,,18.64,6,,,SLIGHTLYNEGATIVE,NEUTRAL,POSITIVE,POSITIVE,"The seabuckthorn seedlings are readily available in the area of implementation and incur no financial cost to the forest tenant. The labour is provided by the forest tenant. Labour is potentially a major expense if the land user must pay for it. Factors that contribute to the amount of labour required include the distance the seabuckthorn wood and seedlings have to be transported and the soil texture for the digging of a trench for the erection of the fence.
So far, the material needed for fencing and tree planting has been provided free of charge by the Forestry Agency. The only financial cost to the land user is the cost of the fruit trees, approximately 5 som per sapling. The land is provided by the Forestry Agency free of charge, however percentages of harvested forest products have to be paid to the Forestry Agency as the land owner's share."
1037,TJ,Drip irrigation using polyethylene sheeting and intermittent cloth strips.,other,Somoni,4.5,10.00,,,,8.89,,5.56,,96.0,,110.45,4,,,128.89,13.33,5.56,44.44,,,192.22,6,,,VERYPOSITIVE,VERYPOSITIVE,,,
1038,TJ,"Vertical growing of potatoes in pits, by the gradual addition of further layers of soil.",other,450,,5,,,,,,,,,,,3,,,,,,,,,,1,,,VERYPOSITIVE,VERYPOSITIVE,,,Digging the pits is the most determinate factor as it requires a lot of labour.
1039,MA,Labour minimum couplé à la mise en défens partielle des chaumes,other,Dirham,,50,,,,,,,,,,,0,,,,,,,,,,1,,,VERYNEGATIVE,NEGATIVE,SLIGHTLYPOSITIVE,SLIGHTLYPOSITIVE,Coûts des herbicides et du grillage.
1040,TJ,Bee-keeping in uplands,other,сомони,,5.00,,,,,,,,,,,3,,,,,,,,,,0,,,POSITIVE,VERYPOSITIVE,VERYPOSITIVE,VERYPOSITIVE,"Length of vegetative season, harsh cold spells (dying of bees), pests and diseases, ways of transportation of apiary, number of places for localization of apiaries in vegetative period, distance and conditions of transportation, availability of markets and etc."
1041,TJ,Passive solar greenhouses for winter commercial vegetable production,other,Somoni,4.5,9.00,,,,395.56,15.56,,,71.11,186.67000000000002,668.9,10,,MSDSP,17.78,,,,71.11,,88.89,2,,,SLIGHTLYPOSITIVE,SLIGHTLYPOSITIVE,VERYPOSITIVE,VERYPOSITIVE,"Apart from the cellophane cover, mainly local materials were used which did not require investments. If labour has to be paid, this is the most determinate factor, also wooden poles if they have to be bought."
1042,GR,Transport of freshwater from local streams,other,euro,0.7,,,,,1384.29,6524.29,,,,2.57,7911.15,6,,,197.14,678.5699999999999,,,,2160.0,3035.71,4,,,POSITIVE,NEUTRAL,POSITIVE,NEUTRAL,Diesel or electricity price affects the final cost.
1043,TJ,Gradual development of bench terraces from contour ditches,other,Somoni,4.5,5.00,,,,109.23,14.67,149.0,,0.67,22.67,296.24,10,,,29.59,,4.89,,,2.93,37.41,6,,,SLIGHTLYNEGATIVE,SLIGHTLYNEGATIVE,POSITIVE,POSITIVE,"The most affecting factors were the high cost inputs for construction material which  usually has to be imported into the area: Fuel, metal nets for fencing, cement, etc."
1044,CR,Shade-grown coffee,other,Colones,,7.00,,,,,,,,,,,6,,,,,,,,,,3,,,NEGATIVE,POSITIVE,POSITIVE,VERYPOSITIVE,"Los más importantes son: costo de mano de obra, fertilizantes y agroquímicos"
1045,ET,Hararghie Soil Bund,other,Birr,8.5,0.94,,,,10.47,10.64,2.21,4.15,,4.29,31.76,6,,,1.38,6.859999999999999,,,,12.87,21.11,4,,,SLIGHTLYNEGATIVE,NEUTRAL,POSITIVE,POSITIVE,excavation work requires more labour and it affects the cost of construction and maintenance
1046,ET,Ridge bund,other,Birr,8.0,1.00,,,,34.0,8.5,0.94,12.0,,,55.44,9,,,3.0,,0.62,12.0,,3.75,19.37,5,,,NEGATIVE,POSITIVE,POSITIVE,POSITIVE,high labour requirment affects the cost of the technique
1047,ET,Stone faced level bund,other,Birr,8.6,0.80,,,,17.41,0.38,0.38,3.87,,,22.04,5,,,2.88,0.38,0.38,3.87,,,7.51,4,,,SLIGHTLYPOSITIVE,POSITIVE,SLIGHTLYNEGATIVE,POSITIVE,"Availability of local materials, the steepyness of site, soil type."
1048,ET,Area closure for rehabilitation,,,,,,,,,,,,,,,7,,,,,,,,,,5,,,POSITIVE,POSITIVE,VERYPOSITIVE,VERYPOSITIVE,
1049,ET,Improved grazing land management,,,,,,,,,,,,,,,8,,,,,,,,,,7,,,SLIGHTLYPOSITIVE,POSITIVE,VERYPOSITIVE,VERYPOSITIVE,
1050,TJ,Energy efficiency measures to increase the application of organic fertilisers.,other,TJS,4.5,11.00,,,,9.620000000000001,,13.07,,33.8,21.38,77.87,11,,,0.73,,,,,,0.73,1,,,POSITIVE,VERYPOSITIVE,VERYPOSITIVE,VERYPOSITIVE,"The price of the construction materials are dependent on many different external factors, and prices are generally increasing seasonally and annually."
1051,TJ,Water wheel pump system,other,сомони,,5.55,,,,,,,,,,,9,,,,,,,,,,0,,,SLIGHTLYPOSITIVE,SLIGHTLYPOSITIVE,VERYPOSITIVE,VERYPOSITIVE,"The initial set up costs are quite high, but the actual operating costs are minimal."
1052,TJ,Rehabilitation of poor soils through agroforestry,other,SOM,4.5,20.00,,,,400.0,60.89,590.0,,,,1050.89,5,,,826.67,,,222.22,0.4,95.56,1144.85,4,,,VERYPOSITIVE,VERYPOSITIVE,VERYPOSITIVE,VERYPOSITIVE,"The cost of the tree seedlings is the most determinate factor. Labour costs are high if labour has to be paid, however, in this case labour is provided free by the farmer."
1053,TJ,Rehabilitation of grazing areas through planting of Izen perennial shrubs,,,,,,,,,,,,,,,5,,,,,,,,,,1,,,SLIGHTLYPOSITIVE,SLIGHTLYPOSITIVE,POSITIVE,VERYPOSITIVE,
1054,TJ,Pest management with pheromone insect traps,USD,,,,,,,,16,,,,,16,1,,,,,,,,,,1,,,POSITIVE,VERYPOSITIVE,POSITIVE,VERYPOSITIVE,
1055,TJ,Conversion of stony slopes into an irrigated apricot orchard,other,Somoni,4.5,7.00,,,,29755.559999999998,,7111.11,,,,36866.67,5,,,,,,,,,,0,,,NEGATIVE,SLIGHTLYNEGATIVE,POSITIVE,VERYPOSITIVE,
1056,TJ,Agroforestry in arid alpine zone above 3300 m asl,other,Somoni,4.52,30,,,,136.06,,119.47,5.53,,54.2,315.26,10,,,66.37,,,,,,66.37,2,,,SLIGHTLYPOSITIVE,SLIGHTLYPOSITIVE,VERYPOSITIVE,VERYPOSITIVE,
1057,TJ,Integrated Technologies for Household Plots,other,somoni,4.5,5.50,,,,916.6799999999998,,333.33,,600.0,111.11,1961.12,9,,,416.66999999999996,,,,,500.01,916.68,8,,,NEGATIVE,VERYPOSITIVE,VERYPOSITIVE,VERYPOSITIVE,"The human labour costs (I believe) are most misleading. The farmer and his family happily and willingly committed their time and effort over a period of 27 years to improving this piece of land – as they knew that their family lifestyle would vastly improve and be greatly assured through their efforts. As the farmer said during the interview: “What else would I be doing?” Meaning – this is his life and he thoroughly enjoyed the inputs, realising the richness of the outputs. 
Fence costs were minimal (a few hundred dollars) as on departure of the Russians after the Soviet period, the factories were ransacked by locals for metals of all types, not a sustainable practice, but at this time gave locals access to free materials to use. In this case for fencing. 
Trees – there was an initial set up cost and the farmer said he tries to plant at least 20 new trees each year to maintain and enhance productivity.
Lucerne – there was a set up cost (farmer forgets how much – but approx. $50) for seed.  But now the lucerne is almost self-regenerating (from it's own seeds) as the last cut each year is for seed production that the farmer spreads in the lucerne field."
1058,ET,Dawa-Cheffa Traditional Checkdam,other,Birr,8.6,0.70,,,,537.79,13.95,,,,,551.74,3,,,72.56,3.49,,,,,76.05,3,,,NEGATIVE,SLIGHTLYNEGATIVE,POSITIVE,POSITIVE,"labour, slope and depth of the gully, width of the gully, availability of construction material, soil depth. The establishment cost considerts the cost incurred over 15 years."
1059,ET,Dejen Stone Bund,other,Birr,8.6,0.70,,,,27.44,0.7,6.74,,9.65,,44.53,4,,,3.49,,3.49,,1.4,,8.38,3,,,NEGATIVE,SLIGHTLYNEGATIVE,SLIGHTLYPOSITIVE,SLIGHTLYPOSITIVE,"slope, soil depth"
1060,ET,Graded Soil bund,other,Birr,8.6,0.56,,,,11.51,4.3,1.4,6.4,,,23.61,4,,,6.28,3.95,1.4,6.4,,,18.03,4,,,SLIGHTLYPOSITIVE,POSITIVE,VERYPOSITIVE,VERYPOSITIVE,"labour, slope"
1061,ET,level bund with double stone walls,other,birr,8.8,0.50,,,,,,,,,,,0,,,,,,,,,,0,,,SLIGHTLYNEGATIVE,SLIGHTLYPOSITIVE,POSITIVE,POSITIVE,"the slope: the steeper, the more bunds are needed; labour is a problem if there is no food-for-work any more"
1062,ET,Stone Faced Soil Bund of South Gonder,other,Birr,8.6,0.80,,,,24.07,6.04,1.63,,,,31.74,6,,,2.91,,,,,,2.91,1,,,POSITIVE,POSITIVE,POSITIVE,POSITIVE,"availability of stone, slope, soil depth"
1063,ET,Stablized Stone Faced Soil Bund,other,Birr,8.6,0.70,,,,27.909999999999997,87.78999999999999,3.48,6.28,,,125.46,8,,,1.98,8.37,,,,,10.35,2,,,NEGATIVE,NEGATIVE,POSITIVE,POSITIVE,"The cost of the technology is affected by slope, soil workability, availability of labour"
1064,TJ,Phytopesticides,USD,,,,,,,3.0,,,,,,3.0,1,,,4.0,50.0,,,,,54.0,3,,,VERYPOSITIVE,VERYPOSITIVE,,,Expenditures for the purchase of sprayer
1065,ET,DireDawaTraditional Checkdam,other,Birr,8.6,1.00,,,,47.21,,2.67,,,,49.88,2,,,4.65,,2.67,,,,7.32,2,,,POSITIVE,POSITIVE,VERYPOSITIVE,VERYPOSITIVE,labour
1066,ET,Chat Ridge bund,other,Birr,8.6,0.85,,,,,,,,,,,0,,,,,,,,,,0,,,POSITIVE,POSITIVE,VERYPOSITIVE,VERYPOSITIVE,
1067,ET,Sorghum Terrace of Diredawa (STD),other,Birr,8.6,0.71,,,,31.63,2.8,0.58,,,,35.01,5,,,4.73,,,,,,4.73,1,,,SLIGHTLYNEGATIVE,NEUTRAL,SLIGHTLYPOSITIVE,VERYPOSITIVE,"Slope:- As the slope increases cost of construction increases, Soil depth:- when the soil depth is shallow digging the foundation becomes more costly."
1068,ET,Sweet Potato Ridge,other,Birr,8.6,0.81,,,,8.49,4.07,2.91,5.81,,,21.28,4,,,,,,,,,,0,,,POSITIVE,POSITIVE,POSITIVE,VERYPOSITIVE,Soil dryness and texture-light soils are very simple for opration and the least cost is incurred. Loam soils are good soils with moderate cost of investment.
1069,ET,Earth checks for Gully reclamation,other,Birr,8.5,0.60,,,,33.21,31.84,13.84,,,,78.89,3,,,,,,,,,,0,,,SLIGHTLYPOSITIVE,POSITIVE,POSITIVE,POSITIVE,"Factors affecting costs in this technology are the depth and width of gully, steepness of slope, planting and replanting of vegetative materials."
1070,ET,Rehabilitation of degraded lands,other,Birr,8.6,0.70,,,,45.0,9.88,4.42,,0.23,,59.53,5,,,5.43,0.35,1.19,,4.81,,11.78,5,,,SLIGHTLYPOSITIVE,POSITIVE,POSITIVE,VERYPOSITIVE,"Tools and transport facilities (motorcycles), fuel and food grain."
1071,ET,Desho Grass Soil Bund,other,Birr,8.6,0.75,,,,0.93,0.34,0.37,,,,1.64,4,,,,,,,,,,0,,,VERYPOSITIVE,VERYPOSITIVE,VERYPOSITIVE,VERYPOSITIVE,Cost/labour and requirment increased as slope increased.
1072,ET,Rehabilitation of Degraded Lands ( Area closure),other,Birr,8.6,0.70,,,,58.81,11.92,21.63,,,,92.36,5,,,,9.46,0.85,,,,10.31,2,,,NEGATIVE,SLIGHTLYPOSITIVE,POSITIVE,POSITIVE,Higher slopes and shallow soil depths increase the cost of construction.
1073,ET,Soil Bund with Contour Cultivation,other,Birr,8.6,0.70,,,,18.14,6.96,6.51,,,35.58,67.19,6,,,2.19,9.46,,,,,11.65,2,,,SLIGHTLYPOSITIVE,SLIGHTLYPOSITIVE,POSITIVE,POSITIVE,"Type of hand tools, Slope of the land and soil depth."
1074,ET,Vegetated Fanya juu,other,Birr,8.6,0.70,,,,19.650000000000002,17.21,2.79,6.4,,,46.05,6,,,5.0,11.74,2.79,6.4,,,25.93,5,,,POSITIVE,POSITIVE,VERYPOSITIVE,POSITIVE,"Labour cost increases or decreases per hectare of land depending on land form, type and depth of the soil. Cost of construction with increase in slope."
1075,ET,Microcatchments and ponds,other,Birr,8.6,,,,,9.73,13.95,,,26.98,,50.66,3,,,0.81,13.95,,,,,14.76,2,,,POSITIVE,POSITIVE,VERYPOSITIVE,VERYPOSITIVE,Availability of construction materials.
1076,ET,Haraghie Stone Bund,other,Birr,8.6,0.78,,,,19.65,8.02,,,,,27.67,3,,,9.63,,,,,,9.63,1,,,NEUTRAL,NEUTRAL,SLIGHTLYPOSITIVE,SLIGHTLYPOSITIVE,Labour is the most important factor affecting the cost.
1077,ET,Stone-faced Soil Bund Stablized with Grass,,,,,,,,,,,,,,,6,,,,,,,,,,4,,,NEUTRAL,SLIGHTLYPOSITIVE,POSITIVE,POSITIVE,Slope: In steep slopes terraces get closer and the length of terrace per unit area /hectar/ increases and this increases the cost of construction. On soils of shallow soils digging becomes tough and this leads to increased costs
1078,ET,Soil bund & Fanya Juu combined & vegetated,other,Birr,8.6,0.80,,,,23.14,,0.93,,,,24.07,3,,,1.51,,,,,,1.51,1,,,SLIGHTLYNEGATIVE,SLIGHTLYPOSITIVE,POSITIVE,POSITIVE,"slope, soil condition labour availability"
1079,ET,Paved and grassed waterways,other,Birr,8.6,0.80,,,,,,,,,,,0,,,,,,,,,,0,,,POSITIVE,POSITIVE,VERYPOSITIVE,POSITIVE,"stone availability, finance, topography"
1080,HU,Conservation tillage,other,Hungarian Forint HUF,195.8,25.50,,,,,,,,,,,0,,,,,,,,,,0,,,NEUTRAL,NEUTRAL,NEUTRAL,NEUTRAL,wet weather>get weedy; compacted soil surface>(loosening) chiselling
1081,HU,Conventional (contour-line and ploughing)  tillage,other,Hungarian Forint,195.8,25.50,,,,,,,,,,,0,,,,,,,,,,0,,,SLIGHTLYPOSITIVE,SLIGHTLYPOSITIVE,POSITIVE,POSITIVE,compacted soil surface> chiselling (loosening); steep slops>more fuel; nutrient supply>expensive inorganic fertilizers
1082,ID,Paddy Field Terrace,,,8000.0,3.00,,,,,,,,,,,0,,,,,,,,,,0,,,VERYPOSITIVE,SLIGHTLYPOSITIVE,,,cost for preparation and terrace maintenance in steep slope is higher than that.
1083,IN,Agro-forestry,other,Indian Rupee,48.85,1.00,,,,,,,,,,,0,,,,,,,,,,0,,,SLIGHTLYNEGATIVE,SLIGHTLYNEGATIVE,POSITIVE,VERYPOSITIVE,"- Establishment of the technology requires high labor input, specially for watering and watch & ward, which adds significantly to the cost. -  Presence of hard pan necessiates deep ploughing with machinery. - Horticulture tree species were selected over forest species."
1084,IN,Holistic demonstration,other,Rupees,46.0,0.73,,,,11.09,,6.15,5.390000000000001,3.18,1.57,27.38,10,,,1.11,,0.61,0.51,0.32,0.16,2.71,9,,,NEUTRAL,POSITIVE,POSITIVE,POSITIVE,"Non availability of stones, boulders"
1085,IN,Integrated Farming System,other,Rupees,0.45,0.88,,,,695.56,17.16,307.15999999999997,528.13,182.44,11.11,1741.56,11,,,,,,,,,,0,,,POSITIVE,POSITIVE,POSITIVE,POSITIVE,"(1) High slope:- Slope reduced Nos. of structure adopted. Labour engagement are expose of sub-surface soil used Nos. of planting materials.
(2) Diference:- The planting materials are not locally available and transported from 20 K.Ms distance (Bamboo, Vertiver, Mango, Cashew)
(3) Comunication was not up to SWC spot during the establishment period."
1086,IN,Dug-out sunken pond cum countour bund,other,Rupee,50.0,,,,,1.8,0.1,0.5,,,,2.4,3,,,0.08,,0.06,,,,0.14,2,,,POSITIVE,POSITIVE,POSITIVE,POSITIVE,"Soil depth is very less, hard soil with slope variation because of undulating lands. The labour was also not sufficiently available at the time of establishment, because the work was implemented at time of main growing season. At that time land users are busy in their own field because of cultivation work."
1087,GR,"No tillage operations, plastic nets permanently on the soil surface",other,Euro,1.49,80.00,,,,214.77,1812.08,,,,,2026.85,2,,,,,,,,,,0,,,POSITIVE,POSITIVE,POSITIVE,POSITIVE,the purchase of materials
1088,IN,Dug-Out Well,other,Rupee,50.0,1.00,,,,25.0,,,,,,25.0,1,,,,,,,,,,0,,,NEUTRAL,SLIGHTLYNEGATIVE,VERYPOSITIVE,SLIGHTLYPOSITIVE,Stones are to be excavated from such a height of 26 ft.
1089,KZ,Technology of fastening Aral sea's drained bottom' s  soil,USD,,,15.00,,,,45.0,20.0,125.0,,,,190.0,3,,,,,,,,,,0,,,,,SLIGHTLYPOSITIVE,SLIGHTLYPOSITIVE,transportation of technique to the work place and gooves cutting
1090,KZ,Creation of haloxylon pasture-protective strips at north desert,USD,,,4.00,,,,9.0,13.0,260.0,,,,282.0,4,,,,,,,,,,0,,,,,SLIGHTLYPOSITIVE,SLIGHTLYPOSITIVE,value of petrol.
1091,KZ,Water-conservation technology at cultivation of the cotton in south. K,USD,,,0.50,,,,650.0,40.0,,,55.0,,745.0,3,,,100.0,,,,25.0,,125.0,2,3.0,,NEUTRAL,SLIGHTLYPOSITIVE,POSITIVE,VERYPOSITIVE,Arrangement of furrows its cutting and reinforcing of the bottom of furrow
1092,KZ,Soil-protective minimal technology of the tillage and sowing,USD,,,10.00,,,,50.0,10.0,20.0,10.0,,,90.0,4,,,50.0,10.0,20.0,10.0,,,90.0,4,,,SLIGHTLYPOSITIVE,NEGATIVE,,,"Rent of the mechanized means for creation the fallow crop and harvesting of cultures of a crop rotation make the most part of article of expenses on SWS technologies (tractor K-700, combine “Enisey”, automobile – Kamaz seeders – 2,1 carriages to tractors PTC-9,3 PTC-12)."
1093,KZ,Creation of artificial pasturable phytocenosis at north desert subzone,USD,,,7.00,,,,9.0,13.0,16.0,,,,38.0,3,,,3.0,4.0,,,,,7.0,2,,,,POSITIVE,SLIGHTLYPOSITIVE,,value of petrol
1094,KE,Road runoff management - Nyeri,other,Kenyan Shilling,33.0,0.96,,,,,,,,,,,0,,,,,,,,,,0,,,SLIGHTLYPOSITIVE,SLIGHTLYPOSITIVE,POSITIVE,NEUTRAL,The general ground slope determines the cost of the structures and the distance of the safe discharge point from the road
1095,KE,double dug beds - Busia experience,other,Kenya shilling,65.0,0.80,,,,,,,,,,,0,,,,,,,,,,0,,,NEGATIVE,POSITIVE,POSITIVE,POSITIVE,"Labour is the most important and is abudant, at a cost of KES 50 or U$ 0.8 per man day. Opportunities of group work can be employed to reduce total cost of technology establishment."
1096,KE,Riverbed reclamation & silt trapping for sugarcane,other,Kenya shilling,70.0,1.50,,,,,,,,,,,0,,,,,,,,,,0,,,SLIGHTLYPOSITIVE,POSITIVE,VERYPOSITIVE,VERYPOSITIVE,labour affects cost as it is required in large quantities
1097,KE,Water harvest,USD,,,1.92,,,,296.0,489.8,155.8,183.4,244.0,,1369.0,10,,,98.0,72.3,123.0,65.7,244.0,,603.0,7,,,,VERYPOSITIVE,POSITIVE,,"Factors affecting the costs include hard ground at SWC peak period, labour, slope, catchment area, channel size and source of income"
1098,KG,Poplar trees for bio-drainage,USD,,,,,,,455.0,15.0,450.0,,,,920.0,7,,,25.0,5.0,,,,,30.0,2,,,NEGATIVE,POSITIVE,VERYPOSITIVE,VERYPOSITIVE,
1099,NP,Traditional irrigated rice terraces,USD,,,,area,ha,,,,,,,,,0,,,350.0,5.0,,485.0,,,840.0,4,,,VERYNEGATIVE,POSITIVE,POSITIVE,VERYPOSITIVE,
1100,NE,Planting pits and stone lines,other,Francs CFA,,1.50,,,,,,,,,,,6,,,,,,,,,,3,,,POSITIVE,POSITIVE,VERYPOSITIVE,VERYPOSITIVE,La main d'oeuvre des exploitants est le facteur le plus important.
1101,NE,Sand dune stabilisation,USD,,,1.50,,,,300.0,10.0,20.0,,1120.0,,1450.0,4,,,45.0,,5.0,,,,50.0,2,,,VERYNEGATIVE,NEGATIVE,NEGATIVE,NEGATIVE,Prix de la clôture; main d'oeuvre pour gardiennage (2 ans) et  clayonage.
1102,PH,Small Farm Reservoir (SFR),other,Phil. Peso,43.0,4.00,,,,,,,,,,,0,,,,,,,,,,0,,,,,,,The availability of bulldozers in the site and access roads adds substantially to the cost.
1103,PH,Multi-Storey Cropping,other,Peso,50.0,3.00,,,,3.0,1.8,16.8,6.2,,,27.8,7,,,6.0,,,3.8000000000000003,,,9.8,3,,,SLIGHTLYPOSITIVE,VERYPOSITIVE,VERYPOSITIVE,VERYPOSITIVE,"Labor is the most crucial especially during land preparation and planting,  maintenance and harvesting."
1104,PH,Residue Incorporation (Corn),other,Peso,50.0,2.00,,,,,0.56,0.27,2.98,,1.8399999999999999,5.65,7,,,,,,,,,,0,,,SLIGHTLYPOSITIVE,POSITIVE,VERYPOSITIVE,POSITIVE,"Labor and material inputs (seeds, fertilizers, chemicals) are the main costs involve"
1105,PH,Planted Vegetative Strips (PVS),other,Philippine Peso,50.0,2.00,,,,0.4,0.24,2.24,,,,2.88,4,,,0.8,,,,,,0.8,1,,,NEUTRAL,SLIGHTLYPOSITIVE,POSITIVE,POSITIVE,Labor and inputs costs are the main factors involved.
1106,CN,Orchard terraces with bahia grass cover,USD,,,3.00,,,,840.0,,785.0,215.0,,,1840.0,5,,NA,144.0,,94.0,138.0,,,376.0,6,,NA,SLIGHTLYPOSITIVE,SLIGHTLYPOSITIVE,VERYPOSITIVE,VERYPOSITIVE,steep slope and lots of civil work.
1107,TJ,Integrated stone wall and poplar tree perimeter fencing,other,somoni,4.5,4.50,,,,455.57,22.22,322.22,,1244.45,,2044.46,9,,,533.34,,,,,100.0,633.34,6,,,VERYPOSITIVE,VERYPOSITIVE,VERYPOSITIVE,VERYPOSITIVE,"The human labour costs involving the family were nothing as they willingly gave of their time to clear the land and build the wall, plant trees and create vegetable gardens. The real labour cost were the few days when the farmer paid 3 men to help build the wall.
The cost of the wall cost was also nothing as all materials came from on site.
Trees – there was an initial start up cost and the farmer said he tries to plant at least 20 new trees each year to maintain and enhance productivity
Grasses (fodder) – are self regenerating and local. The farmer has never bought grass seed or used fertiliser on the grass"
1108,NE,Sarclo-binage cloisonné,other,Francs CFA,500.0,1.50,,,,0.01,0.0,,,,,0.01,2,,,,,,,,,,0,,,NEUTRAL,,SLIGHTLYPOSITIVE,,Main d'oeuvre
1109,ES,Organic mulch under almond trees,,,,,,,,,,,,,,,1,,,,,,,,,,4,,,NEGATIVE,SLIGHTLYNEGATIVE,SLIGHTLYPOSITIVE,SLIGHTLYPOSITIVE,"Labour for cutting alpha grass, and the price of the mulch are most determining factors of the costs. Almond prunings are free of charge (except for costs to chop them), but will not provide enough mulch. Chopped Pine pruning or straw mulch are relatively expensive."
1110,MA,Gully control by plantation of Atriplex,other,dirham,8.0,31.25,,,,257.8,,,,106.87,62.5,427.17,6,,,,,,,,,,0,,,SLIGHTLYNEGATIVE,NEUTRAL,VERYPOSITIVE,SLIGHTLYPOSITIVE,The cost is determinated by the amount of work necessary for plantation and fencing the plots
1111,TJ,Mulching in rainfed vineyards on terraces in the loess hill zone,other,Сомони,-2.13,6.5,,,,,,,,,,,6,,,,,,,,,,5,,,SLIGHTLYPOSITIVE,NEUTRAL,POSITIVE,POSITIVE,"Виноградник был создан в Советское время и расходы были покрыты ТИПом, который являлся государственным институтом. 
Подсчет расходов был сделан по нынешним ценам."
1112,MA,Olive tree plantations with intercropping,other,Moroccan Dirham,10.0,50,,,,603.5,2111.0,307.2,80.0,,,3101.7,12,,,44.0,38.0,40.0,98.0,,67.0,287.0,18,,,NEGATIVE,SLIGHTLYNEGATIVE,POSITIVE,POSITIVE,Labour and seedlings are the most determining factors affecting the costs.
1113,TJ,The ancient agroforestry and agricultural biodiversity of crops on the basis of irrigated walnut orchard,other,4.8,4.8,,,,,,,,,,,,0,,,,,,,,,,0,,,POSITIVE,NEUTRAL,VERYPOSITIVE,VERYPOSITIVE,"far away from water, stony soil, slopy area"
1114,MX,Land reclamation by agave forestry with native species,other,mexican pesos,13.0,160,area,100 ha,,5076.92,,38.46,1923.08,11076.92,,18115.38,11,,,296.16,,,,,,296.16,2,,,NEGATIVE,NEGATIVE,VERYPOSITIVE,VERYPOSITIVE,"The most important factors determining the costs are: 1) the materials to build a greenhouse and the personal to take care of young plants; 2) the difficulties to make holes in the indurated soils, which takes time and efforts; and 3) the distance between the nursery and the field requires time and efforts (truck carrying the plants)."
1115,KZ,Creation of a perennial grass seed area (CACILM),other,tenge,149.6,,,,,3.5200000000000005,26.950000000000003,0.47,,2.01,1.34,34.29,11,,,1.34,4.01,,,,,5.35,2,,,SLIGHTLYPOSITIVE,NEUTRAL,VERYPOSITIVE,VERYPOSITIVE,"Thin-layer and stony soil impacts the costs, labor force should be hired"
1116,UZ,Improvement of land under arid conditions through the creation of pistachio plantations (CACILM),other,Uzbek sum,1430.0,10.00,,,,0.1,0.04,0.1,,0.6000000000000001,0.02,0.86,9,,,1.9300000000000002,0.03,0.01,0.12000000000000001,,0.06,2.15,11,,,POSITIVE,POSITIVE,VERYPOSITIVE,VERYPOSITIVE,"The majority of the cost is associated with ingrafting with the selected variety. Management activities (fencing around the plantation to prevent animal access) also incurred significant expenditure. However, there are other types of fencing that probably are less expensive and may be used. Cost is affected by the distance between the farming enterprise and both the sources of irrigation water and the place of procurement of plantlets (transportation costs)"
1117,UZ,Use of mineralized artesian water to organize irrigated crop farming in the Kyzylkum (CACILM),other,Узбекский сум,,10.00,,,,,,,,,,,1,,,,,,,,,,7,,,VERYPOSITIVE,POSITIVE,VERYPOSITIVE,VERYPOSITIVE,"Using plastic chutes for long-line furrow irrigation is not a mandatory element of the technology. In general, the technology is very cheap. The largest cost incurred is the hiring of labour to care for the seedlings during the vegetation period."
1118,KG,The ridge sowing technology (CACILM),other,KGS (Kyrgyz som),40.0,11.00,,,,,75.0,,,,,75.0,1,,,0.8799999999999999,0.5,0.94,1.25,,,3.57,6,,,NEUTRAL,SLIGHTLYPOSITIVE,VERYPOSITIVE,POSITIVE,"The technology’s cost depends on the physical state of the soil (degree of moisture, field slope, mechanical composition of soil), seed costs and fuel to be used for the machinery"
1119,SN,Agroforestry with Acacia senegal,,,,,,,,,,,,,,,3,,,,,,,,,,0,,,POSITIVE,POSITIVE,VERYPOSITIVE,VERYPOSITIVE,seeds for crop planting
1120,KG,Growing cereals by using minimum tillage (CACILM),other,KGS som,40.0,7.00,,,,,25.12,,,,,25.12,2,,,1.12,6.99,0.94,1.25,,,10.3,5,,,SLIGHTLYPOSITIVE,POSITIVE,POSITIVE,VERYPOSITIVE,"Mechanical composition of soil and field slopes, types of tractors and agricultural machinery, qualification of workers"
1121,KZ,Off-season irrigation of fields and pastures as a mechanism for pasture improvement under climate change conditions in Southern Kazakhstan (CACILM),other,tenge,147.0,9.30,,,,195.07999999999998,160.33,,,7.5,,362.91,7,,,39.57,2.36,12.5,,,,54.43,5,,,NEGATIVE,VERYNEGATIVE,POSITIVE,POSITIVE,"The amount of material expenseses depends on the lack of local community’s own agricultural machinery, remoteness from district and regional centre, as well as from production sites (construction materials, seeds) very much that  leads to higher costs for fuels, working hours, transport lease and etc."
1122,TZ,In-situ compost cultivation or ‘pattern farming’,,,,,,,,,,,,,,,3,,,,,,,,,,3,,,POSITIVE,POSITIVE,VERYPOSITIVE,VERYPOSITIVE,labour for trench cultivation
1123,CL,Crop rotation with legumes,USD,,,,,,,,,,,,,,0,,,146.0,293.0,306.0,,,,745.0,3,,,POSITIVE,POSITIVE,POSITIVE,POSITIVE,There are not establishment inputs and costs because in annual crops all the cost are recurrent
1124,FR,Construction en pierres sèches,other,Euro,0.89,80.00,,,,3595.51,117.98,,,224.72,,3938.21,3,,,269.66,,,,84.27,,353.93,2,,,,,,,"Le facteur technique dominant est la pente. De plus la vigne est penteux, il faut construire plus de murettes et il faut ajouter des escoradoux et protéger les pistes et agouiles. Le facteur le plus important pour les coûts est le main d'oeuvre."
1125,KG,Production and application of biohumus,other,kyrgyz som,40.0,12.00,,,,1.25,,,,6.25,1.25,8.75,3,,,0.95,,,,,,0.95,1,,,NEUTRAL,POSITIVE,POSITIVE,POSITIVE,"Costs depend on the volume of the trench, the amount of biohumus to be applied and the frequency of biohumus production."
1126,ZA,Sub-surface drainage on irrigated lands,other,,,15.00,,,,,,,,,,,6,,,,,,,,,,1,,,SLIGHTLYPOSITIVE,VERYPOSITIVE,VERYPOSITIVE,VERYPOSITIVE,Suitability of soil for drainage (greater depth and permeability = lower costs.
1127,TJ,"Выращивание зерновых и кормовых культур под защитой лесополос из облепихи, в условиях аридного и холодного высокогорья",,,,,,,,,,,,,,,0,,,,,,,,,,0,,,POSITIVE,VERYPOSITIVE,VERYPOSITIVE,VERYPOSITIVE,Ранние заморозки могут привести к гибели посевов и увеличению затрат
1128,TJ,Mixed fruit tree orchard with intercropping of Esparcet and annual crops in Muminabad District,other,Somoni,4.83,12.40,,,,958.45,51.89,66.34,,96.44,,1173.12,5,,,930.33,6.85,10.4,,,,947.58,5,,,NEUTRAL,NEUTRAL,VERYPOSITIVE,VERYPOSITIVE,"The technology was established during the Soviet Union and most of the expenses were calculated on the price basis of that time. If technology is priced by current prices, the total sum would be very high and no farmer would be able to afford. Thus, current prices were not identified. Nowadays, machinery cost, buying hard wire for fencing and buying seedlings would be the most costly factors."
1130,TJ,Овощи в геотермальных теплицах  в условиях  холодного и аридного высокогорного климата,,,,,,,,,,,,,,,0,,,,,,,,,,0,,,NEGATIVE,NEGATIVE,POSITIVE,POSITIVE,"Каменистость грунта, засоленность его. Малая глубина почвы, приходится ее привозить из других мест каждые 5-7 лет"
1131,TJ,Посекторный (валиковый) метод полива  зерновых культур в высокогорной каменисто-песчаной пустыне.,,,,,,,,,,,,,,,0,,,,,,,,,,0,,,POSITIVE,POSITIVE,VERYPOSITIVE,VERYPOSITIVE,"обеспечение оросительной водой, прокладка основного оросительного канала и оросительной сети второго порядка , каменистость, климатические аномалии- похолодания, засуха"
1132,TJ,Совместные посевы зерновых и бобовых  культур-  традиционная технология малоземельного Памира,,,,,,,,,,,,,,,0,,,,,,,,,,0,,,POSITIVE,VERYPOSITIVE,POSITIVE,VERYPOSITIVE,"Климатические аномалии – засуха, или заморозки в сезон вегетации"
1133,PH,Natural Vegetative Strips (NVS),USD,,,,area,1 ha,,15.0,69.0,,,,,84.0,4,,,36.0,42.0,,,,,78.0,3,,,POSITIVE,POSITIVE,VERYPOSITIVE,VERYPOSITIVE,"Slope is the dominant factor in cost calculation.  The steeper the slope, the more difficult the mobility is and the more closely-spaced the contours are ."
1134,TJ,Current agroforestry: orchard with wheat intercropping,other,Somoni,4.83,12.40,,,,102.98,,64.39,,,,167.37,2,,,118.47,152.65,17.14,15.86,,,304.12,5,,,,,,,"Labour is the most important input, but as it is done mostly by the farmer or the family itself it's mainly agricultural material as seedlings, seeds and fertilizer. Latter particularly as recurrent costs."
1135,KE,Planting Bamboes and Grevillea for Riparian Land Conservation,USD,,,,,,,7.0,,8.0,,,,15.0,3,,,11.0,,,,,,11.0,2,,,NEUTRAL,NEUTRAL,SLIGHTLYPOSITIVE,SLIGHTLYPOSITIVE,An important constraining factor is labour cost for clearing Grevillea.
1136,CH,Vineyard with natural grass cover in an arid alpine zone,other,Swiss Frank,0.95,,,,,,,,,,,,1,,,4210.53,1052.63,,,,,5263.16,3,,,NEUTRAL,NEUTRAL,POSITIVE,POSITIVE,Labour costs for grass cutting. An average labour cost of 300 CHF per day was assumed.
1137,KG,Monitoring the condition of pastures  (CACILM),other,Som,47.0,11.00,,,,,,,,,,,4,,,,,,,,,,5,,,SLIGHTLYPOSITIVE,SLIGHTLYPOSITIVE,VERYPOSITIVE,POSITIVE,"The costs are affected by the total pasture area of an aiyl okrug, by the selection of monitoring points, their distance from the village, by accessibility (mostly in the mountains), by the availability and condition of mountain roads and bridges, and by the variety of vegetation types."
1138,TJ,"Orchard establishment on a former wheat plot, by planting fruit tree seedlings in combination with sowing Alfalfa",USD,,,12.40,,,,196.79,240.1,538.2,,1490.7,,2465.79,10,,Caritas,2807.05,,,,,,2807.05,4,,,SLIGHTLYNEGATIVE,SLIGHTLYPOSITIVE,POSITIVE,VERYPOSITIVE,Fencing is very expensive due to high material costs. It is a very laborious and time consuming work.
1139,ZM,Conservation Tillage with Magoye Ripper,other,Kwacha,5.0,2.40,,,,,26.0,,,,,26.0,2,,,30.4,,10.0,64.0,,14.8,119.2,9,,,POSITIVE,POSITIVE,VERYPOSITIVE,VERYPOSITIVE,"The weed control method employed is the main determinate factor depending on whether the farmer uses hand hoe or herbicides. Abandoning ploughing leads to higher weed densities leading to increased labour requirements/recurrent costs if hand weeding is used. However, with herbicides the weeding labour demand and costs cost are much lower by a factor of about 5. Another major cost is that of fertilizer which makes up about half the cost hence the total cost will vary significantly depending on fertilizer cost."
1140,ZM,Animal Draft Zero-Tillage,other,Kwacha,5.0,2.40,,,,,116.0,,,,,116.0,2,,,13.8,8.0,88.4,,,,110.2,9,,,POSITIVE,POSITIVE,VERYPOSITIVE,VERYPOSITIVE,The weed control method is the main determinate factor depending on whether the farmer uses hand hoe or herbicides. Weed densities are higher in unploughed fields increasing the labour requirements/costs by a factor of about 5 if hand weeding is used instead of herbicides. Another major cost is that of fertilizer which makes up about half the cost hence the total cost will vary significantly depending on fertilizer cost.
1141,BF,Ados,other,F CFA,500.0,8.00,,,,0.08,0.06,,,0.08,,0.22,5,,,0.24,0.0,,,,,0.24,4,,,VERYPOSITIVE,VERYPOSITIVE,VERYPOSITIVE,VERYPOSITIVE,La main d’œuvre constitue le facteur le plus déterminant des coûts de construction et d’entretien. Elle est suivie du coût de l’équipement
1142,BF,Bouli,other,F CFA,500.0,8.00,,,,4.0,10.08,,,7.0,,21.08,5,,,0.2,2.04,,,0.7,,2.94,5,,,VERYPOSITIVE,VERYPOSITIVE,VERYPOSITIVE,VERYPOSITIVE,Le coût des machines (Bulldozer) et les coûts de transport sont essentiellement les composantes les plus importantes des coûts de construction des Boulis. Il y a aussi une main-d'oeuvre importante à mobiliser.
1143,OM,Mulching and drip irrigation for banana,USD,,,,,,,,,,,,,,0,,,,,,,,,,0,,,POSITIVE,POSITIVE,POSITIVE,POSITIVE,Soil and the residue to be removed from the ground during
1144,BF,Bassin de captage des eaux de ruissellement,other,F CFA,500.0,8.00,,,,0.6,0.01,,,0.44000000000000006,,1.05,5,,,0.04,0.0,,,0.12000000000000001,,0.16,4,,,POSITIVE,POSITIVE,VERYPOSITIVE,VERYPOSITIVE,
1145,NP,Use of Panchhagavya for Plant Protection,,,,,,,,,,,,,,,0,,,,,,,,,,0,,,NEUTRAL,NEUTRAL,NEUTRAL,SLIGHTLYPOSITIVE,Fertilizers are found everywhere and is cheap but the properties of Panchhagavya requires a lot of products and takes around 30 days which makes it costly.
1146,KE,"Agroforestry system (intercropping beans/maize) with contour ditches, strips of Napier grass, manure and organic fertilizers.",other,Kenyan Schellings,85.9,2.00,,,,2.87,28.46,0.07,,,,31.4,7,,,0.96,0.03,,0.14,,0.18,1.31,10,,,SLIGHTLYNEGATIVE,SLIGHTLYPOSITIVE,SLIGHTLYPOSITIVE,POSITIVE,"The main environmental constrain is water, in particular during dry season; An important cost is labour required to maintain all the SWC measures."
1147,BI,Système agroforestier de Gitega,other,FBU,1540.0,2000.00,,,,,,161.67000000000002,,,,161.67,6,,,593.51,129.87,,,,129.87,853.25,6,,,POSITIVE,POSITIVE,VERYPOSITIVE,POSITIVE,"Variété, main d'oeuvre, type d'engrais"
1148,BI,Courbes de niveau,other,Francs burundais,1200.0,2000.00,,,,249.16,206.67000000000002,158.33,90.0,166.67000000000002,375.0,1245.83,19,,,95.0,260.83,,25.0,,113.33,494.16,13,,,SLIGHTLYPOSITIVE,SLIGHTLYPOSITIVE,POSITIVE,POSITIVE,"Les facteurs influençant le coût de production sont notamment : pente forte, la texture du sol ainsi que la disponibilité de la main d'oeuvre."
1150,TJ,Crop rotation including annual crops and Esparcet cultivation,USD,,,12.40,,,,6.2,66.3,153.2,,,,225.7,6,,,1236.8300000000002,45.6,,,,,1282.43,3,,,POSITIVE,VERYPOSITIVE,VERYPOSITIVE,VERYPOSITIVE,"The most determinate factor is theoretically the cost to harvest the Esparcet. Labour input is not based on money, but on mutual support among the farmers. So the farmer will have to work on plots of other farmers to compensate the support he gets. Besides, seeds and tractor renting are the most expensive aspects of Esparcet cultivation."
1151,UG,Grass strips,other,Ug Shillings,2600.0,0.70,,,,,0.0,,,,0.0,0.0,3,,,0.0,0.0,,,,,0.0,2,,,SLIGHTLYNEGATIVE,POSITIVE,SLIGHTLYPOSITIVE,POSITIVE,There is cheap hired labour and the slope is not so steep
1152,TZ,Natural forest conservation using apiaries,USD,,,1.25,,,,126.0,1275.0,60.0,,,,1461.0,5,,,107.0,,,,,,107.0,3,,,SLIGHTLYNEGATIVE,POSITIVE,POSITIVE,POSITIVE,High prices of equpipment an (especially box hives) and labour
1153,UG,Ficus Natalensis Agroforestry System,other,Ushs,2500.0,2.00,,,,0.02,0.0,0.01,,,,0.03,7,,,0.01,0.0,,,,,0.01,5,,,POSITIVE,VERYPOSITIVE,POSITIVE,VERYPOSITIVE,"The most important factor affecting cost is labor to transport the bulky stem cuttings to the site.  However, Ficus Natalensis is easy to establish and is durable (over 100 years) depending on management. It is extremely hardy and when it grows to 50cm to 100cm stem diameter it can be used for timber or to make dugout canoes.  Establishment costs are easily recovered."
1154,TZ,FISH POND MANURING USING CRIB METHOD,other,Tanzania shilling,1600.0,1.25,unit,Fishpond,,0.14,0.1,,0.04,,,0.28,8,,,0.0,0.01,,0.04,,0.0,0.05,7,,,POSITIVE,POSITIVE,POSITIVE,POSITIVE,"labour especially during excavations(establishment phase)
cowdung when the land user buys instead of obtaining from the homestead/kraal"
1155,TZ,Hedge rows tree planting,USD,,,1.25,unit,shamba,,6.52,11.259999999999998,3.13,,,,20.91,5,,,18.75,,,,,,18.75,2,,,POSITIVE,POSITIVE,POSITIVE,POSITIVE,
1156,TZ,Taungya systems for forest management,other,Tanzania shilling,1600.0,1.25,,,,250.0,37.5,282.81,,,,570.31,5,,,212.5,,,,,,212.5,4,,,POSITIVE,SLIGHTLYNEGATIVE,POSITIVE,POSITIVE,high labour especially during establishment and repeated tending of crops and trees
1157,TZ,Indigenous water collecting pond and livestock watering trough,other,Tanzanian shillings,1600.0,3.13,,,,0.01,0.02,,,0.02,,0.05,7,,,0.43999999999999995,0.01,,,0.15000000000000002,,0.6,8,,,POSITIVE,POSITIVE,POSITIVE,POSITIVE,Labour is the most determinant factor affecting the costs
1158,TJ,Current feed grain cultivation,other,Somoni,4.83,12.40,,,,,,,,,,,0,,,52.4,4.38,,1.88,,,58.66,9,,,,,,,Agricultural inputs as seeds and fertilizer are the most expensive
1159,KE,Agroforestry land use in bench terraces with cut-off and infiltration ditches and Napier grass strips.,other,Kenyan Schellings,85.9,2.00,,,,16.37,8.13,1.4900000000000002,,,8.13,34.12,11,,,1.08,,0.39,,,0.41000000000000003,1.88,12,,,SLIGHTLYNEGATIVE,SLIGHTLYPOSITIVE,SLIGHTLYPOSITIVE,POSITIVE,"In the farmer's opinion, the main constrains are the costs carried out to maintain the structural measures described. Water instead become the limiting environmental factor during dry season."
1160,RW,Banana manure pits and mulching,USD,,,1.70,,,,377.0,30.0,937.5,650.0,,,1994.5,4,,,67.0,,,,,,67.0,2,,,SLIGHTLYNEGATIVE,SLIGHTLYPOSITIVE,VERYPOSITIVE,VERYPOSITIVE,"The labor affects most the cost of this technology. However, suckers or planting materials could increase the cost if not readily available at farm gate or in the neighborhood."
1161,UG,Mulching,,,,,,,,,,,,,,,3,,,,,,,,,,3,,,,,,,"Labor was also expensive , which affects the cost.eg. for cutting grass for mulching."
1162,ES,Cover crops in organic vineyard,other,euro,1.34,46.90,,,,105.0,38.4,264.5,,,,407.9,3,,,105.0,38.4,84.5,,,,227.9,3,,,NEUTRAL,NEUTRAL,SLIGHTLYPOSITIVE,SLIGHTLYPOSITIVE,Labour and price of B. distachyon seeds as it is not a commercial seed.
1163,HN,Siembra en contorno,other,lempira,13.0,1.40,,,,,,,,,,,0,,,,,,,,,,0,,,SLIGHTLYPOSITIVE,POSITIVE,POSITIVE,POSITIVE,El único factor es la mano de obra necesaria para establecer los surcos por primera vez.
1164,HN,Aporque alto y continuo,other,lempira,13.0,1.40,,,,,,,,,,,0,,,,,,,,,,0,,,POSITIVE,POSITIVE,POSITIVE,POSITIVE,El  factor determinante es la mano de obra necesaria para establecer los surcos y realizar el aporque cada ciclo.
1165,NI,Cultivo en callejones de Madero Negro,other,Córdobas,12.5,2.00,,,,1.6,,3.84,,,,5.44,2,,,2.24,,,1.6,,,3.84,2,,,NEGATIVE,SLIGHTLYNEGATIVE,POSITIVE,POSITIVE,Mano de obra (podas)
1166,SN,Agroforestry homegarden,other,CFA,455.0,,,,,,,,,,,,0,,,,,0.07,,,0.1,0.17,2,,,POSITIVE,POSITIVE,VERYPOSITIVE,,rainfall regime: water for irrigation needed during dry season
1167,SN,Agroforestry parkland,,,,,,,,,,,,,,,1,,,,,,,,,,0,,,SLIGHTLYPOSITIVE,SLIGHTLYPOSITIVE,VERYPOSITIVE,VERYPOSITIVE,
1168,SN,Arboriculture in interdunal depression,,,,,,,,,,,,,,,0,,,,,,,,,,0,,,SLIGHTLYNEGATIVE,NEUTRAL,SLIGHTLYPOSITIVE,SLIGHTLYPOSITIVE,
1169,UG,Fallowing,other,Shillings,2600.0,1.20,,,,,0.0,,,,,0.0,3,,,0.0,0.0,,,,,0.0,2,,,,NEUTRAL,,SLIGHTLYPOSITIVE,Soil depth is hard to reach because of stony soils.
1170,UG,Intercropping,,,,,,,,,,,,,,,2,,,,,,,,,,2,,,,SLIGHTLYPOSITIVE,NEGATIVE,,Labour was expensive due to compaction of soil present by then.
1171,BD,Usage of Gher boundary for cropping,other,Taka,79.0,,,,,19.62,0.63,,0.06,,,20.31,5,,,0.25,,,,,,0.25,1,,,VERYPOSITIVE,VERYPOSITIVE,SLIGHTLYPOSITIVE,SLIGHTLYPOSITIVE,Availability of labour
1172,TJ,Current agroforesty of an apple orchard with wheat cropping,other,Somoni,4.83,12.40,,,,128.59,3.44,257.18,,,,389.21,3,,,137.43,13.71,17.14,,,213.19,381.47,9,,,,,,,"Labour affects the cost the most, secondly the seedlings (which were subsidised)."
1173,ES,Cover crops on olive orchards,other,Euro,0.75,48.00,,,,36.0,,333.33000000000004,,,,369.33,4,,,24.0,,,,,,24.0,1,,,SLIGHTLYNEGATIVE,NEUTRAL,VERYPOSITIVE,POSITIVE,"Seed quality, seed predation, drought, etc."
1174,YE,Flat Contour Terraces,USD,,,7.00,,,,4220.8,232.5,,,,,4453.3,5,,,150.0,98.6,,,,,248.6,5,,,SLIGHTLYNEGATIVE,POSITIVE,POSITIVE,VERYPOSITIVE,"Collecting and transporting stones
Severe slopes"
1175,KZ,Fallow restoration by no-tillage seeding,USD,,,,,,,2546,6311,16868.0,,,203,25928.0,6,,,,,,,,,,0,,,SLIGHTLYPOSITIVE,VERYPOSITIVE,VERYPOSITIVE,VERYPOSITIVE,purchase of seeds
1176,BF,Cordons pierreux isohypses/diguettes/demi lunes /labour/ terres /,other,Franc CFA,447.0,2.25,,,,0.14,1.3,,,,,1.44,4,,,0.22,,,,,,0.22,1,,,SLIGHTLYPOSITIVE,POSITIVE,VERYPOSITIVE,POSITIVE,"Le facteur le plus déterminant est la qualité de la terre. Plus celle si est dure, plus l’excavation des pierres, la réalisation de la fosse fumière, et le creusement des poquets et des demi lunes devient difficile."
1177,TZ,Buhaya agroforestry system,USD,,,1.60,,,,758.5699999999999,53.64,285.50000000000006,,,,1097.71,16,,,740.63,,52.33,,,2.88,795.84,9,,,SLIGHTLYPOSITIVE,SLIGHTLYPOSITIVE,POSITIVE,POSITIVE,"The most determinate factor affecting the cost is labour. This is because the technology is labour intensive, while labour force is inadequate."
1178,UG,Calliandra contour hedges,other,UGX,2602.0,3.80,,,,0.02,0.01,0.01,,,,0.04,4,,,0.01,0.01,0.0,,,,0.02,4,,,NEGATIVE,NEGATIVE,VERYPOSITIVE,POSITIVE,"The cost of seedlings (0.20 US$ each) and their transport up along steep slopes are the key factors affecting costs and hindering spontaneous adoption of the technology.  Otherwise, the technology is acceptable to farmers as benefits are easily visible in the short run."
1179,NP,Biological Waste Water Treatment Plant,other,Rupees,103.0,,,,,53.44,,,,45.31,14.27,113.02,7,,,,,,,,,,0,,,,POSITIVE,SLIGHTLYPOSITIVE,VERYPOSITIVE,The most determinate factor affecting the cost is the labour cost.
1180,NP,Mulberry cultivation for silkworm,other,Nepalese rupee,103.0,200,,,,31.06,1.46,1.36,2.43,,,36.31,5,,,0.19,,,,,,0.19,1,,,,SLIGHTLYNEGATIVE,NEUTRAL,,The most determinate factor affectinfg the cost is labour for bringing plants Khopasi.
1181,BI,Terrasses radicales avec des herbes fourragères et agroforesterie,other,Francs Burundais,1200.0,1.70,,,,1061.14,3500.0,639.0099999999999,,125.5,830.0,6155.65,17,,,350.0,30.0,456.0,570.0,,,1406.0,9,,,POSITIVE,NEGATIVE,VERYPOSITIVE,VERYPOSITIVE,Pente et coût élevé des personnes affectées à cette activité
1182,BF,Zaï forestier,other,Franc CFA,500.0,8.00,,,,0.24,0.19,,0.2,,,0.63,3,,,0.02,0.01,,,,,0.03,2,,,VERYPOSITIVE,VERYPOSITIVE,VERYPOSITIVE,VERYPOSITIVE,"Le coût de la main d’œuvre, de l’équipement nécessaire ainsi que le coût de la fumure constituent les principaux déterminants des coûts de mise en œuvre de cette technologie."
1183,TZ,Improved Kibanja cropping system,USD,,,1,,,,242.75,61.56,53.26,1875.0,,2234.6,4467.17,6,,,122.88,7.5,,974.98,375.0,1734.29,3214.65,9,,,SLIGHTLYPOSITIVE,POSITIVE,VERYPOSITIVE,VERYPOSITIVE,Manure is most determinate factor high transportation cost especially during establishment
1184,TZ,Enhanced mulching in banana and coffee plantation,USD,,,1.25,,,,,,,,,,,0,,,25.0,,,,117.0,,142.0,2,,,,SLIGHTLYNEGATIVE,,POSITIVE,Cost of purchasing mulch grass is the most determinate factor. Mostly due to long distance to fetch the grass and the scatered nature due to degradation and encroachment by tree planting.
1185,BF,Tapis herbacé,other,Franc CFA,500.0,8.00,,,,0.32,0.52,0.05,,,,0.89,4,,,0.2,,0.01,,,,0.21,2,,,VERYPOSITIVE,VERYPOSITIVE,VERYPOSITIVE,VERYPOSITIVE,Le coût des machines (Bulldozer et tracteur) sont essentiellement les composantes les plus importantes des coûts d’adoption de tapis herbacé. Le coût de la main d’œuvre est aussi un facteur important de la constitution des coûts d’adoption de la technologie
1186,PT,Post-fire Forest Residue Mulch,other,Euro,0.78,64.00,,,,246.15,65.64,,,,476.54,788.33,4,,,,,,,,,,0,,,POSITIVE,SLIGHTLYPOSITIVE,NEUTRAL,SLIGHTLYPOSITIVE,"Accessibility and  steepness will raise the costs, but selecting forest residues with lower densities as well as applying them in horizontal strips along the slope can reduce the application rates and the costs.
For large and inaccessible areas some researchers indicated that helicopters can reduce the costs."
1187,ZM,Strip Tillage Conservation Farming,USD,,,2.40,,,,,580.0,,,,,580.0,2,,,59.0,40.0,50.0,350.0,42.0,80.0,621.0,11,,,POSITIVE,POSITIVE,VERYPOSITIVE,VERYPOSITIVE,The weed control method employed is the main determinate factor depending on whether the farmer uses hand hoe or herbicides for weeding. Weed densities are higher in unploughed fields increasing the labour requirements/costs by a factor of about 5 if hand weeding is used instead of herbicides. Another major recurrent cost is that of fertilizer which makes up about half the cost hence the total cost will vary significantly depending on fertilizer cost.
1188,UG,Zero grazing,other,UGX,2600.0,3.85,,,,0.04,0.04,,,0.11,0.07,0.26,5,,,0.01,0.0,,,0.0,0.01,0.02,5,,,NEGATIVE,POSITIVE,VERYPOSITIVE,VERYPOSITIVE,"The most determinate factors in the establishment of the technology are: labour for planting, maintaining and cutting grass and other pastures and carrying the fodder to the zero-grazing unit;  labour for fetching water for the animals; and labour for removing and composting manure and spreading into the garden."
1189,UZ,Irrigation using shortened furrows and regulated use of mineral fertilizers,other,Uzbek soum,2203.0,7.00,,,,,,,,,,,0,,,,,,,,,,0,,,POSITIVE,POSITIVE,POSITIVE,POSITIVE,It is necessary to cut an additional transverse furrow (to discharge water to another irrigated area) so that the distance along the length of the irrigated area does not exceed 50-70-80 meters.
1190,BI,Protection de la zone tampon par une plantation communautaire,other,Franc Burundais,1540.0,1.16,,,,5990.26,1717.53,,500.00000000000006,,6493.51,14701.3,13,,,3246.75,266.23,,,,,3512.98,3,,,POSITIVE,POSITIVE,POSITIVE,POSITIVE,Le coût de la main d'oeuvre et la superficie de la zone tampon à protéger
1191,TZ,In situ mulching of coffee using Cordia Abbysinica,other,Tanzanian shillings,1600.0,3000.00,,,,1.57,0.01,0.06,,,,1.64,4,,,0.04,,0.02,,,,0.06,2,,,POSITIVE,POSITIVE,VERYPOSITIVE,VERYPOSITIVE,Labour
1192,ET,Teff row planting,other,ETH BIRR,20.0,3.00,,,,,3.55,,,,,3.55,1,,,15.9,13.3,7.73,,,,36.93,4,,,POSITIVE,SLIGHTLYPOSITIVE,VERYPOSITIVE,POSITIVE,"The implementation costs are subject to change due to fluctuation in seasonal labor demand, price of fertilizer, price of iron to construct seed drill, and inflation"
1193,CH,Terasses used for hay production and grazing,other,CHF,1.0,200.00,,,,8000.0,552000.0,,,,,560000.0,5,,,,,,,,,,0,,,,,,,
1194,NP,Oyster Mushroom,other,Rupees,90.0,5.00,,,,,,,,24.560000000000002,,24.56,6,,,1.67,,,,,,1.67,1,,,POSITIVE,POSITIVE,SLIGHTLYPOSITIVE,POSITIVE,Labour should be managed properly.
1195,MA,Plantation d’arbres fruitiers avec mesures de contrôle de l’érosion,other,Dirham,8.5,9.41,area,Les coûts mentionnés émanent des travaux réalisés en 2009 et comptabilisés à l'unité. Ils sont rapportés à l'ha sur la base d'un espacement de 6 m sur 6 m et 270 plants/ha. Les coûts de creusement du puits et des équipements de pompage n'ont pas été rapportés à l'ha. En principe un puits suffit pour l'irrigation de 4 à 5 ha.,,35.4,825.93,27.65,,11.07,,900.05,10,,,190.73,18.41,138.57,,,22.92,370.63,8,,,NEUTRAL,NEUTRAL,POSITIVE,POSITIVE,"Les facteurs les plus déterminants pour les coûts sont essentiellement: le type du sol (sol squelettique et roche mère dure et affleurante), terrain accidenté (pente élevée), période de haute activité et haute demande pour la main d'ouvre (moisson...)"
1196,MA,Plantation Sylvo pastorales,other,Dirham,8.0,100,,,,31221.530000000002,,6821.52,,11000.0,22.5,49065.55,9,,,15200.0,,,,,2893.31,18093.31,5,,,SLIGHTLYPOSITIVE,SLIGHTLYPOSITIVE,VERYPOSITIVE,VERYPOSITIVE,L'eau; la topographie  et les conditions climatiques de la zone et la main d'oeuve
1197,ET,Soil faced deep trench bunds,other,Birr,18.0,2.50,,,,117.72,2.44,2.0,,,,122.16,3,,,46.28,,,,,,46.28,1,,,POSITIVE,POSITIVE,POSITIVE,VERYPOSITIVE,"Labour, slope, landuse, soil depth."
1198,AF,Alfalfa intercropping in terraced fruit orchard,other,Afghani,57.0,400,,,,2807.02,,2543.86,,,,5350.88,3,,,,,,224.56,,,224.56,1,,,NEGATIVE,SLIGHTLYNEGATIVE,VERYPOSITIVE,VERYPOSITIVE,Labour for construction work is the most determinate factor affection costs.
1199,TZ,"Grass mulch combined with cow dung, Triple Supper Phosphate and Calcium Ammonium Nitrate in maize production.",other,Tshs,1700.0,1.76,,,,,0.05,,,,,0.05,4,,,0.32,0.0,0.3,0.43,,0.05,1.1,16,,,SLIGHTLYNEGATIVE,VERYNEGATIVE,VERYPOSITIVE,SLIGHTLYPOSITIVE,The most determinate factor is light labor (US$ 641.53).
1200,TZ,"Contour bund combined with lemon grass, pineaples. grass mulch and manure in banana beans intercrop production.",other,Tanzanain shiling,1700.0,1.76,,,,0.15,0.01,0.16,0.51,,,0.83,4,,,0.16,,0.07,,,0.11,0.34,3,,,NEGATIVE,VERYNEGATIVE,SLIGHTLYPOSITIVE,SLIGHTLYPOSITIVE,The most determinate factor affecting the cost is Farm Yard manures US$ 441.18 which is the maintenance cost especially for soil nutrient maintenance.
1201,TZ,Integrated agronomic measure for sustainable cassava production in convex sloppy landform,other,Tanzanian shillings,1700.0,1.50,,,,,0.06,,,,,0.06,3,,,0.12,,0.13,0.35,,0.02,0.62,10,,,POSITIVE,POSITIVE,VERYPOSITIVE,VERYPOSITIVE,Manuring is the most determinant factor affecting the costs.
1202,NP,Improved Stove for household cooking use,,,,,,,,,,,,,,,1,,,,,,,,,,0,,,SLIGHTLYPOSITIVE,NEUTRAL,POSITIVE,NEUTRAL,Labour Skills: Initially the skilled people were hired to construct the stove and then the skills were acquired by the villagers so thet they can themselve make it onwards.The raw materials required were locally available which reduced the cost.
1204,TZ,Soil productivity improvement and BXW control in epidemically affected banana zone,USD,,,2.353,,,,77.06,76.47,412.82,441.17,,47.06,1054.58,13,,,203.82999999999998,,158.82,211.76,56.480000000000004,194.13,825.02,15,,,SLIGHTLYPOSITIVE,SLIGHTLYPOSITIVE,VERYPOSITIVE,VERYPOSITIVE,Manure is the most determinant factor
1205,CL,Uso de enmiendas orgánicas en el suelo,other,CLP,472.6,,,,,,,,4.48,,,4.48,1,,,8.95,2.24,,,,,11.19,3,,,POSITIVE,POSITIVE,,,
1206,GR,Integrated water-harvesting and livestock water-point system,other,euro,0.77,,,,,3720.78,753.25,,,7694.799999999999,,12168.83,6,,,64.94,,,,,,64.94,1,,,NEGATIVE,POSITIVE,POSITIVE,POSITIVE,"Costs mainly depend on the well/tank contraction and the accessibility of the construction area (slope, proximity to road network, etc.)"
1207,TZ,Multiplier fertilization of banana using small ruminants in Kibanja farming system,other,Tanzanian shillings,1700.0,1.20,,,,,0.01,,,0.02,0.12,0.15,3,,,0.10999999999999999,,,0.03,,0.02,0.16,6,,,POSITIVE,POSITIVE,VERYPOSITIVE,VERYPOSITIVE,Labour is the most determinant factor affecting the costs.
1208,TZ,"Contour band combined with Sessebania sessebani, beans, manure and trashlines in banana production.",other,Tshs,1700.0,1.76,,,,0.0,0.01,0.0,,,,0.01,6,,,0.02,,0.01,0.03,,0.02,0.08,9,,,SLIGHTLYNEGATIVE,SLIGHTLYPOSITIVE,VERYPOSITIVE,VERYPOSITIVE,The most determinate factor is labour (US$ 308.25/799.92).
1209,IT,Pasture manuring (application of manure from shelter),other,euro,0.74,81.08,,,,,,,,,,,0,,,4765.92,,,,,,4765.92,3,,,,NEUTRAL,,NEUTRAL,"Assuming that the production of manure (as described above) happens on farm, the critical point of the application of the technique is the availability of equipment for spreading. The largest farms buy the equipment spending from 35,000 to 40,000 euro depending on the machines’ working capacities. The smaller farms (which represent the vast majority) rent this equipment (from third parties) twice a year at an overall cost of around €70 an hour."
1210,IT,Ploughing and seeding of fodder species to recover degraded grazing areas,other,euro,0.74,,,,,73.04,365.23,273.92,,,,712.19,3,,,,,,,,,,0,,,SLIGHTLYNEGATIVE,SLIGHTLYNEGATIVE,SLIGHTLYPOSITIVE,SLIGHTLYNEGATIVE,"The most determinate factor affecting costs of the technique is the availability of equipment for spreading. The largest farms buy the equipment spending from 35,000 to 40,000 euro depending on the machines’ working capacities. The smaller farms (which represent the vast majority) rent this equipment at a cost of around €50 an hour."
1212,KE,Coffee Agroforestry,,,,,,,,,,,,,,,4,,,,,,,,,,4,,,POSITIVE,POSITIVE,POSITIVE,POSITIVE,labour
1213,TZ,Adapted combination of technologies in improved cassava production,other,Tanzanian shillings,1700.0,1.17,,,,0.04,0.12,0.1,,,,0.26,5,,,0.08,,0.13,0.08,,0.07999999999999999,0.37,12,,,SLIGHTLYPOSITIVE,SLIGHTLYPOSITIVE,VERYPOSITIVE,VERYPOSITIVE,Manure application is the most cost determinant factor
1214,IT,Cutting of Ferns in degraded pastures to use as litter and fodder,other,euro,0.74,81.08,,,,,,,,,,,0,,,219.14,146.08,,,,,365.22,2,,,SLIGHTLYNEGATIVE,VERYPOSITIVE,VERYPOSITIVE,VERYPOSITIVE,"The technique does not require specific investment given that the necessary equipment is usually already available on farm in the case of medium to large size livestock farms. The work is carried out in autumn when the machinery are not generally in use as haying operations are usually finished in the summer months.
If the farm does not own suitable machinery it can be rented at a cost of €40 per hour."
1215,TZ,Contour ditches  combined with manures and mulch grass in banana production.,USD,,,2.64,,,,609.45,114.71,420.17,756.3,,,1900.63,4,,,416.91,,88.24,693.28,,,1198.43,4,,,NEUTRAL,NEGATIVE,VERYPOSITIVE,POSITIVE,The most determinate factor affecting the cost is labour
1216,TZ,Slope cross barier in banana combined with common agronomical measures production,USD,,,1.88,,,,541.18,134.31,2032.4,823.53,,,3531.42,4,,,153.73,,1.96,196.08,,,351.77,3,,,NEGATIVE,SLIGHTLYPOSITIVE,VERYPOSITIVE,NEUTRAL,
1217,IT,Continuous soil cover on croplands,other,Euro €,0.8,21.00,,,,,,,,,,,0,,,,1143.12,476.87,473.75,,,2093.74,10,,,,SLIGHTLYNEGATIVE,,SLIGHTLYPOSITIVE,"Although machinery costs are the largest part of total ones, they are almost completely the same for systems adopting - or non adopting - the technology. As a result, additional seeds as cover crop and field labour for sowing are the main costs for implementation of the technology."
1218,KH,Compost application on rice fields,USD,,,5.00,,,,20.0,,,,51.0,,71.0,4,,,140.0,,,,,,140.0,1,,,NEUTRAL,NEUTRAL,POSITIVE,POSITIVE,"Cost are affected by the availability of material to build the compost house (bricks, roof, etc.), which can be used long term. 
Locally available, free material (sugar palm leaves for the roof, straw and clay for the walls) can be used as well, but it decays more quickly than the material used in this case-study (more recurrent maintenance activities). 
The transport of manure to the fields is also an important expense. It is often done with the ox carts. As nearly all families owning oxen have a cart for different uses (firewood and product transportation), it is difficult to calculate this cost"
1219,NE,Zai or tassa planting pits,other,CFA Franc,,,,,,,,,,,,,4,,,,,,,,,,0,,,POSITIVE,VERYPOSITIVE,VERYPOSITIVE,VERYPOSITIVE,"Labour: 40 to 60 man-days per hectare
•  marking out the rows perpendicular to the slope
•  digging pits in staggered rows
•  forming a ridge on the downhill side
•  applying organic fertiliser every two years (1 to 2 handfuls per pit, amounting to around 3 tonnes per hectare).
Other costs: transportation of 30 cartloads of manure."
1220,BF,Use of organic matter (manure and compost),,,,,,,,,,,,,,,0,,,,,,,,,,0,,,POSITIVE,VERYPOSITIVE,VERYPOSITIVE,VERYPOSITIVE,"Production of compost:
•  constructing pits or basins
•  water
•  equipment (shovel, wheelbarrow, etc.).
Use of compost:
•  transportation to plot by cart (100 kg of manure per donkey cartload)
•  transportation to plot in head baskets (20 kg of manure per basket)
•  spreading the compost on the plot (labour)."
1221,TZ,Soil productivity improvement using a combination of technologies,other,Tanzanian shillings,1700.0,1.18,,,,0.42,0.05,0.05,0.03,,,0.55,6,,,,0.0,0.01,0.01,,,0.02,5,,,SLIGHTLYNEGATIVE,SLIGHTLYNEGATIVE,VERYPOSITIVE,VERYPOSITIVE,Labour is the most determinant factor.
1222,NE,Mulching,,,,,,,,,,,,,,,0,,,,,,,,,,0,,,POSITIVE,POSITIVE,POSITIVE,POSITIVE,"•  Labour for mulching: 1.5 man-days per ha.
•  Straw for mulching: (2 t per ha per year)"
1223,KH,Mulching with water hyacinth (Eichhornia crassipes) after the monsoon floods.,,,,5.00,,,,,,,,,,,5,,,,,,,,,,2,,,VERYNEGATIVE,VERYPOSITIVE,VERYPOSITIVE,VERYPOSITIVE,"The factor affecting the costs the most is the availability of cheap equipment. For the recurrent activities the labour costs were calculated as if he hired someone, but he does all by himself. The work is strenuous, as he has to walk in water and trough the water hyacinths."
1224,KH,Adapted System of Rice Intensification (SRI) principles in Kampong Chhnang,,,,4.50,,,,,,,,,,,1,,,,,,,,,,5,,,POSITIVE,POSITIVE,VERYPOSITIVE,VERYPOSITIVE,The factor affecting the costs the most is the labour. SRI is labour intensive; the farmer needs twice as much time for a SRI field than for a conventional field. This is the reason he makes only a few of the steps he was taught 10 years ago by SOFDEC.
1225,IT,Conservation agriculture,other,Euro €,0.8,110.00,,,,,,,,,,,0,,,480.0,373.12,238.12,358.75,,,1449.99,7,,,NEGATIVE,NEUTRAL,SLIGHTLYPOSITIVE,POSITIVE,"Costs are mostly affected by field labours, although they are considerably lower than under conventional tillage practices. They do not include initial investments since usually farmers to rely on agricultural contractors. As a result, intial investements are borne by agricultural contractors (e.g. sod seeding machinery, which costs 35000$, on average)."
1226,NP,Mulberry cultivation for silkworm,USD,,,,,,,,,,,,,,0,,,,20.0,,,,,20.0,1,,,,SLIGHTLYNEGATIVE,NEUTRAL,,"The most determinate factor affecting the cost is labour for bringing plants from khopasi, quality of mulberry leaves, quality of silkworm etc."
1227,IT,Crop rotation with legumes,other,Euro €,0.8,21.00,,,,,,,,,,,0,,,,778.74,238.12,663.75,,,1680.61,7,,,,NEUTRAL,,POSITIVE,"Costs consider a three-year crop rotation with a succession of maize, wheat and soybean. There are not establishment inputs and costs because all the costs are recurrent. Main expenses are for machinery and fertilisations"
1228,ML,Using organic fertilizers on small-scale irrigation plots,,,,,,,,,,,,,,,0,,,,,,,,,,0,,,POSITIVE,VERYPOSITIVE,VERYPOSITIVE,VERYPOSITIVE,"Production costs are low given that the local materials involved are available freely or at very low cost.  This activity requires basic equipment (cart, wheelbarrow) to transport the organic 
matter."
1229,KH,Production and use of rice husk biochar in rice seed beds and vegetable production.,other,Riels,4000.0,5.00,,,,,0.01,,,,,0.01,1,,,0.01,0.0,0.0,,,,0.01,3,,,SLIGHTLYPOSITIVE,POSITIVE,POSITIVE,,"The factors affecting the cost the most are the biochar kiln, and the amount of added Biochar."
1230,IT,Agroforestry system,other,Euro €,0.8,21.00,,,,1938.75,317.5,218.75,26.25,,,2501.25,7,,,1375.0,,,,,,1375.0,2,,,SLIGHTLYNEGATIVE,NEGATIVE,,SLIGHTLYPOSITIVE,"The establishment of SLT is the most determinate factor affecting the costs, particularly soil preparation and mulching."
1231,NP,Fodder cultivation,other,Rupees,97.0,500,,,,537.9499999999999,15.46,1340.2099999999998,347.93999999999994,,,2241.56,11,,,4.12,4.12,3.09,,,,11.33,3,,,SLIGHTLYPOSITIVE,NEUTRAL,POSITIVE,VERYPOSITIVE,Tthe labour and the cost  for seeding. The manure requried is prepared naturally
1232,TZ,"Cross slope berier characterised with furrow, bund, cajanus cajan, pinepples, farm yard manures and grass mulch in banana production",other,TShs.,1700.0,2.06,,,,1.0,0.0,0.26,,,,1.26,3,,,0.12,,,,,,0.12,1,,,SLIGHTLYNEGATIVE,SLIGHTLYNEGATIVE,POSITIVE,SLIGHTLYPOSITIVE,The most determinate factors are labour light indicating the technology to be labour intensive in nature.
1233,NP,Khuwa making by the use of Improved stove,USD,,-1.0,,unit,improved stove,,68.98,284.09,,,,,353.07,2,,,3.44,,,,,,3.44,1,,,NEUTRAL,,NEUTRAL,,"Milk fat determines the cost of the milk.Transportation fee, labor cost & distribution of khuwa(milk products) affect the cost."
1235,NP,Bio Gas,,,,,,,,,,,,,,,2,,,,,,,,,,0,,,SLIGHTLYPOSITIVE,POSITIVE,POSITIVE,NEUTRAL,"1) Size of biogas plant 
2) Materials required to build the plant
3) Labour Cost"
1236,NP,Vermi compost technology,USD,,,,,,,,76.8,,,,,76.8,3,,,3.0,,,,,,3.0,3,,,POSITIVE,SLIGHTLYPOSITIVE,POSITIVE,SLIGHTLYPOSITIVE,The number of earthworm used for composting affect the cost.
1237,BO,Revalorización de saberes ancestrales para la siembra de quinua,other,Bolivianos,6.96,,,,,,,51.72,,,,51.72,1,,,,,,,,,,0,,,,,,,
1243,KE,Fanya Juu Terraces - Nappier grass+Swetpotatoes,other,Kshs,100.0,5.00,,,,2.0,0.25,,,,0.3,2.55,3,,,1.5,1.5,,,,1.5,4.5,3,,,POSITIVE,POSITIVE,POSITIVE,POSITIVE,labour
1244,KE,Retention ditches,other,Kshs,100.0,5.00,,,,0.8,0.5,,,,,1.3,2,,,0.45,0.35,,,,,0.8,2,,,POSITIVE,POSITIVE,POSITIVE,POSITIVE,"slope of the land, labour and availability of a technical person to assist in laying down of the contours"
1245,NO,Reduced tillage: no tillage in autumn,other,NOK,8.89,1440,area,daa of arable land,{'en': '10 daa'},,,,,,,,0,,,,,,,,,,0,,Under the RMP system (Regional Environmental Programme ) farmers can apply for subsidies for changed tillage practices. The subsidies are paid after erosion risk class.,,SLIGHTLYNEGATIVE,,SLIGHTLYNEGATIVE,"The measure does not lead to any additional expenses for the land user.However, land users indicate the need for consequent Increased usage of pesticides and reduced production.

Under the RMP system (Regional Environmental Programme in agriculture) farmers can apply for subsidies for changed tillage practices. The level of subsidy are based on erosion risk of the area. Depending on erosion risk class,  farmer is entitled to ca. 20-200 kr/daa when implementing reduced autumn tillage (RMP for 2019-2022). In exposed watersheds, like those used for drinking water supply (e, g Vansjø- Hobøl catchment) farmers are obliged to implement stricter management practices to receive production support. The farmers in these catchments get higher subsidies than those in other catchments (Bechmann et al. 2016)"
1246,GR,Crop rotation for green manuring in greenhouse,other,Euro,0.93,,,,,,,,,,,,0,,,141.94,774.19,80.65,,,69.89,1066.67,4,,,SLIGHTLYNEGATIVE,SLIGHTLYNEGATIVE,POSITIVE,VERYPOSITIVE,The buying of the required machinery (The specific land user rents the required machinery)
1247,CY,Fodder provision to goats and sheep to reduce grazing pressure on natural vegetation,other,euro,0.77,38.85,,,,150.65,4661.04,554.55,,,,5366.24,4,,,302.6,,554.55,,,,857.15,2,,,VERYNEGATIVE,NEUTRAL,SLIGHTLYPOSITIVE,SLIGHTLYPOSITIVE,"Cost for applying fodder is affected by 3 factors: a) the price of the Silo which is applied only once, b) the cost of the seeds and c) the labor needed for spreading the seeds. The slope in the area where the technology is applied is steep and makes the seeding difficult."
1248,NL,Intercropping of grass and corn to increase soil organic matter,other,Euro,0.94,255.70,,,,,5667.07,,,,,5667.07,1,,,,124.68,45.34,9.64,,,179.66,3,,,NEUTRAL,NEGATIVE,SLIGHTLYPOSITIVE,NEUTRAL,"New equipment (Seeder) - The seeding and fertilizer applications are hired from a company. The company purchases the new equipment to seed between the corn rows. 
The greatest determinate factor to the land users are then the cost of hired machine hours."
1250,BR,Carbon-enrichment of tropical  agricultural soil with organic matter,other,BRL,4.0,25.00,,,,,,,,,,,0,,,1.25,41.25,,,,,42.5,3,,,SLIGHTLYNEGATIVE,SLIGHTLYNEGATIVE,POSITIVE,POSITIVE,"Amendment truck transport (0,2 ton/US$), amendment application by tractor(15 US$*ha/dia)
and tractor driver (5 US$*ha) costs.
The used organic matter amendments are cost-free. It is suggested to use cost-free materials if possible or cost–efficient materials to reduce implementation and maintenance costs. Transport of amendments is paid by tonne, independently of the type. The OM application methods (direct on the soil by hand or with harrow incorporation) did not show significant differences. For this reason only the costs for the tractor were calculated, because it is a more economic option."
1252,CL,Producción ecológica integrada,other,Peso Chileno (CLP),580.0,,,,,,,,,,,,0,,,26.72,0.74,2.4899999999999998,1.19,,14.71,45.85,8,,,,,,,
1253,MA,No-till technology,,,,,,,,,,,,,,,1,,,,,,,,,,5,,,,SLIGHTLYPOSITIVE,,VERYPOSITIVE,"Annual recurrent costs are calculated on a two years basis, including a 6-month cropping and 18-month fallow period, divided by two. The initial cost for the no-till drill is calculated – on a per hectare basis – for an average farm size of 10 ha. In this case a ‘pilot’ farmer’s case is taken, where the drill is supplied free. As with conventional drills, a new no-till drill costs US$ 6,000 but it is subsidised by up to 50% by the Government. Thus farmers can buy it for US$ 3,000 (though ‘pilot’ farmers receive it free of charge – as noted above). They have no extra costs (compared to conventional tillage) and they can share the price of the drill between them if they wish. The price of certified seeds and fertilizers, energy and equipment are the main factors affecting the costs of no-till, when subsidies are cut after the pilot phase. However, the costs of NTT are lower than for conventional farming, even when the cost of the drill is included."
1254,NL,Humic acid application,other,Euro,0.94,255.70,,,,,,,,,,,0,,,,38.48,,149.39,,,187.87,2,,,SLIGHTLYPOSITIVE,SLIGHTLYPOSITIVE,SLIGHTLYPOSITIVE,SLIGHTLYPOSITIVE,Price of product - humic acid.
1255,ES,Straw mulching to improve soil quality,USD,,800.0,80,unit,ha,,,,,,,,,1,,,,,,,,,,0,,,NEUTRAL,NEUTRAL,NEUTRAL,NEUTRAL,"The price of straw varies, depending on the quality. Transport and application will increase the cost."
1256,NL,Manure separation to better distribute organic matter at farm level,other,Euro,0.94,255.70,,,,,5659.57,,,,,5659.57,1,,,158.47000000000003,350.78,,11.32,,,520.57,8,,,,,,,Labour. Equipment.
1257,CO,Banco de forrajes,other,Pesos colombianos,1920.0,,,,,0.1,0.07,0.05,0.03,,0.11,0.36,7,,,0.01,,,,,,0.01,1,,,,,,,
1258,CL,Zanjas de Infiltración,other,Peso chileno,510.0,,,,,0.0,,,,,,0.0,1,,,,,,,,,,0,,,,,,,
1259,CH,Minimization of herbicide application in conservation agriculture,other,Swiss Franc,1.0,,,,,15.0,4500.0,,,,,4515.0,3,,,90.0,150.0,,540.0,,,780.0,4,,,NEUTRAL,POSITIVE,POSITIVE,VERYPOSITIVE,The area size of the agricultural fields is the most determinate factor affecting the costs. The smaller the application area of herbicides is the higher the costs get. To cut costs a land user needs to have a bigger area to apply herbicides on.
1261,IS,Fertilizing and re-seeding degraded rangelands,other,ISK,138.0,,,,,47.83,456.52,99.28,85.51,,,689.14,4,,,,,,,,413.04,413.04,6,,,SLIGHTLYPOSITIVE,SLIGHTLYPOSITIVE,POSITIVE,POSITIVE,"seeds, fertelizer, machinery, workers"
1264,ES,Non tillage,,,,,,,,,,,,,,,0,,,,,,,,,,0,,,,,,,
1265,ES,Natural revegetation,,,,,,,,,,,,,,,0,,,,,,,,,,0,,,,,,,There is no cost because the technology to implement is keep the system as it is after a wildfire promoting the revegetation of resprouting trees and shrubs.
1266,ES,Seedling,,,,,,,,,,,,,,,0,,,,,,,,,,0,,,,,,,Difficult accessibility and steep slopes will increase the costs for seeding.
1267,ES,Reforestation,USD,,,,area,,,,,,,,,,1,,,,,,,,,,1,,,NEUTRAL,NEUTRAL,NEUTRAL,NEUTRAL,"Costs will be affected by slope angle, soil depth which reverts in manpower and specialized machinery."
1268,ES,Catch crop,,,,,,,,,,,,,,,0,,,,,,,,,,0,,,,,,,Catch crops disponibility when the right application period and man/machine power costs.
1269,ES,Chipped branches,,,,,,,,,,,,,,,0,,,,,,,,,,0,,,,,,,
1270,BR,Minimum tillage,other,Real Brasileiro,3.06,15.00,,,,980.39,,,,,,980.39,1,,,,,,,,,,0,,,NEGATIVE,NEUTRAL,SLIGHTLYPOSITIVE,SLIGHTLYPOSITIVE,Costs are determined by the enormous field size and the soil type
1271,CH,Minimierung des Herbizideinsatzes,other,CHF,1.0,,,,,15.0,4500.0,,,,,4515.0,3,,,90.0,150.0,,540.0,,,780.0,4,,,NEUTRAL,POSITIVE,POSITIVE,VERYPOSITIVE,
1272,ES,Fitoestabilización de suelos contaminados,other,Euro (€),0.89,,,,,3171.24,1898.8700000000001,1573.03,137.08,,,6780.22,6,,,1663.64,2477.5299999999997,159.55,137.08,,825.53,5263.33,7,,,NEGATIVE,NEGATIVE,SLIGHTLYPOSITIVE,SLIGHTLYPOSITIVE,"Este coste está calculado para una densidad de plantación máxima de 980 plantas/ha. Para densidades menores los costes disminuyen considerablemente (7800 USD/ha para una densidad de 550 plantas/ha incluyendo establecimiento, mantenimiento y programa de seguimiento de la contaminación). El factor que más encarece los costes es la mano de obra, ya que la plantación de los plantones debe de hacerse de manera manual. No incluye los costes previos del diseño de las plantaciones.
En los costes de mantenimiento se ha incluido una sola repetición de la adición de enmiendas. El número de veces que esta actividad tiene que repetirse dependerá de las condiciones de pH del suelo. Igualmente, se ha considerado la realización de un solo seguimiento de las condiciones del suelo y la acumulación de la contaminación en la vegetación. Es recomendable que estas operaciones de control se realicen durante varios años para poder tomar decisiones sobre la necesidad de aplicar la adición de enmiendas."
1273,ES,Adición de enmiendas a suelos contaminados,other,Euros,0.89,66.00,,,,,225.3,,633.71,,1251.69,2110.7,5,,,,,,,,,,0,,,POSITIVE,POSITIVE,POSITIVE,POSITIVE,"El transporte es la parte más cara del proceso. Depende de la distancia a la que haya que llevar la enmienda. La capacidad del camión que suele ser unas 20Tm por lo que si es menos cuesta lo mismo y si se necesita más también .Va a ser variable la cantidad de enmienda que se añada.
Los precios de las enmiendas están dados en función de las usadas en el corredor verde. Estas enmiendas son de bajo coste. Hay veces que dependiendo de la contaminación del suelo se pueden necesitar otras enmiendas más costosas. 
Los costos fueron calculados aproximadamente usando las enmiendas y costes de otros trabajos realizados en el IRNAS. Los costes son asumidos por el propietario de la tierra que en nuestro caso de estudio es el gobierno, y no los usuarios.
El tiempo dependerá del número de hectáreas a las que haya que añadir la enmienda."
1275,BR,Terracing for soil erosion protection,other,Reais,3.2,16.00,,,,50.0,31.25,,,,,81.25,2,,,15.62,31.25,,,,,46.87,2,,,NEGATIVE,SLIGHTLYNEGATIVE,SLIGHTLYPOSITIVE,NEUTRAL,"The costs are determined by labour time, gas costs, machinery maintenance"
1276,NP,No-till garlic cultivation,USD,,,4.20,area,ha,,,,,,,,,0,,,25.4,,7.0,3.5,,15.4,51.3,6,,,,POSITIVE,,POSITIVE,
1277,VN,Water saving through reuse of  return flow in paddy fields,other,VND,20828.0,,,,,0.15,0.26,,,0.06,,0.47,5,,,0.0,0.0,,,0.0,,0.0,3,,,SLIGHTLYNEGATIVE,VERYPOSITIVE,VERYPOSITIVE,VERYPOSITIVE,Prices of the material and equipment; the approval procedure and disbursement process of the project of “Dredging and expanding Sen Pond”; the compensation cost for the farmers; the cost of operating and maintaining temporary pump; the cost of reinforcing the drainage canals.
1278,AR,"Recuperación de prácticas tradicionales de producción, como estrategia productiva con resiliencia en Yavi/Barrios",other,Peso Argentino,5.6,,,,,,,,89.29,,,89.29,2,,,,,,160.71,,,160.71,1,,,,,,,
1279,IT,Biochar application as a soil amendment,other,€,0.8,21.00,,,,,,,,,7500.0,7500.0,1,,,,,,,,,,0,,,,,,,"Currently biochar is difficultly available in the market and some estimates report a high cost (300 US $/ t). However, the application of biochar can be done once every several years. As a result, costs are mainly as an initial investment."
1280,IT,Re-introduction of organic amendments in croplands,other,€,0.8,21.00,,,,,,,,,,,0,,,210.0,,,,,,210.0,1,,,POSITIVE,POSITIVE,POSITIVE,POSITIVE,"Moving large amounts of organic amendments  of low economic value, where required. Estimated costs consist of material transportation and distribution."
1281,GR,Application of biological agents to increase crop resistance to salinity,other,Euro,0.91,,,,,,,,3551.65,,,3551.65,1,,,,,,,,,,0,,,NEGATIVE,VERYPOSITIVE,VERYPOSITIVE,VERYPOSITIVE,The only cost is the supply of the formulation with the biological agents which should be done before each growing season.
1282,EC,Mejora de la producción agrícola y optimización del uso del agua mediante de la tecnificación del riego,other,Dolar,1.0,,,,,,84.0,,,9000.0,102365.0,111449.0,5,,,,,,,30.0,180.0,210.0,2,,,,,,,
1283,CH,Bodenschonende Landnutzung mit dem On-Land-Pflug,,,,,,,,,,,,,,,1,,,,,,,,,,0,,,SLIGHTLYPOSITIVE,POSITIVE,POSITIVE,VERYPOSITIVE,
1284,CH,Pflugloser Ackerbau im Biolandbau,,,,,,,,,,,,,,,2,,,,,,,,,,0,,,SLIGHTLYNEGATIVE,,POSITIVE,,"Maschinenanschaffung. Zwar kann der Pflug für ca. 6'000.- Fr. verkauft werden, der Stoppelhobel ist jedoch teurer und der Feingrubber muss entweder gekauft oder gemietet werden."
1285,AF,Riverbank stabilization,other,Afghani,64.0,5.46,,,,0.85,,,,,24.41,25.26,2,,,,,,,,,,0,,,SLIGHTLYPOSITIVE,VERYPOSITIVE,VERYPOSITIVE,VERYPOSITIVE,"The severity of erosion, hard soil and lack of long root cuttings are the factors which effect the cost of riverbank establishment the most."
1286,SE,Water tolerant crops,other,Swedish Krona (SEK),8.14,150.00,,,,,,,,,,,0,,,,,,,,,,0,,,,,,,
1287,PH,Contour Farming using hedgerows,USD,,49.0,2.22,area,1 hectare,,28.86,,75.09,17.78,1.04,,122.77,9,122.77,,26.669999999999998,31.08,48.879999999999995,40.0,,,146.63,7,146.63,,VERYPOSITIVE,VERYPOSITIVE,VERYPOSITIVE,VERYPOSITIVE,"The slope of the area contributes to the additional labor cost in the establishment of contours.The steeper the slope, the higher labor cost will be incurred."
1288,RU,No-till crop production,,,,,,,,,,,,,,,0,,,,,,,,,,0,,,,,,,"fuel price, wages"
1289,PH,Vegetable Terracing,USD,,,3.33333,,,,533.0,13.33,,,,,546.33,2,,,313.33,,11.11,302.89,,,627.33,8,,,SLIGHTLYPOSITIVE,NEUTRAL,SLIGHTLYPOSITIVE,NEUTRAL,
1290,IT,Green cover in orchards,,,,,,,,,,,,,,,2,,,,,,,,,,3,,,POSITIVE,POSITIVE,POSITIVE,POSITIVE,Labour of grass cutting/mulching is the major cost component for SLT maintenance.
1291,IT,Root-oriented cover crops,other,€,0.9,21.00,,,,,,,,,,,0,,,,1016.0999999999999,424.44,421.11,,,1861.65,10,,,,SLIGHTLYNEGATIVE,,SLIGHTLYPOSITIVE,"Although machinery costs are the largest part of total ones, they are almost completely the same for systems adopting - or non adopting - the technology. As a result, additional seeds as cover crop and field labour for sowing are the main costs for implementation of the technology.

This technoilogy is hypothesized as an innovative application to improve the soil strructure, reduce its compaction as well as increase the SOC content. As a result, costs for maintenance and subsides were estimated on the basis of previous experiences in cover crop management. Therefore they are only hypothetical and do not correspond to a real situation."
1292,SD,Water Spreading (typical example from Hashatribab),,,,,,,,,,,,,,,2,,,,,,,,,,0,,,SLIGHTLYPOSITIVE,,POSITIVE,,The slope and depth of the wadi/ khor to be diverted
1293,BR,Biological pest control through promoting habitats for native fauna,,,,,,,,,,,,,,,6,,,,,,,,,,4,,,NEGATIVE,SLIGHTLYNEGATIVE,POSITIVE,POSITIVE,alimentos adicionais para o gado em áreas agroflorestais
1295,PH,Modified Rapid Composting,USD,,,2.22,,,,,,,,,,,0,,,26.64,,,13.33,,,39.97,3,,,POSITIVE,POSITIVE,POSITIVE,POSITIVE,
1296,CH,Dyker-System (oder Lochstern) im Kartoffelanbau,other,CHF,,,unit,Dyker (Lochstern),,,,,,,,,2,,"Kommt darauf an, ob der Dyker von einem Lohnunternhemer oder direkt von einem Bauern gekauft wird.",,,,,,,,0,,,SLIGHTLYPOSITIVE,NEUTRAL,POSITIVE,SLIGHTLYPOSITIVE,"-Wenn der Dyker einer ""all-in-one"" Kartoffellegmaschine angehängt wird, ist kein zusätzlicher Bearbeitungsdurchgang notwendig. Wenn der Dyker jedoch einem Traktor angehängt wird, sind nach dem Pflanzen der Kartoffeln ein oder mehrere Bearbeitungsdurchgänge notwendig.
-Wenn der Dyker von einem Lohnunternehmer angeschafft wird, entstehen in den meisten Fällen für die Bauern die den Lohnunternehmer unter Vertrag nehmen keine zusätzliche kosten."
1297,NA,Conservation Agriculture in a semi-arid area,other,Nam $,15.5,,,,,71.23,,,,86.32000000000001,,157.55,3,,,54.71,,1.42,28.07,14.19,,98.39,5,,,SLIGHTLYNEGATIVE,NEUTRAL,POSITIVE,POSITIVE,"CA was designed to require minimal financial investments; theoretically, everything apart from wire for the fences and inorganic fertilizer can be created or gather by the household. This turns CA into a very labour intensive farming practice. The high Dollar values above result from multiplying the (free) family labour invested in farming with the typical hourly wage rate of an external worker"
1298,PT,Post-fire Natural Mulching,,,,,,,,,,,,,,,0,,,,,,,,,,0,,,VERYPOSITIVE,VERYPOSITIVE,VERYPOSITIVE,VERYPOSITIVE,"No cost are envisaged for this technology. Visual assessment of the soil cover can be susceptible for costs, for example consulting, but we think it is not eligible."
1299,PT,Hydromulching for reducing runoff and soil erosion,other,euros,0.78,64.50,,,,164.36,164.36,,,,4273.33,4602.05,4,,,,,,,,,,0,,,NEGATIVE,POSITIVE,NEUTRAL,VERYPOSITIVE,"Accessibility and steepness will raise the costs, but selecting hydromulchings is also a main factor. The more complex the hydromulch the more expensive the application cost. Hydromulch with seeds have also the possibility of introducing invasive plants into the ecosystems and increase the costs. For large and inaccessible areas the aerial hydromulch can reduce the costs."
1300,PH,Compact Farming for Vegetables Production,other,pesos,45.0,300.00,,,,4.94,,,,,,4.94,1,,,,,2.47,1.23,,,3.7,2,,,NEUTRAL,NEUTRAL,POSITIVE,POSITIVE,
1301,PH,Sweet Potato Relay Cropping,,,45.0,,,,,,,2.38,,,,2.38,3,,,8.7,,,,,,8.7,1,,,SLIGHTLYPOSITIVE,SLIGHTLYPOSITIVE,NEUTRAL,NEUTRAL,
1302,PH,Organic-Based System of Rice Intensification (SRI),USD,,,6.6666,,,,,,18.67,177.78,,,196.45,2,,,155.57,191.11,,93.34,,,440.02,5,,,POSITIVE,POSITIVE,POSITIVE,POSITIVE,
1303,PH,Organic Mulching,other,Philippine pesos,45.0,5.56,,,,,49.870000000000005,,,,,49.87,2,,,1.36,,,,,,1.36,1,,,POSITIVE,VERYPOSITIVE,VERYPOSITIVE,VERYPOSITIVE,purchase of shredding machine
1304,CH,Dyker System,other,CHF,1.0,,unit,Dyker (attachment for tractor or potato planter),,500.0,8500.0,,,,,9000.0,2,,Depending if the Dyker belongs to the farmer or a contractor,,,,,,,,0,,,NEUTRAL,NEUTRAL,POSITIVE,SLIGHTLYPOSITIVE,"- If the Dyker belongs to a contractor with a all-in-one potato planter, no additional costs are expected for the farmer (but for the contractor)
- If the Dyker is not attached to a all-in-one potato planter but e.g. to a tractor, additional working steps are necessary."
1305,CN,"Drip irrigation under plastic mulch for cotton production in Xinjiang province, China",USD,,,1,,,,8.0,5000.0,90.0,,412.0,,5510.0,6,,,5.0,,,8.0,,,13.0,2,,,SLIGHTLYNEGATIVE,SLIGHTLYNEGATIVE,POSITIVE,POSITIVE,
1306,AF,Cultivation of Hing (Ferula assa-foetida) in the watershed,other,Afghani,67.69,5.17,,,,0.19,,1.7,,,,1.89,2,,,,,,,,,,0,,,VERYNEGATIVE,VERYPOSITIVE,VERYPOSITIVE,VERYPOSITIVE,"Good quality seeds are available in Tajikistan. If the government of Tajikistan limits exporting seeds to Afghanistan, seed costs may increase."
1307,SD,Reclamation Saline Sodic soil,,,,,,,,,,,,,,,6,,,,,,,,,,0,,,,,,,The soil type
1308,PH,Contour Straight Block Layout,other,Philippine peso,46.0,6.50,,,,3.11,4.89,,,,,8.0,3,,,6.07,,,,,,6.07,1,,,NEUTRAL,NEUTRAL,POSITIVE,POSITIVE,Planting materials and labour
1311,OM,Alfalfa under flood irrigation,other,Omani Rial,0.384,,,,,572.92,,781.25,,,208.33,1562.5,3,,,,,,,,,,0,,,SLIGHTLYPOSITIVE,SLIGHTLYPOSITIVE,SLIGHTLYPOSITIVE,SLIGHTLYPOSITIVE,"Labour and fertilzer, pestside"
1312,OM,Flood Irrigation for salinity control,other,Omani Rial,0.39,10.40,,,,307.69,,,,,,307.69,1,,,307.69,,,,,,307.69,1,,,POSITIVE,POSITIVE,POSITIVE,POSITIVE,"labour, seeds, fertilizer and electricty"
1313,OM,Compost and inorganic fertilizer in saline soils,other,OMR,0.39,,,,,3251.28,39856.41,,,,,43107.69,2,,,1461.54,,,,,,1461.54,1,,,NEUTRAL,SLIGHTLYNEGATIVE,SLIGHTLYPOSITIVE,NEUTRAL,"Labour , salinity"
1314,TZ,Rangeland Improvement in Savanah with High Livestocks,other,Tanzanian Shilling,2186.41,6.86,,,,0.37,0.02,0.55,0.13,13.07,1.1800000000000002,15.32,9,,,0.09,0.02,,,,,0.11,2,,,SLIGHTLYPOSITIVE,POSITIVE,VERYPOSITIVE,VERYPOSITIVE,"Excavation of chacodam, fencing and procurement of breeding bulls"
1315,RU,Minimum Tillage,,,,,,,,,,,,,,,0,,,,,,,,,,6,,,NEUTRAL,SLIGHTLYPOSITIVE,POSITIVE,POSITIVE,"The highest cost factors of minimum tillage are equipment, fuel, fertilizer and seeds. Compared to the conventional deep ploughing often without fertilizer application, fertilizer and pesticides are the main additional cost factors."
1316,OM,Vegetables in salt affected soil,other,Omani Rial,0.39,,,,,307.69,,,,,,307.69,1,,,,,,,,,,0,,,SLIGHTLYPOSITIVE,SLIGHTLYPOSITIVE,SLIGHTLYPOSITIVE,SLIGHTLYPOSITIVE,
1317,PH,Composting using Indigenous Microorganism (IMO),other,pesos,45.0,5.56,,,,,49.870000000000005,,,,4.739999999999999,54.61,5,,,1.23,,,,,,1.23,1,,,POSITIVE,VERYPOSITIVE,VERYPOSITIVE,VERYPOSITIVE,The determinate factor affecting the cost is the cost of mechanical shredder. This machine is considered as important investment to those who is serious in engaging and practicing organic farming in a sizable farm like Mr. Ambrocio Acosta.
1318,KE,Mulching,other,Kshs.,100.0,400.00,,,,0.5,0.1,,0.1,,,0.7,3,,,0.04,0.1,,0.05,,,0.19,3,,,POSITIVE,POSITIVE,POSITIVE,POSITIVE,Labour and availability of mulch determines the cost of the technology
1319,RU,No Till,,,,,,,,,,,,,,,0,,,,,,,,,,6,,,NEGATIVE,SLIGHTLYPOSITIVE,POSITIVE,POSITIVE,High initial investment in new machines. Compared to the Traditional Soviet System with conventional deep ploughing without fertilizer application fertilizer and pesticides are the main additional cost factors.
1320,KE,Artificial Grassed Waterway,other,Kshs,100.0,2.50,,,,0.1,0.2,0.25,,,,0.55,3,,,0.06,,,,,,0.06,2,,,POSITIVE,POSITIVE,POSITIVE,POSITIVE,costs of grass seeds or plantings and labour during planting
1321,PH,Improved pasture under citrus,other,Philippine Peso,47.5,5.26,,,,0.22,,67.54,,8.38,,76.14,4,,,0.22,,,,,,0.22,1,,,POSITIVE,POSITIVE,VERYPOSITIVE,VERYPOSITIVE,Cut-and-carry method of feeding the small ruminants during lean months of forage grasses.
1322,KE,Multistorey Gardens,other,Kshs,100.0,500.00,,,,0.05,0.2,0.0,0.01,0.03,,0.29,5,,,0.05,0.02,,,,,0.07,3,,,POSITIVE,POSITIVE,POSITIVE,POSITIVE,Labor is the most determinate factor affecting the costs.
1323,KE,Conservation Agriculture,other,Kshs,100.0,5.00,,,,0.5,0.15,0.5,0.2,,,1.35,4,,,0.3,0.5,0.2,0.2,,,1.2,4,,,POSITIVE,POSITIVE,POSITIVE,POSITIVE,Labour is the most determinate factor affecting the costs.
1324,KE,Raised Beds for Onions,,,,,,,,,,,,,,,7,,,,,,,,,,3,,,POSITIVE,POSITIVE,POSITIVE,POSITIVE,Labour is the most determinate factor affecting the costs.
1325,KE,Cover crops,other,KSh,100.0,5.00,,,,0.3,0.03,0.1,,,,0.43,3,,,0.15,0.03,0.1,,,,0.28,3,,,POSITIVE,POSITIVE,POSITIVE,POSITIVE,Labour is the most determinate factor affecting the costs.
1326,KE,Crop Rotation,other,Kshs,100.0,5.00,,,,1.0,1.0,0.5,,,,2.5,3,,,0.5,1.0,1.0,,,,2.5,3,,,POSITIVE,POSITIVE,POSITIVE,POSITIVE,labour
1327,ZW,Precision Conservation Agriculture,,,,,,,,,,,,,,,0,,,,,,,,,,3,,,POSITIVE,POSITIVE,VERYPOSITIVE,VERYPOSITIVE,
1328,ML,Seed Priming and Microfertilization,other,CFA,,2.00,,,,,,,,,,,0,,,,,,,,,,2,,,,VERYPOSITIVE,,VERYPOSITIVE,Fertilizers
1329,GH,Minimum Tillage and Direct Planting,,,,,,,,,,,,,,,1,,,,,,,,,,3,,,,NEUTRAL,,POSITIVE,"Costs for herbicides and spraying equipment are the most determinant factor affecting the costs. Comparing to the traditional slash-and-burn system, Minimum tillage and direct planting has increased inputs costs but reduced labour costs and higher yields, which makes the conversion profitable!"
1330,ER,Afforestation and Hillside Terracing,,,,,,,,,,,,,,,3,,,,,,,,,,2,,,SLIGHTLYNEGATIVE,NEUTRAL,VERYPOSITIVE,POSITIVE,"Labour cost includes construction of hillside terrace, pitting, planting and spot weeding and cultivation. According to the work and payment norms of the Ministry of Agriculture the cost of 1 person-day is 2.66 US$. Production cost of one seedling is 0.2 US$. Maintenance costs include terrace maintenance, re-pitting and replanting of seedlings."
1331,ZM,Small Earth Dams,,,,,unit,Dam,,,,,,,,,6,,,,,,,,,,4,,,NEGATIVE,NEUTRAL,VERYPOSITIVE,VERYPOSITIVE,
1332,AU,Ecograze,USD,,,,area,1 ha,,4.0,,,,6.0,,10.0,3,,,1.0,,,,,,1.0,2,,,NEGATIVE,SLIGHTLYNEGATIVE,POSITIVE,VERYPOSITIVE,
1333,ER,Spate Irrigation,,,,,,,,,,,,,,,2,,,,,,,,,,2,,,,,,,"Data on labour inputs for construction/maintenance of canals and field bunds are not included, therefore not included in the tables above. Costs for agim reconstruction are 40% of establishment. Total maintenance costs depend on the number of reconstructions during normal spate season (2-4 times). The yearly cost (establishment and maintenance) reaches US$ 60-156."
1334,CV,Aloe Vera Living Barriers,USD,,,3.30,,,,216.67,13.0,,,,,229.67,4,,,33.0,,,,,,33.0,1,,,SLIGHTLYNEGATIVE,NEUTRAL,VERYPOSITIVE,VERYPOSITIVE,The labour used in this technique consists of individuals from poor or very poor rural communities who come to work in search of an income with a payment of 250 Escudos per day.
1335,CN,Rainwater Cellars,,,,,,,,,,,,,,,6,,,,,,,,,,2,,,NEGATIVE,POSITIVE,POSITIVE,POSITIVE,
1336,KE,Fanya juu terraces,other,Kenya Shilling,,3.00,,,,,,,,,,,4,,,,,,,,,,3,,,SLIGHTLYNEGATIVE,POSITIVE,POSITIVE,VERYPOSITIVE,"Stoniness, slope, labour cost"
1337,TZ,Chagga Homegardens,USD,,,,unit,homegarden,,,,,,,,,0,,,300.0,45.0,,100.0,,,445.0,3,,,,POSITIVE,,VERYPOSITIVE,Les jardins familiaux Chagga sont des systèmes traditionnels qui ont évolué au cours des siècles en transformant progressivement la forêt naturelle en jardins agronomique il est alors impossible de parler des coûts de l'etablissment.
1338,TG,Shelterbelts,USD,,,,area,0.8km2,,200.0,86.0,90.0,,,,376.0,3,,,139.0,,23.0,,,,162.0,2,,,POSITIVE,POSITIVE,POSITIVE,VERYPOSITIVE,"The monetary costs include the purchase of seeds, cuttings or nursery plants and labour for the preparation and planting. In certain circumstances, it is necessary to protect young trees against browsing and other damage."
1339,KE,Grevillea agroforestry system,other,Kenya shilling,,1.30,,,,,,,,,,,3,,,,,,,,,,2,,,SLIGHTLYPOSITIVE,SLIGHTLYPOSITIVE,VERYPOSITIVE,VERYPOSITIVE,high labour demand for nagement (pruning and pollarding) of established trees. Seedling purchase price is also high and increases as demand rises.
1340,NE,Farmer Managed Natural Regeneration,USD,,,,,,,6.0,,,,,,6.0,1,,,4.0,,,,,,4.0,1,,,POSITIVE,POSITIVE,VERYPOSITIVE,VERYPOSITIVE,"Main costs are in the form of labour. One man could prepare one hectare in 1–3 days, depending on tree density (labour is undertaken by the farm owner and rarely through paid labour). No inputs used; no extra tools needed, tools are available on-farm (hoe, axe, machete etc). Maintenance costs depend on tree density also and could require 1–2 days/year/ha."
1341,BO,Estabilización de taludes (biotrampas),other,Boliviano (1996),5.02,3.80,,,,,,,,,,,0,,,,,,,,,,0,,,SLIGHTLYNEGATIVE,VERYPOSITIVE,VERYPOSITIVE,VERYPOSITIVE,"Los costos de la madera de las biotrampas son altos. En terrenos ligeramente inestables se puede remplazar esta tecnología con la de ""plantación en hoyos"" (no descrita en este questionario). Pero en pendientes fuertes con terrenos fuertemente inestables no se puede remplazar esta tecnología con otra con el mismo efecto positivo."
1342,BD,Hill Agroforestry,other,Taka,60.0,1.50,,,,,,,,,,,0,,,,,,,,,,0,,,,,POSITIVE,POSITIVE,
1343,TJ,Reduced livestock numbers,other,Somoni,3.42,,,,,,,,,,1282.16,1282.16,1,,,,,,,,3.51,3.51,3,,,VERYPOSITIVE,VERYPOSITIVE,VERYPOSITIVE,POSITIVE,"Labour input is decisive: As long as work is done by family members costs are restricted on alimentation. If external labour is hired, wages have to be added."
1344,BD,Multipurpose Earthen Dam,other,Taka,60.0,1.20,,,,,,,,,,,0,,,,,,,,,,0,,,SLIGHTLYPOSITIVE,SLIGHTLYPOSITIVE,POSITIVE,POSITIVE,Dam construction and maintenance
1345,BF,Parkland Agroforestry System,,,,,,,,,,,,,,,0,,,,,,,,,,0,,,SLIGHTLYPOSITIVE,SLIGHTLYPOSITIVE,VERYPOSITIVE,VERYPOSITIVE,"Data on costs is not available. However, costs for management of the land use system are low; only some pruning and trimming of trees is needed which is effectively ‘harvesting’ of fodder and wood."
1346,BD,Valley floor paddy terraced cultivation,other,taka,59.0,1.35,,,,,,,,,,,0,,,,,,,,,,0,,,NEGATIVE,POSITIVE,VERYPOSITIVE,POSITIVE,"Labour shortage, animal shortaged, extreme humidity"
1347,BO,Barreras Vivas y Muros de Piedras para Terrazas de Formación Lenta,other,Boliviano,6.6,3.80,,,,,,,,,,,0,,,,,,,,,,0,,,POSITIVE,VERYPOSITIVE,VERYPOSITIVE,VERYPOSITIVE,Costos de las plántulas que hay que comprar y traer desde afuera (Barreras Vivas). Traer piedras desde lejos al terreno requiere mucha mano de obra (TFL). La aplicación de los biocidas es cara pero más barata que comprar los químicos (funghiherbicidas y fertilizantes) en la ciudad.
1348,BO,Barreras Vivas,other,Bolivioano,6.6,3.80,,,,,,,,,,,0,,,,,,,,,,0,,,POSITIVE,VERYPOSITIVE,VERYPOSITIVE,VERYPOSITIVE,Costos de las plántulas para las Barreras Vivas que hay que comprar y traer desde afuera. La aplicación de las biocidas es cara pero más barata que comprar los químicos (funghiherbicidas y fertilizantes) en la ciudad.
1349,BO,Muros de Piedras para Terrazas de Formación Lenta,other,Boliviano,6.6,3.80,,,,,,,,,,,0,,,,,,,,,,0,,,POSITIVE,VERYPOSITIVE,VERYPOSITIVE,VERYPOSITIVE,"Traer piedras desde lejos al terreno requiere mucha mano de obra, pero no son costos que los campesinos tienen que pagar en efectivo. La aplicación de los biocidas es cara pero más barata que comprar los químicos (funghiherbicidas y fertilizantes) en la ciudad."
1350,BO,Gully control and catchment protection,USD,,,,area,,,48.0,4.0,19.0,,39.0,,110.0,7,,,12.0,1.0,1.0,,2.0,,16.0,6,,,VERYPOSITIVE,VERYPOSITIVE,VERYPOSITIVE,VERYPOSITIVE,
1351,TZ,Ngitili Dry-Season Fodder Reserves,,,,,,,,,,,,,,,0,,,,,,,,,,0,,,SLIGHTLYPOSITIVE,SLIGHTLYPOSITIVE,VERYPOSITIVE,VERYPOSITIVE,
1352,BO,Diques de madera (tipo Krainer),USD,,5.2,3.80,,,,,,,,,,,0,,,,,,,,,,0,,,NEGATIVE,VERYPOSITIVE,VERYPOSITIVE,VERYPOSITIVE,El acceso difícil a las cárcavas influye los costos del transporte porque hay que transportar el material de hombros a las cárcavas
1353,NE,Couloirs de passage,USD,,,1.5,,,,37.5,,1373.5,,,,1411.0,2,,Government or NGO's,6.0,,137.0,,,,143.0,2,,,POSITIVE,POSITIVE,VERYPOSITIVE,VERYPOSITIVE,The costs of the planning meeting (general assembly) and the stones for delimitation were not taken into account. Daily salary for field work is US$ 1.5.
1354,BO,Diques de piedras,other,Boliviano,5.02,3.80,,,,,,,,,,,0,,,,,,,,,,0,,,NEGATIVE,VERYPOSITIVE,VERYPOSITIVE,VERYPOSITIVE,- El acceso difícil a las cárcavas influye los costos del transporte. La mano de obra para los diques de pidra es cara pues a veces no hay piedras disponibles en el lugar mismo tal que hay que traerlas desde lugares alejados.
1355,NE,Improved Well Distribution for Sustainable Pastoralism,USD,,,,,,,2000.0,,,,,,2000.0,2,,,280.0,,,,,,280.0,1,,,POSITIVE,POSITIVE,VERYPOSITIVE,VERYPOSITIVE,"A management fund is established and managed by each well committee. Well users contribute annually, or each time maintenance work is needed. Amounts of contribution are not fixed, but up to the individual and generally proportionate to herd size. Committee can fine land users who damage the wells."
1356,ZA,Rotational Grazing,,,,,,,,,,,,,,,3,,,,,,,,,,2,,,VERYNEGATIVE,SLIGHTLYNEGATIVE,POSITIVE,POSITIVE,"Estimated establishment time for a 500 ha farm with 8 paddocks more or less 6 month(s). The establishment and maintenance costs depend on farm size and the details of the farm plan/ design of the paddock system including variables such as number of paddocks, number of stock watering points, number of boreholes, etc."
1357,SN,Casuaria - Tree belt for sand dune fixation,other,FCFA,455.0,3.00,,,,0.19,,0.99,,0.85,1.93,3.96,4,,,,,,,,1.93,1.93,1,,,SLIGHTLYPOSITIVE,SLIGHTLYPOSITIVE,VERYPOSITIVE,VERYPOSITIVE,"Costs for establishment are high. All inputs were fully subsidised. Implementing agency was governmental ‘Service des Eaux et
Forêts’ with funding from ACDI and USAID. Reestablishment starts after 25-30 years when trees reach senescence."
1358,BF,Assisted Natural Regeneration of Degraded Land,,,,1.10,,,,,,,,,,,4,,,,,,,,,,3,,,NEUTRAL,POSITIVE,VERYPOSITIVE,VERYPOSITIVE,"Labour for establishment includes: digging of planting pits/ditches, post installation, fabrication of chain-link fence materials, all plantations, stone lines, half-moons, etc.  Components for fence construction are locally available."
1359,MG,Indigenous Management of Tapia Woodlands,USD,,,,,,,,,,,,,,0,,,20.0,,,,,,20.0,1,,,,POSITIVE,,POSITIVE,"The estimation of costs is difficult - fruit are gathered over a two month period by school children going out for an hour in the early morning each day; the silkworms are collected by individuals (usually experienced collectors) on free days.  In some areas, projects exist that run silkworm nurseries, establish firebreaks in the woodlands, grow and plant tapia seedlings, and finance the purchase of silk looms.  These projects obviously require much larger budgets."
1360,CM,Forest Beekeeping,,,,,,,,,,,,,,,7,,,,,,,,,,2,,,SLIGHTLYNEGATIVE,NEUTRAL,POSITIVE,POSITIVE,"Il faut 5 ruches pour commencer. La main-d’œuvre comprend la récolte / achat de matériaux. Les ruches peuvent être fabriquées avec des matériaux locaux (p.ex. palmier à raphia, rotin, lianes, herbes, bois ou planches pour les ruches horizontales) et en utilisant les outils disponibles (machette, hache, couteau)."
1361,PT,Primary strip network system for fuel management,other,Euro,0.76,18.75,,,,1415.79,878.95,,,,,2294.74,3,,,,,,,,,,0,,,NEUTRAL,NEUTRAL,POSITIVE,POSITIVE,The costs include the activities to ensure the vertical and horizontal discontinuity of the fuel load and also the activities needed to manage the waste produced from the shrubs cleaning and thinning.
1362,TJ,Strengthening of river banks with stones and gabions,,,,,,,,,,,,,,,0,,,,,,,,,,0,,,POSITIVE,,POSITIVE,POSITIVE,"Season, distance of transportation of stones, height of the structure, width and thickness of the structure, opportunity to mechanise works"
1363,TJ,Pasture management in Western Pamir,other,сомони,,5.00,,,,,,,,,,,2,,,,,,,,,,0,,,,,,,
1364,CN,Auto-Flowing Slurry Dam,USD,,,3.00,,,,,,,,,,,0,,,,,,,,,,0,,,POSITIVE,POSITIVE,VERYPOSITIVE,VERYPOSITIVE,"Since the dam construction uses local materials, the most important factors affecting the cost are labor and equipment"
1365,CN,Check Dam,other,RMB Yuan,8.27,2.00,,,,,,,,,,,0,,,,,,,,,,0,,,POSITIVE,POSITIVE,VERYPOSITIVE,VERYPOSITIVE,Sizes and materials of the check dams.
1366,CN,Shelterbelts for farmland in sandy areas,USD,,,1.20,area,ha,,94.8,5.0,25.0,,,,124.8,3,,USA and domestic projects,8.4,,3.0,,,,11.4,2,,,,SLIGHTLYPOSITIVE,,VERYPOSITIVE,The most important factors to affect the costs are seedlings (No.) and machine.
1367,CN,Terrace,USD,,,3.00,,,,,,,,,,,0,,,,,,,,,,0,,,VERYNEGATIVE,NEGATIVE,VERYPOSITIVE,VERYPOSITIVE,"The factors are topography, soil texture, means of construction. The section of terrace is the most important factor."
1368,ZA,Old Motor Tyre Contours,other,rand,6.0,4.00,,,,13.89,1.83,148.0,,,23.0,186.72,4,,,,,,,,,,0,,,POSITIVE,NEUTRAL,POSITIVE,NEUTRAL,"The main expense is transporting the tyres which depends on the distance travelled. 
It is obvious that any increase in the cost of labour will have a market impact on final costs."
1369,ZA,Traditional stone wall terraces,USD,,,3.50,unit,ha,,1249.5,20.0,,,,,1269.5,2,,,161.0,,,,,,161.0,1,,,VERYNEGATIVE,SLIGHTLYPOSITIVE,POSITIVE,SLIGHTLYPOSITIVE,Slope and amount of loose stones available (the more loose stones the more has to been moved to make cultivation possible)
1370,CN,Caragana Korshinskii Planting a kind of SWC vegetative technology,USD,,,5.00,,,,,,,,,,,0,,,,,,,,,,0,,,SLIGHTLYNEGATIVE,SLIGHTLYNEGATIVE,VERYPOSITIVE,VERYPOSITIVE,"manual labor, maintenance of young plants in the first 3-4 years."
1371,RU,Drip irrigation,other,ruble,35.0,15.00,,,,1.71,85.71,,,,,87.42,2,,,1.71,,,,,,1.71,1,,,NEUTRAL,POSITIVE,POSITIVE,POSITIVE,The pipe system is the most determining factor affecting the costs.
1372,ZA,"Rip-ploughing, oversowing",USD,,,8.30,area,ha,,298.8,10.0,,,,,308.8,2,,,,,,,,,,0,,,VERYPOSITIVE,VERYPOSITIVE,VERYPOSITIVE,VERYPOSITIVE,Labour and transport; equipment (gasoline).
1373,ZA,Combating of invader plants and bush packing,other,Rand,6.0,5.00,,,,2500.0,83.33,20833.33,,,,23416.66,3,,,,,,,,,,0,,,VERYPOSITIVE,SLIGHTLYPOSITIVE,VERYPOSITIVE,SLIGHTLYPOSITIVE,Labour: The work team of 25 people is very expensive/costly. Chemicals for the invader eradication treatment is very expensive.
1374,ZA,Gravity type inverted  tyre structure,other,Rand,6.0,1.50,,,,1566.67,116.67,,,396.65999999999997,,2080.0,6,,,,,,,,,,0,,,NEUTRAL,POSITIVE,POSITIVE,POSITIVE,Labour - very low productivity. Transportation of tyres. Tying wire must be cut economically according to need otherwise huge waste take place.
1375,ZA,Chemical bush control,other,Rand,6.0,7.00,,,,6666.67,1000.0,,,3333.33,,11000.0,3,,,1666.67,250.0,,833.33,,,2750.0,3,,,NEGATIVE,NEUTRAL,POSITIVE,SLIGHTLYPOSITIVE,For all 4 plots. They were working on each plot for 3 months. Travel and subsistence costs.
1376,ZA,Earth dam for stockwater,other,Rand,6.0,,,,,,1116.67,,,,,1116.67,1,,,,139.17,,,,,139.17,1,,,,,,,Machine running cost
1377,ZA,Wetland rehabilitation,other,rand,8.0,4.00,,,,7000.0,,,,,,7000.0,1,,,,,,,,,,0,,,,,,,"Labour: By using machinery where applicable, work can be done less expensive.
Weather conditions: High rainfall areas, delays work, can destroy half done/partially done processes."
1378,ZA,Gully control (gabions) at Maandagshoek,other,Rand,6.0,3.50,,,,516.67,35.0,104.17,,35.0,,690.84,4,,,,,,,,,,0,,,POSITIVE,SLIGHTLYNEGATIVE,VERYPOSITIVE,SLIGHTLYNEGATIVE,"Got funding only for a part of the area for one year. Then in the next year more funding, but never sure if enough funding will be available.
 5 ha at Chuniespoort more expensive (concrete walls used).  The costs for the community are the given land they couldn’t used for grazing anymore."
1379,ZA,Rangeland Rehabilitation,other,Rand,6.0,4.00,,,,,,,,,,,0,,,,,,,,,,0,,,VERYPOSITIVE,POSITIVE,VERYPOSITIVE,POSITIVE,"Labours didn't want any money - they feel that they will reap the benefit in the end.
The implements must come from Potchefstroom which is 300km from the area."
1380,ZA,Grass strips,USD,,,6.00,,,,50.0,10.0,,,200.0,,260.0,3,,,10.0,,,,10.0,,20.0,2,,,SLIGHTLYNEGATIVE,SLIGHTLYNEGATIVE,POSITIVE,POSITIVE,"Materials
Land preparation"
1381,ZA,Revegetation and re-seeding,USD,,,3.60,,,,550.4,50.0,150.0,,1100.0,,1850.4,5,,,200.0,,,,50.0,,250.0,2,,,SLIGHTLYNEGATIVE,SLIGHTLYNEGATIVE,POSITIVE,POSITIVE,"Labour, fencing and maintenance.  Maintenance costs include man days and travelling for vegetation monitoring and sampling."
1382,ZA,Communal grazing management,USD,,-0.8,3.60,,,,425.6,,,,914.64,67.07,1407.31,3,,,32.0,,,,,138.32000000000002,170.32,4,,,SLIGHTLYNEGATIVE,SLIGHTLYPOSITIVE,POSITIVE,POSITIVE,Cost of transport depends on the fuel price.  The sites are situated far from accommodation.  Maintenance of fences and soil analysis.
1383,BO,Zanjas de Coronación,other,Boliviano,5.02,3.80,,,,,,,,,,,0,,,,,,,,,,0,,,,,,,"- La mano de obra es que más afecta los costos. El monto de costos para la mano de obra puede diferir según la disponibilidad de piedras en el terreno (hay que traerlas desde lejos cuando no hay piedras cerca).
- Las zanjas se las contruyó en el 2001, pero la fase de implementación del complejo de tecnologías demoraba 7 años."
1384,BO,Obras Hidráulicas - Gaviones de Piedras,USD,,5.02,3.80,,,,,,,,,,,0,,,,,,,,,,0,,,NEGATIVE,VERYPOSITIVE,VERYPOSITIVE,VERYPOSITIVE,"- El monto de la mano de obra es alto porque demora mucho tiempo acercar o buscar las piedras que se necesita para colocar.
- Los costos para la malla de alambre se redució bastante gracias a la cantidad que se necesitaba (comprar por mayor)
- Los costos de la planificación/investigación NO están incluidos en el cálculo de precios
- Los costos para ""horas máquina"" y para ""herramientas"" están incluidos en los costos para la ""malla de alambre"""
1385,BW,Solar Cooker,other,Pula,6.6,,,,,,,,,,,,0,,,,,,,,,,0,,,POSITIVE,VERYPOSITIVE,POSITIVE,VERYPOSITIVE,Material followed by labour
1386,BW,Game Ranching,other,Pula,7.0,8.00,,,,0.61,,,,554.71,1.77,557.09,3,,,0.36,,,,22.57,0.08,23.01,3,,,,,,,Labour and Fencing material affected the cost of the ranch
1387,ET,Trashlines,other,Birr,7.0,1.00,,,,,,,,,,,0,,,,,,,,,,0,,,VERYPOSITIVE,VERYPOSITIVE,VERYPOSITIVE,VERYPOSITIVE,Competition with fodder and fuel wood.
1388,ET,Hillside Terracing,other,Ethiopan Birr,7.0,1.00,,,,,,,,,,,0,,,,,,,,,,0,,,NEGATIVE,POSITIVE,POSITIVE,VERYPOSITIVE,"Slope, soil condition, length of terrace per hectare."
1389,ET,stone bund,other,Ethiopia Birr,7.0,,,,,,,,,,,,0,,,,,,,,,,0,,,NEUTRAL,SLIGHTLYPOSITIVE,POSITIVE,POSITIVE,"financial costs are very small compared to manual labour. Costs for labour as indicated in 2.7.1. are given as opportunity costs!
much of the labour is done using traditional group work debo (= working party) or wenfel  (= reciprocal work) or newly introduced group work (mass mobilisation)."
1390,UG,Runoff water harvesting for bananas,,,,,,,,,,,,,,,3,,,,,,,,,,2,,,SLIGHTLYPOSITIVE,SLIGHTLYPOSITIVE,POSITIVE,POSITIVE,"labour, soil depth, tools"
1391,UG,,other,Uganda shillings,1500.0,1.00,,,,0.07,0.06,1.4,,,,1.53,4,,,0.02,,,0.02,,0.01,0.05,3,,,POSITIVE,SLIGHTLYPOSITIVE,VERYPOSITIVE,POSITIVE,Labour and farm inputs
1392,TZ,Gully healing for growing bananas,other,Tanzanian shillings,800.0,1.90,,,,0.8,0.01,,1.56,1.2,,3.57,4,,,0.02,,,,0.4,,0.42,2,,,VERYPOSITIVE,VERYPOSITIVE,VERYPOSITIVE,VERYPOSITIVE,"cost of farmyard manure, labour, steep slopes"
1393,TZ,Gully healing using trash lines,USD,,,1.90,,,,1559.9,10.6,9.0,,,,1579.5,3,,,97.85,10.6,9.0,,,,117.45,3,,,VERYPOSITIVE,VERYPOSITIVE,VERYPOSITIVE,VERYPOSITIVE,gully depth and slope
1394,TZ,Tradition forest establishment in semi-arid land,USD,,,1.90,area,ha,,697.3,557.5,,,,,1254.8,3,,,195.7,7.5,,,,,203.2,2,,,SLIGHTLYPOSITIVE,POSITIVE,VERYPOSITIVE,VERYPOSITIVE,"purchase of animals, fencing labour, labour for collecting brushwood"
1395,TZ,"Small pit cultivation for maize, sorghum and millet (Chololo pits)",USD,,,1.90,area,ha,,638.4,6.25,,124.0,,,768.65,3,,,197.6,6.25,,124.0,,,327.85,3,,,POSITIVE,SLIGHTLYPOSITIVE,VERYPOSITIVE,POSITIVE,"labour affect the cost, soil type also affects the durability of the tools"
1396,ET,Stone faced trench,other,birr,8.0,0.88,,,,34.87,1.75,10.75,,,,47.37,4,,,0.5,,,,,,0.5,1,,,POSITIVE,SLIGHTLYPOSITIVE,VERYPOSITIVE,POSITIVE,"labour, slope, low survival rate of seedlings"
1397,ET,Stone bund of Tigray,other,Birr,8.0,0.88,,,,13.75,1.88,,,,,15.63,2,,,1.41,,,,,,1.41,1,,,POSITIVE,SLIGHTLYPOSITIVE,NEGATIVE,NEGATIVE,construction materials (stone availabilty) and excavation of foundation could be difficult
1398,TR,Rotational Grazing,other,Turkish Liras,1.3,17.00,,,,17.69,110.77,,,,,128.46,3,,,34.62,12.31,,,,,46.93,2,,,POSITIVE,POSITIVE,POSITIVE,POSITIVE,Seed and fertilizer costs.
1399,TN,Rangelands resting,other,TND,1.3,10.00,,,,,,,,,61.54,61.54,2,,,,,,,,53.85,53.85,1,,,POSITIVE,POSITIVE,VERYPOSITIVE,VERYPOSITIVE,
1400,TN,Gabion check dam,other,Tunisian Dinars,1.3,10.00,,,,3846.15,,,,11538.460000000001,,15384.61,3,,,384.62,,,,1153.85,,1538.47,3,,,SLIGHTLYNEGATIVE,POSITIVE,POSITIVE,POSITIVE,construction materials
1401,TG,Terrasses traditionnelles,USD,,,5.55,area,,,278.0,172.0,,,,,450.0,3,,,167.0,,,,,,167.0,1,,,POSITIVE,POSITIVE,VERYPOSITIVE,POSITIVE,les coûts sont calculés en tenant compte du nombres de personnes pouvant faire le travail sur un hectare en un seul jour de 8 heures
1402,TG,Terrasses améliorées,,,,5.55,,,,,,,,,,,2,,,,,,,,,,1,,,POSITIVE,POSITIVE,VERYPOSITIVE,VERYPOSITIVE,
1403,TG,Labour suivant les courbes de niveau,USD,,,,area,1.05ha,,300.0,,112.0,,,,412.0,2,,,233.3,,,,,,233.3,1,,,POSITIVE,VERYPOSITIVE,VERYPOSITIVE,VERYPOSITIVE,Main d’oeuvre
1404,TH,Small level bench terraces,other,Baht,37.0,2.16,,,,7.3,0.14,,,,,7.44,2,,,1.22,1.22,,,,,2.44,2,,,SLIGHTLYPOSITIVE,SLIGHTLYPOSITIVE,POSITIVE,POSITIVE,The slope factor affects most because it will require longer time to construct.
1405,TH,Cut-off drain,other,Baht,37.0,2.16,,,,0.12,,,,,,0.12,1,,,0.12,,,,,,0.12,1,,,NEUTRAL,NEUTRAL,NEUTRAL,NEUTRAL,"Steep slope will require larger number of the cut-off drains, thus affecting the cost."
1406,TJ,Combined cut-and-carry and fruit-production system with terraces,USD,,,0.70,area,,,714.0,,100.0,,,614.0,1428.0,3,,research stations of the orchard institute,93.0,,,28.0,,,121.0,2,,,,,,,"The costs today are strongly determinated by labour input, whereas during establishment and till the end of USSR costs for pesticides, fertilisers, new trees and equipment were very high."
1407,TJ,Daily and seasonal rotation on grassland,USD,,,6.10,,,,,,,,,4385.0,4385.0,1,,,732.0,,,,,344.0,1076.0,5,,,NEUTRAL,SLIGHTLYPOSITIVE,VERYPOSITIVE,POSITIVE,"Buying an own herd and looking for the animals are the most expensive factors, expecially if there are sick or dead animals."
1408,TJ,Daily grazing of village-herds,other,Somoni,3.42,,,,,,,,,,342.11,342.11,1,,,,,,,,82.53,82.53,3,,,POSITIVE,POSITIVE,SLIGHTLYPOSITIVE,SLIGHTLYPOSITIVE,"The most important cost factor is buying livestock. Recurrent costs are low, but rent fees for pastures are percieved as being high."
1409,TJ,Terrace with Tree Barrier,,,,3.00,,,,,,,,,,,3,,,,,,,,,,2,,,SLIGHTLYNEGATIVE,NEUTRAL,VERYPOSITIVE,VERYPOSITIVE,
1410,SY,Range Pitting and Reseeding,other,Syrian Pound,50.0,4.00,,,,2.4,19.2,5.4,,0.02,,27.02,4,,,0.24,1.92,0.18,,,,2.34,3,,,NEUTRAL,NEUTRAL,POSITIVE,VERYPOSITIVE,"labour, slope, soil depth"
1411,SY,Stone Wall Bench Terraces,other,Syrian Pounds,50.0,3.00,,,,26.2,2.1,,0.3,0.6000000000000001,,29.2,9,,,0.3,0.1,,,,,0.4,3,,,NEGATIVE,POSITIVE,POSITIVE,POSITIVE,Labour shortage and labour cost
1412,TN,Recharge well,other,TND,1.3,10.00,,,,5384.62,,,,769.23,,6153.85,2,,,384.62,,,,76.92,,461.54,2,,,VERYPOSITIVE,VERYPOSITIVE,POSITIVE,POSITIVE,Labour is the most determining factor affecting the costs.
1413,TN,Cistern,other,TND,1.3,10.00,,,,192.31,,,,115.38,,307.69,2,,,61.54,,,,38.46,,100.0,2,,,POSITIVE,POSITIVE,POSITIVE,POSITIVE,
1414,ET,Area closure,other,Birr,8.0,0.88,,,,19.25,0.81,0.25,,,3.5,23.81,4,,,1.88,,,,,,1.88,1,,,VERYPOSITIVE,POSITIVE,POSITIVE,POSITIVE,"labour, slope"
1415,ET,Boreda Soil Bund,other,Birr,8.5,0.70,,,,6.18,1.76,2.35,,,,10.29,3,,,0.52,,,,,,0.52,1,,,POSITIVE,NEUTRAL,VERYPOSITIVE,SLIGHTLYPOSITIVE,slope
1416,ZA,Restoration of degraded rangeland,other,Rand,8.2,4.30,,,,4.27,8.54,8.54,6.71,,,28.06,6,,,0.85,0.61,,2.44,,,3.9,3,,,SLIGHTLYNEGATIVE,POSITIVE,POSITIVE,SLIGHTLYNEGATIVE,"Biocides, fertilisers (lime), seeds and labour have a great effect on costs."
1417,BW,Roof rainwater harvesting system,other,Pula,8.0,5.00,,,,64.06,,,,187.5,,251.56,3,,,1.56,,,,,,1.56,1,,,VERYNEGATIVE,VERYNEGATIVE,VERYPOSITIVE,VERYPOSITIVE,"Cost of building materials, specifically iron sheets, timber, bricks, concrete and the professional builder from the government."
1418,ET,Area Closure for Rehabilitation of Degraded Hillsides,other,Birr,8.56,0.85,,,,1588.79,58.41,706.78,,,,2353.98,4,,,1092.29,,544.39,,,,1636.68,3,,,POSITIVE,SLIGHTLYPOSITIVE,VERYPOSITIVE,POSITIVE,"location of nursery site from the closed area, absence of road and/or vehicle/fuel"
1419,CN,Zhuanglang loess terraces,USD,,,,area,ha,,1260.0,30.0,,,,,1290.0,4,,,25.0,10.0,,,,,35.0,3,,,NEGATIVE,POSITIVE,VERYPOSITIVE,VERYPOSITIVE,
1420,TN,Tabia,other,TND,1.3,10.00,,,,384.62,,,,130.77,,515.39,2,,,115.38,,,,38.46,,153.84,2,,,NEGATIVE,POSITIVE,VERYPOSITIVE,VERYPOSITIVE,Labour is the most determining factor affecting the costs.
1421,PH,WINDBREAKS,,,,4.00,,,,,,,,,,,0,,,,,,,,,,0,,,SLIGHTLYPOSITIVE,POSITIVE,VERYPOSITIVE,VERYPOSITIVE,Perimeter length (m) of area to be treated/planted.
1422,PH,Rainfed paddy rice terraces,,,,,,,,,,,,,,,2,,,,,,,,,,2,,,,POSITIVE,,VERYPOSITIVE,
1423,PH,Vetiver grass system or Vetiver grass technology,other,Peso,50.0,2.00,,,,1.0,,2.0,,,,3.0,2,,,0.4,,,,,,0.4,1,,,NEUTRAL,POSITIVE,POSITIVE,POSITIVE,"Labor is the most important factor (establishing contour, land preparation and planting).  Planting materials can be asked for free from other farmers."
1424,PH,Stone bunds and small basins,other,Philippine peso,50.0,4.00,,,,20.0,0.4,,,,,20.4,2,,,0.8,,,,,,0.8,1,,,SLIGHTLYPOSITIVE,POSITIVE,VERYPOSITIVE,POSITIVE,Labor for the removal and collection of stones for piling.
1425,SN,Cordons pierreux avec haie vive,other,CFA,500.0,,,,,1.8,2.0,,,,2.3,6.1,4,,,,,,,,,,0,,,POSITIVE,POSITIVE,VERYPOSITIVE,VERYPOSITIVE,"Main d'oeuvre, équipement et location de voiture (au début un camion a été loué pour le transport des matériaux de construction; un camion différent a été acheté à un stade ultérieur du projet, ce qui améliore la continuité du projet)"
1426,SN,Gabions,other,CFA,500.0,,,,,0.36,0.8600000000000001,,,0.42,,1.64,5,,,,,,,,,,0,,,POSITIVE,POSITIVE,VERYPOSITIVE,VERYPOSITIVE,"Main d'oeuvre, équipement et location de voiture (au début un camion a été loué pour le transport des matériaux de construction; un camion différent a été acheté à un stade ultérieur du projet, ce qui améliore la continuité du projet)"
1427,SN,Mise en défens de Kewyel,other,CFA,500.0,,,,,,0.75,0.01,0.36,,,1.12,3,,,,0.06,,0.15,,,0.21,3,,,SLIGHTLYPOSITIVE,SLIGHTLYPOSITIVE,POSITIVE,POSITIVE,"L'équipement et les produits phytosanitaires enregistrent les coûts les plus élevés dans la phase de mise en place de la mise en défens. Les travaux ont été effectués sur la base du volontariat par la main d'oeuvre locale (tissage de la clôture du pépinière, recherche de sable et terreau, remplissage des gaines, reboisement,désherbage, regarnissage et surveillance de la parcelle)."
1428,MA,Assisted cork oak regeneration,other,dirhams,8.0,5.00,,,,54.38,,26.03,,15.62,,96.03,3,,,4.38,,,,15.62,,20.0,2,,,NEGATIVE,NEGATIVE,POSITIVE,POSITIVE,"If planting coincides with a dry season, it takes watering on several occasions, which makes applying the technology more expensive - Stronger fences and more supervising are required if near to habitation."
1429,SN,Aire Marine Protégée de Bamboung,other,Francs CFA,500.0,,,,,19.32,24.88,,,,,44.2,2,,,0.7,40.8,,,,,41.5,4,,,SLIGHTLYPOSITIVE,SLIGHTLYPOSITIVE,VERYPOSITIVE,VERYPOSITIVE,Les facteurs les plus coûteux ont été la sensibilisation et les moyens de déplacements; ils ont été supportés par OCEANIUM.
1430,SN,Récupération des terres salées,other,Francs CFA,500.0,,,,,12.330000000000002,7.18,,,14.0,0.4,33.91,11,,,9.899999999999999,,,,,,9.9,4,,,NEUTRAL,NEUTRAL,POSITIVE,POSITIVE,"Les facteurs les plus déterminants pour les coûts sont la main d'oeuvre et le matériel de construction, tous payés par le projet."
1431,SN,Mise en défens,other,Francs CFA,500.0,,,,,2.4,,,,,,2.4,1,,,,,,,,,,0,,,POSITIVE,POSITIVE,VERYPOSITIVE,VERYPOSITIVE,Les coûts de mise en place ont été entièrement supportés par le projet. Les populations assurent bénévolement la surveillance.
1432,SN,Grande Muraille Verte,other,Francs CFA,500.0,,,,,43.84,8.559999999999999,,,,672.0,724.4,5,,,0.6,6.48,,,,,7.08,2,,,POSITIVE,VERYPOSITIVE,VERYPOSITIVE,VERYPOSITIVE,Les facteurs les plus déterminants pour la mise en place de cette mesure sont les coûts de la clôture et de la production des plants.
1433,SN,Bassin de rétention de Piterki,,,,,,,,,,,,,,,0,,,,,,,,,,1,,,SLIGHTLYPOSITIVE,POSITIVE,POSITIVE,POSITIVE,
1434,SN,Conversion de zones cultivées en forêt régionale,,,,,,,,,,,,,,,0,,,,,,,,,,0,,,SLIGHTLYPOSITIVE,NEUTRAL,VERYPOSITIVE,VERYPOSITIVE,
1435,SN,Micro-irrigation à basse pression,other,Francs CFA,500.0,,,,,,6.8,,,,,6.8,1,,,,3.1199999999999997,,,,,3.12,3,,,SLIGHTLYPOSITIVE,VERYPOSITIVE,VERYPOSITIVE,VERYPOSITIVE,L'installation du système
1436,SN,Retenue d'eau,,,,,,,,,,,,,,,0,,,,,,,,,,0,,,SLIGHTLYPOSITIVE,,VERYPOSITIVE,,"Les facteurs les plus déterminants sont les matériaux de construction (ciment  pierre, fer) et les petits équipements.
Il n’y a pas de données chiffrées sur les coûts de mise en place et d’entretien. Néanmoins, il est clairement établi que ces coûts sont élevés et constituent une des contraintes à la large diffusion de cette technologie."
1437,SN,Repos biologique,other,Francs CFA,500.0,,,,,,0.16,,,,,0.16,3,,,,,,,,,,0,,,POSITIVE,POSITIVE,,,La population a reçu du petit matériel en guise de rémunération contre le travail durant la phase du diagnostic. Le carburant qui représente le seul investissement financier a été totalement pris en charge par le service de pêche.
1438,SN,Aménagement forestier,,,,,,,,,,,,,,,3,,,,,,,,,,1,,,POSITIVE,NEUTRAL,,,
1439,SN,Aménagement forestier,other,Francs CFA,500.0,,,,,1.4,0.29,,,,,1.69,4,,,9.2,0.31,,,,,9.51,4,,,POSITIVE,POSITIVE,,,
1440,SN,Digue anti-sel,other,Francs CFA,500.0,,,,,10.8,,,,3.43,5.8,20.03,6,,,,,,,,,,0,,,POSITIVE,,VERYPOSITIVE,,La main d'oeuvre (utilisée dans le cadre de la sensibilisation des populations par des agents du projet et des services technique et durant les travaux manuels de mise en place de l'ouvrage) constitue le facteur le plus déterminant pour les coûts de mise en place.
1441,SN,Bois sacré,,,,,,,,,,,,,,,0,,,,,,,,,,0,,,,,,,
1442,SN,Régénération de la mangrove,,,,,,,,,,,,,,,4,,,,,,,,,,0,,,,,,,Le carburant utilisa pour le transport des propagules et la plantation a été entièrement pris en charge par l'OCEANIUM de même que la restauration pendant que les populations ont volontairement offert le service.
1444,TJ,Rehabilitation of iron water gates to improve distribution of irrigation water,USD,,,,,,,111.0,,,,300,,411.0,2,,UNDP,22.0,,,,,,22.0,2,,,NEUTRAL,POSITIVE,VERYPOSITIVE,POSITIVE,"The most determinate costs are those for the purchase of water gates. Cleaning of channels was not part of this project, and therefore only installation of water distribution facilities have been completed. Channels are usually cleaned by local users who are in many cases supported by international donors."
1445,CN,Bench terraces on loess soil,USD,,0.83,8.8,,,,1821.0,,,,,,1821.0,2,,,264.0,,,,,,264.0,1,,,SLIGHTLYPOSITIVE,SLIGHTLYPOSITIVE,POSITIVE,VERYPOSITIVE,The terrace on the steep slope need more input for more soil and earth should be moved. It is the most important factor.The soil depth is not so important for the deep soil layer here.The cost of labour increases greatly in the last several years and the cost of construction of terrace increased.
1446,TJ,Roof top rainwater harvesting stored in a polythene lined earth retention tank.,other,TJSomoni,4.5,6.60,,,,14.0,,,,13.88,,27.88,8,,,3.22,,,,7.83,,11.05,5,,,VERYPOSITIVE,VERYPOSITIVE,,,"The type of earth in Tajikistan is very good for making the retention ponds, the labour is provided by the land user, and the plastic pipes can be manufactured out of empty plastic bottles. The polythene sheet and cord have to be purchased from the shop."
1447,TJ,Лесозащитная полоса,other,сомони,,,,,,,,,,,,,0,,,,,,,,,,0,,,,,,,Подорожание техники и ГСМ
1448,TJ,Строительство габионов,other,Сомони,4.5,,,,,,,,,,,,0,,,,,,,,,,0,,,,,SLIGHTLYPOSITIVE,,Доставка стройматериалов и строительство.
1450,TJ,Infilling of gullies with vegetative structures,other,Tajik Somoni,4.5,5.50 $,,,,11.12,,4.44,,4.44,,20.0,4,,,11.12,,4.44,,4.44,,20.0,4,,,NEUTRAL,NEUTRAL,POSITIVE,POSITIVE,"The materials used to construct the gulley plug are locally available, and are therefore free of charge to the land user. The labour (or time in labour) is the most substantial cost, and this is directly proportional to the number of gulley plugs required to infill the entire eroded gulley. If there is a big sediment load in the surface water runoff it will back fill behind the gulley plugs rapidly and additional barriers  will need to be established."
1451,TJ,Wind forest strips for land protection against wind erosion on sandy soils,other,сомони,,3.00,,,,,,,,,,,8,,,,,,,,,,5,,,SLIGHTLYPOSITIVE,SLIGHTLYPOSITIVE,VERYPOSITIVE,VERYPOSITIVE,seeds and seedlings cost
1452,TJ,Irrigation of orchards by using low cost drip irrigation technique,other,Tajik Somony,4.45,3.00,,,,33.25,358.87,54.61,3.82,,,450.55,8,,,6.74,10.440000000000001,2.28,3.82,,,23.28,10,,,SLIGHTLYNEGATIVE,NEUTRAL,POSITIVE,POSITIVE,equipment for irrigation system (polyethylene tubes)
1453,TJ,Tree nurseries to test tree species adapted to local climate,other,Somoni,4.5,4.50,,,,495.55,,11.11,20.0,,,526.66,6,,,253.32,,,4.0,,,257.32,4,,,SLIGHTLYNEGATIVE,SLIGHTLYNEGATIVE,VERYPOSITIVE,VERYPOSITIVE,"The most determinate factors affecting the costs are for labour, although in the documented example, labour was provided voluntarily by the family of the land user. Costs for labour are estimates for a situation in which labour had to be paid in Tajikistan."
1454,TJ,Cascading Rock Irrigation Channel,other,Somoni,4.5,5.50,unit,,,388.89,113.33,59.11,55.56,222.22,,839.11,7,,,94.45,,,,,,94.45,2,,,VERYPOSITIVE,VERYPOSITIVE,VERYPOSITIVE,VERYPOSITIVE,"There was no real cost in construction of the rock irrigation channel. All labour, animal traction and materials were sourced locally for no cost, poplar seedlings are cuttings from local poplars, and organic compost for the trees was collected from local livestock."
1455,CN,Check dam for land,USD,,-2.17,8.80,,,,4869.0,,,,1054.0,,5923.0,3,,,132.0,,,,,,132.0,1,,,SLIGHTLYNEGATIVE,POSITIVE,POSITIVE,POSITIVE,"The wide of dam wall affects the cost greatly, the wider, more expensive.The labour cost and the distance of rock quarry are also important."
1456,GR,Application of water by drip irrigation,,,,,,,,,,,,,,,2,,,,,,,,,,2,,,POSITIVE,POSITIVE,POSITIVE,POSITIVE,"the reguired materials (tubes, filters, etc)"
1457,TJ,Landslide prevention using drainage trenches lined with fast growing trees.,other,Tajik Somoni,4.5,5.50,,,,33.34,4.44,177.78,,66.67,,282.23,5,,,16.669999999999998,,,,,,16.67,2,,,SLIGHTLYPOSITIVE,POSITIVE,VERYPOSITIVE,VERYPOSITIVE,The cost of an 80m ditch is mainly determined by labour and seedlings. Labour can be provided by the land owner and seedlings for willows and poplars can be found locally and therefore are of no cost. The stone may occur naturally but there may be transport costs.
1458,TJ,Shelterbelts with Russian Silverberry for the protection of irrigated fields,other,Somoni,4.5,5.50,,,,160.0,,300.0,,,,460.0,2,,,18.89,,,,,,18.89,1,,,SLIGHTLYNEGATIVE,NEUTRAL,POSITIVE,POSITIVE,"Labour was provided for free through the so-called ""haschar"" or neighborhood help."
1459,TJ,Reduced pressure on forest resources by improved thermal insulation in private houses,other,somoni,4.6,,,,,3.7,,,,83.69,,87.39,4,,,,,,,,,,0,,,SLIGHTLYPOSITIVE,VERYPOSITIVE,POSITIVE,VERYPOSITIVE,"The costs for the installation of windows and doors depends on their size and also whether additional work has to be done to fit the door or window hatch to the required size. With regards to the thermal insulation the costs are estimated based of the size of the area in square metres, whether it is the floor, ceiling or wall."
1460,TJ,Roof Top Rain Water Harvesting - Concrete Tank,other,Somoni,,10.00,,,,,,,,,,,6,,,,,,,,,,1,,,VERYPOSITIVE,VERYPOSITIVE,VERYPOSITIVE,VERYPOSITIVE,"Labour, tools and piping can be provided by the land user and stone for the foundation is locally available, however, there is an initial outlay of $300 for the cement, wood and metal guttering. In this example the money for the initial outlay was collected by family members working in Russia and from local salaries."
1461,TJ,Saxaul plantation for stabilisation of sandy soils,other,Somoni,4.5,5.50,,,,71.11,44.44,43.33,1.78,,,160.66,5,,UNDP,55.56,,,,,,55.56,1,,,NEUTRAL,NEUTRAL,POSITIVE,POSITIVE,"For this technology, costs are related to the use of a tractor for planting of seeds and for the purchase of seeds and fertiliser. As the plantation was implemented by the forestry agency, labour used was provided by current employees of the agency."
1462,NP,Plastic-lined conservation pond to store irrigation water,USD,,,2.10,unit,Pond,,6.3,29.2,,,,,35.5,2,,,6.3,,,,,,6.3,1,,,POSITIVE,VERYPOSITIVE,VERYPOSITIVE,VERYPOSITIVE,"Cost of plastic,  members of a household contributed as labour in all sites."
1463,IT,Controlled grazing in deciduous  woods as an alternative to grazing on  rangeland,other,euro,0.8,100.00,,,,875.0,,,,,,875.0,2,,,1218.75,,,,,,1218.75,3,,,SLIGHTLYPOSITIVE,POSITIVE,POSITIVE,POSITIVE,Labour costs are the most important determining factor affecting the costs.
1464,TJ,Spiral water pumps,other,Somoni,4.5,9.00,,,,44.44,6.67,,,447.56,198.88,697.55,13,,MSDSP,10.0,,,,,,10.0,1,,,POSITIVE,POSITIVE,,,The material needed to build such a spiral waterpump is the most important factor determining the costs.
1465,TJ,Natural spring catchment protection,other,TJS,4.5,25,,,,44.44,64.45,,,20.22,,129.11,9,,CESVI,11.11,4.44,,,,,15.55,2,,,SLIGHTLYPOSITIVE,POSITIVE,POSITIVE,POSITIVE,The cost is determined by the depth of the spring head. If it needs to be deeper it requires additonal labour and material costs.
1467,ET,traditional cut-off drain,,,,,,,,,,,,,,,0,,,,,,,,,,0,,,SLIGHTLYNEGATIVE,SLIGHTLYPOSITIVE,POSITIVE,POSITIVE,soil depth and soil type affects the time it takes to dig out the ditch
1468,ET,Hararghie Stone Faced Soil Bund,other,Birr,8.6,0.80,,,,28.37,3.08,1.4,4.65,,,37.5,5,,,2.91,,,,,,2.91,1,,,SLIGHTLYPOSITIVE,SLIGHTLYPOSITIVE,POSITIVE,POSITIVE,"slope of the land, foundation and dimension of the structure, soil depth and excavation of the ditches."
1469,ET,Gully Rehabilitation,other,Birr,8.6,0.80,,,,,,,,,,,0,,,,,,,,,,0,,,SLIGHTLYPOSITIVE,,POSITIVE,POSITIVE,"slope, labour, time of cost recovery payment (period), width (length) of the gully, availability of construction materials."
1470,IN,Silvi Pasture,other,Rupees,48.85,1.00,,,,,,,,,,,0,,,,,,,,,,0,,,NEGATIVE,SLIGHTLYPOSITIVE,POSITIVE,POSITIVE,"1- Slope : - Due to steep slope , interval between contour trench lines was less;     2- Soil Depth : - Due to stony strata, excavation cost was high;   3- Material : - Boulders were transported from outside.   4- Lead/Lift : - Due to steep slope, labour output was less 5- Drought :- Replantation costs were high"
1471,IN,Sunken streambed structure,other,Rupees,48.85,1.00,,,,4.61,0.31,,,,,4.92,2,,,0.1,,,,,,0.1,1,,,POSITIVE,POSITIVE,VERYPOSITIVE,VERYPOSITIVE,Presence of hard stata (bed rock) increases cost of excavation
1472,IN,Dugout Pond,other,Rupees,48.85,1.00,,,,,,,,,,,0,,,,,,,,,,0,,,NEUTRAL,POSITIVE,POSITIVE,POSITIVE,1- Cost of excavation increases with hardness of strata.        2- Non availability of stones locally for pitching.
1473,IN,Shelterbelts,other,Indian Rupee,48.85,1.00,,,,,,,,,,,0,,,,,,,,,,0,,,VERYNEGATIVE,SLIGHTLYNEGATIVE,POSITIVE,VERYPOSITIVE,"The above costs cover an establishment period of 5 years for 1 hectare (250 plants) of shelterbelt; year 1: pitting, planting, watering. Year 2 & 3: periodic watering, watch and ward, prunng, gap filling.  Year 4 & 5: watch and ward, pruning.  Of the total number of 391 mandays/ha. of shelterbelt, 288 mandays go towards periodic watering over the first 3 years.  Watering of plants is essential due to the semi-arid climate and sandy soil.  In addition, as supportive technology for provision of water, one borewell with handpump was established per kilometer of shelterbelt."
1474,IN,Farm pond,other,Ruppes,46.0,0.73,,,,7.83,,,,2.38,,10.21,2,,,0.16,,,,,,0.16,1,,,POSITIVE,POSITIVE,POSITIVE,POSITIVE,"If the implementation site is having the hard strata, then the cost will be more."
1475,IN,Dugout Sunken Pond with Catchment Treatment,other,Rupee,45.0,0.89,,,,5.0,1.1800000000000002,,,,2.08,8.26,7,,,0.4,,,,,0.06,0.46,3,,,SLIGHTLYPOSITIVE,NEUTRAL,POSITIVE,NEUTRAL,Availability of stone affects the cost from implementing SWC
1476,IN,Forest catchment treatment,,,,,,,,,,,,,,,4,,,,,,,,,,1,,,VERYPOSITIVE,VERYPOSITIVE,VERYPOSITIVE,VERYPOSITIVE,
1477,IN,Pepsee micro-irrigation system,,,,,,,,,,,,,,,4,,,,,,,,,,2,,,POSITIVE,POSITIVE,POSITIVE,POSITIVE,
1478,IN,"Contour ""V"" Ditch",other,Rupee,50.0,1.00,,,,0.7,,,,0.1,,0.8,2,,,,,,,,,,0,,,NEUTRAL,POSITIVE,POSITIVE,VERYPOSITIVE,"Labour availability, Availability of grass/stone , Transportation facility."
1479,IN,Sunken gully pits,other,Rupees,50.0,1.00,,,,0.74,,,,0.06,,0.8,2,,,,,,,,,,0,,,POSITIVE,POSITIVE,POSITIVE,SLIGHTLYPOSITIVE,"Labour availability, stone transportation."
1480,IN,Contour Trench cum Bund,other,Indian Rupee,50.0,1.00,,,,2.0,,,,2.0,,4.0,3,,,,,,,,,,0,,,POSITIVE,POSITIVE,POSITIVE,POSITIVE,labour
1481,IN,Diversion Weir,other,INR,40.0,2.00,,,,67.5,,,,22.5,,90.0,2,,,,,,,,,,0,,,POSITIVE,POSITIVE,POSITIVE,POSITIVE,"Cost of cement, stone and transportation"
1482,KZ,creation of meliorative plantings for struggle with erosion,USD,,,5.00,,,,15.0,30.0,165.0,,10.0,,220.0,5,,,,,,,,,,0,,,,,SLIGHTLYPOSITIVE,SLIGHTLYPOSITIVE,"Manufacturing of reed fascines, purchase and planting saxaul's seedlinfs"
1483,KE,Road runoff system - Mwingi,other,Kenya Shilling,27.0,2.22,,,,,,,,,,,0,,,,,,,,,,0,,,POSITIVE,POSITIVE,VERYPOSITIVE,VERYPOSITIVE,slope determine the depth of the channel and soil type and distance from the road to the farm determines labour requirements
1484,KE,Pitting - Machakos experience,other,Kenya Shilling,78.0,2.56,,,,,,,,,,,0,,,,,,,,,,0,,,SLIGHTLYPOSITIVE,POSITIVE,POSITIVE,POSITIVE,"when cutoff drain is to be constructed, particularly in the dry spell when the ground is hard. When the construction is done when the ground is too hard the cost of labour is high."
1485,KE,Retention ditch Murang'a,other,Kenya shilling,78.0,1.50,,,,,,,,,,,0,,,,,,,,,,0,,,SLIGHTLYPOSITIVE,SLIGHTLYNEGATIVE,VERYPOSITIVE,NEUTRAL,"labour availability, depth/width of ditch. The cost of labour"
1486,KE,Kitui Sand dams,other,Kenya shillings,78.0,2.00,,,,,,,,,,,0,,,,,,,,,,0,,,POSITIVE,VERYPOSITIVE,POSITIVE,VERYPOSITIVE,"depth of foundation trench to the rock bar, the width of the river valley and the height of the banks."
1487,KE,Water Harvesting and Enlarged Structures,other,Kenya shillings,70.0,2.00,,,,,,,,,,,0,,,,,,,,,,0,,,POSITIVE,VERYPOSITIVE,VERYPOSITIVE,VERYPOSITIVE,Soil depth - soils with a hardpan are more expensive to excavate. Labour - cost varies with seasons
1488,KE,Gully Rehabilitation,other,kenya shillings,70.0,2.14,,,,,,,,,,,0,,,,,,,,,,0,,,SLIGHTLYPOSITIVE,POSITIVE,VERYPOSITIVE,POSITIVE,"slope, soil type, timeliness of operation"
1489,KE,Pasture Mangt. through  Removal of comiphora,other,Kenya shillings,70.0,1.00,,,,,,,,,,,0,,,,,,,,,,0,,,SLIGHTLYPOSITIVE,POSITIVE,VERYPOSITIVE,VERYPOSITIVE,labour for bark ringing and fencing depending on the dencity of the comiphora
1490,KE,Gully blocking by stone checks,other,Kenya shillings,70.0,2.14,,,,,,,,,,,0,,,,,,,,,,0,,,SLIGHTLYNEGATIVE,NEUTRAL,POSITIVE,VERYPOSITIVE,cost of labour. Slope
1491,NP,Landslip and stream bank stabilisation,USD,,,1.35,area,1.4 ha,,2115.45,65.0,565.0,10.0,170.0,,2925.45,8,,By different stakeholders,55.35,10.0,5.0,,,,70.35,3,,,NEGATIVE,POSITIVE,VERYPOSITIVE,VERYPOSITIVE,labour is the major input.
1492,NP,Rehabilitation of degraded communal grazing land,other,Непалийских руппи,,2.00,,,,,,,,,,,6,,,,,,,,,,0,,,NEUTRAL,NEUTRAL,POSITIVE,POSITIVE,
1493,NP,Gully plugging using check dams,other,Nepali Rupee,73.0,2.00,,,,0.49,,,,1.0,0.41000000000000003,1.9,4,,,,,,,,,,0,,,NEUTRAL,NEUTRAL,POSITIVE,POSITIVE,
1494,NP,System of Rice Intensification,USD,,,2.10,area,1 ha,,,,,,,,,0,,,741.3,136.0,4.0,150.0,,,1031.3,5,,,NEUTRAL,POSITIVE,POSITIVE,POSITIVE,"Due to  increased off-farm employment trend , there is lack of manpower for  field operation, which increases the  labour cost ."
1495,NP,Black plastic covered farmyard manure ( FYM),USD,,,2.10,unit,black plastic sheet,,,17.6,,,,,17.6,1,,,8.4,,,,,,8.4,1,,,POSITIVE,POSITIVE,POSITIVE,POSITIVE,"Black plastic sheet, per kg cost of which  is about $3.5. It is thick (thickness: 800 micron) and durable for 4-5 years."
1496,NP,Drinking water quality improvement through conservation measures,USD,,,1.60,unit,Spring box and plants,,110.4,,4.0,,319.0,,433.4,9,,PARDYP and District Development Committee,3.2,,,,,,3.2,1,,,POSITIVE,VERYPOSITIVE,VERYPOSITIVE,VERYPOSITIVE,"Material cost was comparatively high followed by labor cost. For this technology several actors contributed. The land users contributed 61 percent, District Development Committee contributed  26 percent and PARDYP contributed 13 percent, and the department of forest and PARDYP regional coordinator contributed by providing planting materials( vetiver)."
1497,NP,Rooftop rainwater harvesting system,USD,,,2.10,unit,Rooftop rainwater harvesting system,,40.95,,,,83.69999999999999,2.1,126.75,10,,,14.7,,,,,,14.7,1,,,SLIGHTLYNEGATIVE,VERYPOSITIVE,VERYPOSITIVE,VERYPOSITIVE,"The mould and tools were provided by the project and can be used to install many water harvesting systems. Therefore, the cost of tools are not included here. Material costs fluctuate from time to time. The transport costs will vary according to the remoteness of the site. During 1999/2000, the cost of a system varied from US$80 to US$120, of which land users contributed about US$40 by providing the unskilled labour and locally available materials like sand and fine aggregates (calculated at an exchange rate of US$1 = NRs 73)."
1498,NP,Polypit nursery,USD,,,2.10,unit,Polypit nursery,,2.1,,,,5.5,,7.6,4,,,2.1,,,,,,2.1,1,,,POSITIVE,VERYPOSITIVE,VERYPOSITIVE,VERYPOSITIVE,"The plastic sheet , but it is easily affordable by the land users."
1499,NP,Improved  terraces,USD,,-1.0,1.40,,,,970.0,92.0,135.0,,80.0,10.5,1287.5,7,,,310.0,20.0,12.0,,,,342.0,4,,,NEUTRAL,POSITIVE,POSITIVE,VERYPOSITIVE,"In case of projects interested in promoting this technology in the region, the labour cost is the major expenditure in the initial stage.The labour charges are decided by the district soil conservation office."
1500,NP,Low cost micro-sprinkler irrigation,USD,,,2.10,unit,Micro-sprinkler irrigation,,4.2,12.2,,,,,16.4,2,,,2.1,,,,,,2.1,1,,,SLIGHTLYPOSITIVE,VERYPOSITIVE,POSITIVE,VERYPOSITIVE,The system itself is a dominating factor affecting the cost.
1501,NP,Low cost drip irrigation,USD,,,2.80,unit,Drip irrigation system,,2.8,25.8,,,,,28.6,2,,,4.0,300.0,,,,,304.0,2,,,POSITIVE,VERYPOSITIVE,VERYPOSITIVE,VERYPOSITIVE,
1502,NE,Cordons de pierres,USD,,,1.50,,,,37.5,3.0,,,,41.0,81.5,5,,,2.0,,,,,,2.0,1,,,NEGATIVE,SLIGHTLYNEGATIVE,SLIGHTLYPOSITIVE,SLIGHTLYPOSITIVE,Le besoin en main d'oeuvre  est le facteur le plus important concernant cette technologie.  La disponibilité de pierres pour le traitement des terres de vallée pose également parfois problème.
1503,NE,Tranchées,USD,,,0.80,,,,167.2,10.0,18.3,,,,195.5,3,,,,,,,,,,0,,,,,,,"profondeur, main d'œuvre"
1504,NE,Murets,USD,,,0.80,,,,114.7,10.0,8.8,,,,133.5,3,,,,,,,,,,0,,,,,,,pente (écartement entre les murets); profondeur; main d'œuvre
1505,NE,Protection biologique des berges de Kori,USD,,,0.80,,,,24.0,5.0,30.0,,146.0,,205.0,4,,,,,,,,,,0,,,,,,,Longeur du kori.  Main d'oeuvre.
1506,PE,Rehabilitation of ancient terraces,,,,,,,,,,,,,,,6,,,,,,,,,,2,,,NEUTRAL,POSITIVE,VERYPOSITIVE,VERYPOSITIVE,
1507,PH,Small Water Impounding  Project (SWIP),other,Phil. Peso,40.0,4.00,,,,975.0,1375.0,,,,,2350.0,2,,,22.5,9.38,,,,,31.88,2,,,SLIGHTLYNEGATIVE,VERYPOSITIVE,VERYPOSITIVE,VERYPOSITIVE,"The source of materials like stones/gravels affect the cost.  Usually, these are hauled from long distances.  Also the construction of access roads adds substantially to the cost."
1508,TJ,A woollen water retention bed installed under the roots of a tree irrigated by a pipe feed.,other,Somoni,4.7,,,,,0.43,,,,0.85,,1.28,2,,,,,,,,,,0,,,NEUTRAL,NEUTRAL,POSITIVE,VERYPOSITIVE,"In this situation, the wool is free to the farmers as they obtain it from their own sheep.
The labour is provided free of charge by the farmers themselves."
1509,TJ,Reafforestation of Tugai floodplain ecosystem,other,Tajik Somoni,4.5,5.50,,,,6.04,27.15,19.67,3.93,,,56.79,5,,,22.22,2.22,,,,,24.44,2,,,NEUTRAL,SLIGHTLYNEGATIVE,POSITIVE,POSITIVE,"The intial costs of the activities are met by the donor project budget, the labourers are paid directly for their efforts under a `food for work' scheme. The seedlings, transport and tools are provided for planting, and the inhabitants are reimbursed in the longer term by the establishment of tree nurseries and fruit tree orchards."
1510,CO,Manejo ecológico de laderas,other,pesos colombianos,1400.0,2.50,,,,,,,,,,,0,,,,,,,,,,0,,,NEUTRAL,POSITIVE,POSITIVE,VERYPOSITIVE,Mano de obra: el establecimiento de la tecnología se realiza en minga (grupos) y el propietario de la finca donde se está trabajando se preocupa de la alimentación. Materiales y plántulas se pueden conseguir en la finca comunitaria o en el propio vivero del agricultor (ver enfoque).
1511,CR,Agrosilvicultura con café orgánico,other,colones,315.0,7.00,,,,,,,,,,,0,,,,,,,,,,0,,,,,,,"Pendiente fuerte, costo mano de obra, costo de los insumos."
1512,GR,Land terracing in olive groves,other,Euro,1.39,80.00,,,,,1402.88,,,,,1402.88,1,,,,43.17,,,,,43.17,1,,,NEGATIVE,POSITIVE,POSITIVE,POSITIVE,"Slope angle, soil depth, parent material"
1513,TJ,Сочетание сенокоса и выращивания фруктов с террасами,other,Сомони,3.42,0.70,,,,,,,,,,,0,,,,,,,,,,0,,,,,,,"Сегодня расходы определяются согласно затратам труда, тогда как при создании и до распада СССР расходы на пестициды, удобрения, новые деревья и оборудование были очень высокими"
1514,TJ,Ежедневная и сезонная ротация лугов,other,Сомони,3.42,6.10,,,,,,,,,,,0,,,,,,,,,,0,,,,,,,"Покупка собственного стада и его содержание являются наиболее дорогостоящими факторами, особенно если в стаде есть больные или погибшие животные"
1515,TJ,Planting poplar forest in the flood plains of high mountain river areas,other,Somoni,4.53,30,,,,1357.6100000000001,2097.13,,441.5,,860.9300000000001,4757.17,12,,,2728.48,,,,,364.24,3092.72,6,,,SLIGHTLYNEGATIVE,NEGATIVE,VERYPOSITIVE,VERYPOSITIVE,"Labour is the most determinate factor affecting the costs, however, in this situation, most of it was provided by the land users themselves. Costs reported are those for additional labour that would need to be paid for."
1516,ES,Vegetated earth-banked terraces,other,EURO,0.63,79.00,,,,428.57,679.37,346.03,,,,1453.97,3,,,44.44,38.1,34.92,,,,117.46,3,,,NEGATIVE,NEUTRAL,NEUTRAL,SLIGHTLYPOSITIVE,Price of fuel and labour are the most important determinants of the costs.
1517,ES,Water harvesting from concentrated runoff for irrigation purposes,other,EURO,0.63,79.00,,,,238.1,555.56,,,634.92,,1428.58,3,,,6.35,19.05,,,39.68,,65.08,3,,,NEGATIVE,POSITIVE,POSITIVE,POSITIVE,Labour costs and price of concrete are the most determinate factors affecting the costs.
1518,TJ,Two Room Stove,other,сомони,,4.00,unit,Stove,,,,,,,,,10,,,,,,,,,,1,,,NEGATIVE,NEUTRAL,VERYPOSITIVE,POSITIVE,"The main cost is the fire bricks. These have to be transported from the capital. However, in some regions of Tajikistan, materials are available from stoves that were constructed several decades ago which could be reused."
1519,TJ,Rotational grazing supported by additional water points,other,сомони,,6.00,,,,,,,,,,,4,,Caritas,,,,,,,,2,,,POSITIVE,POSITIVE,POSITIVE,POSITIVE,"Distance to the water source, and the availability of high resolution satellite maps (the technology is cheaper if maps are available because the planning process gets facilitated)."
1520,TJ,Planting of fruit trees to increase slope stabilisation,other,somoni,4.5,25.00,,,,377.78,26.67,711.11,50.0,1066.67,,2232.23,7,,Horticulture Institue,55.56,,,,,,55.56,1,,,SLIGHTLYNEGATIVE,NEGATIVE,POSITIVE,SLIGHTLYPOSITIVE,"The main issue was the procurement of the fruit trees from a reliable credible source. Since the start of the project, land users purchased trees from local tree nurseries but the trees were of poor quality and some already had signs of disease. The scarity of natural resources, and the lack of controlled grazing means that wire fencing had to be used, This could only be purchased outside of the district and thus incurred high transport costs."
1521,BW,Biogas,other,Pula,6.5,1.08,,,,30.46,149.08,,,4.77,,184.31,6,,,,5.08,,,,,5.08,1,,,NEGATIVE,POSITIVE,POSITIVE,POSITIVE,"Material, labour and equipment used in construction are the most determining factors affecting the costs (installation cost is US$ 1198)."
1522,CN,Progressive bench terrace,USD,,,14.2,,,,6351.0,,,,,,6351.0,2,,,219.0,,,,,,219.0,1,,,SLIGHTLYPOSITIVE,POSITIVE,POSITIVE,POSITIVE,"Slope is the most important factor. The steeper it is, the higher the cost. Labour was not considered as a cost before, but now it is expensive so that some local farmers do not use this technology."
1523,CV,Afforestation,,,,,,,,,,,,,,,3,,,,,,,,,,1,,,NEGATIVE,NEUTRAL,POSITIVE,VERYPOSITIVE,"The labour affects the costs more than other factors. Paid labour is a way to achieve additional income for many people in this area. The employer (Directorate General of Agriculture, Sylviculture and Livestock of the Ministry of Rural Development) provides 90% of the cost  of the equipment. The lifetime of the equipment is 10-15 years."
1524,ET,Jatropha curcas hedge,other,Ethiopian Birr,16.82,1.00,,,,1.54,0.3,0.12,,,,1.96,5,,,1.49,0.3,,,,,1.79,6,,,SLIGHTLYNEGATIVE,VERYPOSITIVE,VERYPOSITIVE,VERYPOSITIVE,"Rough topology in the area, questionable availability of construction materials if they are not found nearby."
1525,TJ,Rational use of empty and narrow parts along roads as well as the very in stony and unproductive areas of the floodplains by planting willow trees (considering the land shortage problems),other,4.8,4.8,,,,,,,,,,,,0,,,,,,,,,,0,,,POSITIVE,,VERYPOSITIVE,,"Far away from water sources, very stony, slopy area"
1526,ET,Stone wall check dam,other,Ethiopian Birr,16.82,1.00,,,,69.26,0.3,,,,,69.56,2,,,29.73,0.3,,,,,30.03,2,,,VERYNEGATIVE,SLIGHTLYNEGATIVE,POSITIVE,POSITIVE,"Rough topology in the area, questionable availability of construction materials if they are not found nearby."
1527,UZ,Pasture rotation in the desert areas of Uzbekistan (CACILM),other,Uzbek sum,1630.0,10.00,,,,0.27,1.8399999999999999,,,0.01,,2.12,4,,,4.06,1.5899999999999999,,,,,5.65,3,,,POSITIVE,POSITIVE,VERYPOSITIVE,VERYPOSITIVE,The majority of incurred cost is from the restoration of wells (repair and procurement of pumps to lift water from the wells) and the expertise required to develop pasture rotation scheme and train the local community in effective pasture use.
1528,BF,Vallerani System,USD,,,2.5,area,100 hectares,,,,,,,,,2,,"The NGO REACH AFRICA which implements the project is also supported by REACH ITALIA which  mainly works for foundraising. They have many different founders. After the first years, thanks to the collaboration and founding by the Swiss Association Deserto Verde Burkinabé and the good results achieved, founders are more likelly to be found. The main are: different NGO's, some Italian Municipalities, a Swiss school, the Gouvernement of Burkina Faso, FAO, international cooperation agencies of Luxembourg and Belgium, a mining company and others.",,,,,,,,0,,"The NGO REACH AFRICA which implements the project is also supported by REACH ITALIA which  mainly works for foundraising. They have many different founders. After the first years, thanks to the collaboration and founding by the Swiss Association Deserto Verde Burkinabé and the good results achieved, founders are more likelly to be found. The main are: different NGO's, some Italian Municipalities, a Swiss school, the Gouvernement of Burkina Faso, FAO, international cooperation agencies of Luxembourg and Belgium, a mining company and others.",POSITIVE,POSITIVE,VERYPOSITIVE,VERYPOSITIVE,"Upfront costs for the aquisition of the required implements are around 40,000 EUR for the plow and 75,000 EUR for the tractor. Depending on the maintenance activities, the spares and fuel costs can be reduced. Fuel, oil and spares also greatly depend from the characteristics of the soil and the purpose of the project."
1529,TM,Stabilization and afforestation of sand dunes around settlements in the Karakum Desert (CACILM),other,Turkmen manat,2.86,20,,,,828.6700000000001,483.92,437.06,,458.03999999999996,,2207.69,9,,,90.91,131.12,,,,,222.03,2,,,POSITIVE,POSITIVE,VERYPOSITIVE,VERYPOSITIVE,"There is no special machinery for reed harvesting and packing. Therefore, only manual labor is used. The cost of transporting building materials depends on the type of transport needed and the distance to the place of harvesting. Only one leskhoz (state forestry enterprise) cultivates psammophytic plants, therefore they are expensive"
1531,TM,Growing Arundo reeds (Arundo donax L.) to create buffer zones around households (CACILM),other,turkmen manat,2.86,20,,,,1503.1499999999999,205.25,583.92,,426.57000000000005,55.94,2774.83,10,,,139.86,,,,,,139.86,1,,,SLIGHTLYNEGATIVE,SLIGHTLYPOSITIVE,VERYPOSITIVE,VERYPOSITIVE,"The costs were calculated according to the scheme provided by the farmers growing Arundo reeds at their plots. Manual labor is primarily used in planting and furrowing (there is no agricultural machinery for furrowing in the village). If mechanized furrowing was introduced, the cost of the technology per 1 ha could be reduced"
1532,TM,Planting forest  on mountain slopes using moisture accumulating trenches (CACILM),other,Turkmen manat,2.86,10.00,,,,105.03,309.83000000000004,41.61,,353.85,,810.32,10,,,167.83,,,,,,167.83,1,,,SLIGHTLYPOSITIVE,SLIGHTLYPOSITIVE,VERYPOSITIVE,VERYPOSITIVE,"The cost of the materials for fencing the site to prevent access by animals. Seedlings of Turkmen juniper and Turkmen maple are rarely cultivated in nurseries, and this leads to a rise in the cost of planting materials"
1533,UZ,Afforestation for rehabilitation of degraded irrigated croplands (CACILM),other,Узбекский сум,,10.00,,,,,,,,,,,7,,,,,,,,,,2,,,NEGATIVE,SLIGHTLYPOSITIVE,VERYPOSITIVE,VERYPOSITIVE,"Most costs are incurred in the procurement of seedlings. The cost of hired labour required to plant the seedlings is also high. However, the tradition of community-based voluntary activities to help implement social projects (the khashars) may help in reducing the cost of planting considerably."
1534,PT,Prescribed fire,other,EURO,136.94,100.00,,,,0.18,0.18,,,,,0.36,2,,,,,,,,,,0,,,VERYPOSITIVE,,VERYPOSITIVE,,"Prescribed fire costs: timing, the right number in the  team, fuel type and specific local conditions (slope and vegetation) are the most important determining factors affecting the costs."
1535,TR,Woven Wood Fences,,,,,,,,,,,,,,,3,,,,,,,,,,2,,,NEUTRAL,VERYPOSITIVE,VERYPOSITIVE,VERYPOSITIVE,
1536,TD,Water-spreading weirs for the development of degraded dry river valleys,,,,,,,,,,,,,,,3,,,,,,,,,,3,,,NEGATIVE,SLIGHTLYPOSITIVE,VERYPOSITIVE,VERYPOSITIVE,
1537,KE,Sand dams,other,Kenyan Shilling,83.0,2.50,,,,26.210000000000004,3.61,,,71.02,36.14,136.98,9,,,,,,,,,,0,,,POSITIVE,VERYPOSITIVE,VERYPOSITIVE,VERYPOSITIVE,"Each dam is individually designed. The size, design and cost of a dam varies considerably with the size of the river and to a lesser extent, location and transport costs. Sand dams are the world’s lowest cost method of capturing rainwater in dry rural areas by a factor of 3 to 30 times compared to rain water harvesting tanks, earth dams, haffirs and rock catchments."
1538,KG,Spring cleaning and creating a water point,other,soms,40.0,10.00,,,,2.8,,,,5.0,,7.8,2,,,0.3,,,,,,0.3,1,,,POSITIVE,,POSITIVE,,"The cost depends on the depth of the troughs, the type of soil, labor cost and price for cement."
1539,TJ,Irrigation and grassing of the high semi-desert grassland,other,somoni,4.52,7.00,,,,,,,,,,,0,,,,,,,,,,0,,,POSITIVE,VERYPOSITIVE,VERYPOSITIVE,VERYPOSITIVE,
1540,HT,Practiques biologiques et structures physiques,other,Gourdes haitiennes,40.0,800,,,,18190.0,390.0,962.5,,7176.0,,26718.5,7,,,,,,,,,,0,,,VERYPOSITIVE,VERYPOSITIVE,VERYPOSITIVE,VERYPOSITIVE,La main d'oeuvre est le facteur le plus déterminant car elle représente à elle seule au moins 37.5 % des couts ce qui reflète la contribution des exploitants dans la mise en oeuvre de la technologie.
1541,TJ,Gully rehabilitation,other,Somoni,4.5,7.00,,,,595.56,,,,177.78,,773.34,4,,Tajik Soil Institue,,,,,,,,0,,,NEUTRAL,POSITIVE,VERYPOSITIVE,VERYPOSITIVE,"buying seeds, tools, additional labor cost needs to be filled out more."
1542,TJ,Выращивание  винограда в высокогорной  холодной каменисто-песчаной пустыне.,,,,,,,,,,,,,,,0,,,,,,,,,,0,,,SLIGHTLYNEGATIVE,SLIGHTLYPOSITIVE,VERYPOSITIVE,VERYPOSITIVE,Подача оросительной воды к саду -прокладка трубопровода или же использование насоса для подачи воды с реки (т.е. обеспечение оросительной водой)
1543,TJ,Gully Rehabilitation with Native Trees,other,Tajik Somoni,4.7,12.00,,,,34.260000000000005,,35.32,,,,69.58,3,,,2.55,,,,,,2.55,2,,,NEUTRAL,POSITIVE,VERYPOSITIVE,VERYPOSITIVE,"The material is relatively affordable. Money intensive factor are the seedlings during establishment phase. Following years the trees reproduce themselves. The establishment of the technology, the planting of the trees and the building of the stonewall require a lot of labour input in the initial phase. As the whole technology does not have to be implemented at once, the work can be split-up over years."
1544,CN,Shrubbery buffer strip with bund,other,RMB,6.25,9.25,,,,62.98,14.08,1.54,,,,78.6,5,,,,,,,,,,0,,,SLIGHTLYNEGATIVE,NEUTRAL,POSITIVE,VERYPOSITIVE,The most determinate fators affecting the cost is labour
1545,TJ,Degraded communal pasture Obishur,other,Somoni,4.83,12.40,,,,,,,,,,,0,,,,,,,,,,0,,,,,,,It wouldn not be expensive to hold regular meetings between the livestock keeping families for a better organization of the grazing area. The installation of a water point is very costly and labour intensive in contrast.
1546,ET,Large semi circular stone bunds,other,Birr,18.0,2.50,,,,203.72,4.17,,,,,207.89,2,,,6.5,,,,,,6.5,1,,,POSITIVE,VERYPOSITIVE,VERYPOSITIVE,VERYPOSITIVE,"Labour, slope, stone availability and size."
1547,ET,Check dam ponds,other,Birr,18.0,2.50,,,,259.89,,,,406.71000000000004,,666.6,5,,,,,,,,,,0,,,VERYPOSITIVE,VERYPOSITIVE,VERYPOSITIVE,VERYPOSITIVE,"Labour, availability of construction material, depth and width of gully."
1548,TJ,Degraded communal pasture Chukurak,other,Somoni,4.83,5.00,,,,,,,,,,,0,,,,,,,,,,0,,,,,,,Rehabilitation labour (regarding structural measures for DDR for riverbed stabilisation or trees planting) is more cost intensive than preventive measures as pasture management.
1549,SY,Semi-circle bunds,other,Syrian pound (SYP),50.0,,,,,15.06,3.68,,,20.58,,39.32,3,,,1.08,,,,,,1.08,1,,,SLIGHTLYNEGATIVE,SLIGHTLYNEGATIVE,SLIGHTLYPOSITIVE,POSITIVE,"stone availability
field accessibility"
1550,RW,Trenches combined with living hedges or grass lines,other,Rwandan Francs,640.0,1000,,,,187.5,203.12,3.12,,,,393.74,5,,,73.43,37.5,,,,,110.93,5,,,NEUTRAL,SLIGHTLYNEGATIVE,VERYPOSITIVE,VERYPOSITIVE,The most determining factor affecting the cost  is labor (the cost of labor increases with the nature of the soil structure as well as with the land steepness.
1551,RW,Lining geomembrane plastics for water harvesting and storage,other,Rwandan francs,640.0,1000,,,,562.5,468.75,,,222.85,,1254.1,8,,,15.62,,,,,,15.62,1,,,NEUTRAL,SLIGHTLYPOSITIVE,VERYPOSITIVE,VERYPOSITIVE,The most factors that affects the cost is the construction materials and labor.
1552,TJ,Current wheat crop in rotation with chickpea cultivation,other,Somoni,4.83,12.40,,,,48.69,13.71,12.86,12.86,,,88.12,8,,,,,,,,,,0,,,,,,,"Establishment and maintenance cost are similar. Agricultural inputs as seeds and fertilizer are the highest expenditures. As soil nutrients are washed out, the fertilizer input rises gradually."
1553,RW,Radical Terraces,other,Rwandan francs,640.0,1000,,,,237.49,,,625.01,,1109.35,1971.85,13,,,31.240000000000002,,,,,3.12,34.36,5,,,NEGATIVE,VERYNEGATIVE,VERYPOSITIVE,NEUTRAL,"Factors that affect the cost are labor, soil structure and slope"
1554,TJ,Silvo-pastoralism: Orchard with integrated grazing and fodder production,other,Somoni,4.83,12.40,,,,40.35,0.14,42.86,,25.71,,109.06,4,,,79.36,,,1.61,,,80.97,2,,,SLIGHTLYPOSITIVE,POSITIVE,POSITIVE,POSITIVE,"Apart from the orchard, the whole property was rebuilt with roads, fences and tree planting which caused high initial costs during the establishment phase."
1555,TJ,Pasture management of a communal grazing land,USD,,,12.40,,,,,,,,,,,1,,,,,,,,,,1,,,NEUTRAL,NEUTRAL,SLIGHTLYPOSITIVE,POSITIVE,"There are no costly factors, the most important input is a good planning, coordination and consistent execution of the rotational grazing system.
The installation of a waterpoint would be needed but it is a very costly installation."
1556,CN,Closed Pipe-conduit,other,Ren Min Bi,6.25,60.00,,,,10.24,39.68000000000001,,,102.4,,152.32,4,,,,3.84,,,,,3.84,1,,,NEGATIVE,SLIGHTLYNEGATIVE,SLIGHTLYPOSITIVE,POSITIVE,The most determinate factors  is the cost of corrugated plastic conduit.
1557,BI,Foyers améliorés,USD,,,1.50,,,,128.0,327.0,,,1264.25,,1719.25,9,,,146.0,,,,1402.0,,1548.0,4,,,POSITIVE,VERYPOSITIVE,VERYPOSITIVE,VERYPOSITIVE,"Main d'oeuvre ( personnes jours), matériaux, Nombre de foyers améliorés."
1558,KE,Productive use of the riparian area using Napier grass and protection of the riverbank with indigenous trees at Kapingazi River,USD,,,3.33,unit,,,31.5,,8.0,,,,39.5,4,,,13.620000000000001,,,,,,13.62,3,,,NEGATIVE,NEGATIVE,POSITIVE,POSITIVE,
1559,KE,Tree row and grass strip to sustain filtering and productive function of the riparian zone,USD,,,3.33,,,,53.34,,13.1,,,,66.44,6,,,266.66,,,,,,266.66,2,,,SLIGHTLYNEGATIVE,SLIGHTLYNEGATIVE,POSITIVE,SLIGHTLYPOSITIVE,
1560,YE,Bench terraces covered with small stones,USD,,,6.30,,,,42430.0,100.0,,,,,42530.0,2,,,236.0,,,,,,236.0,2,,,SLIGHTLYNEGATIVE,SLIGHTLYPOSITIVE,POSITIVE,POSITIVE,"1- Collecting and transporting stones and arable soil manually as a result of the bad road accessibility.     
2- Severe steep slopes"
1561,UG,Trenches,other,Ugshs,2600.0,1.15,,,,0.04,0.0,,,,,0.04,2,,,0.01,,,,,,0.01,1,,,,POSITIVE,POSITIVE,,"-Human labor is scarce.
-High cost of labor. 
-Land users require constant monitoring & mobilization."
1562,YE,Diversion construction with gates and distribution channels,USD,,,7.00,,,,1624.0,109.3,,,,,1733.3,5,,,105.0,,,,,,105.0,2,,,NEUTRAL,SLIGHTLYPOSITIVE,POSITIVE,VERYPOSITIVE,"- Transportation and gradient
- difficult roads
- cutting stones"
1563,HN,Barreras vivas de Saccharum s. und Pennisetum m.,other,lempiras,13.0,1.40,,,,,,,,,,,0,,,,,,,,,,0,,,,,,,"El cercado cuesta mano de obra y material (postes, alambre); el material vegetativo se distribuye gratis, pero se necesita fertilizante para establecer la práctica."
1564,HN,Acequias de infiltración,other,lempiras,13.0,1.40,,,,,,,,,,,0,,,,,,,,,,0,,,,,,,"Mano de obra, pedregosidad y profundidad del suelo."
1565,NI,Terrazas individuales,other,Córdobas,12.5,2.00,,,,6.4,,,,,,6.4,1,,,0.48,,,,,,0.48,1,,,VERYNEGATIVE,POSITIVE,SLIGHTLYPOSITIVE,POSITIVE,"disponibildad de piedras, pendiente"
1566,SN,Agroforestry community garden,other,CFA,455.0,,,,,,,,,,0.09,0.09,1,,"NGO Enda Tiers-Monde, Papel and the governement agent for water and forest",,,,,,,,0,,,NEUTRAL,SLIGHTLYPOSITIVE,SLIGHTLYPOSITIVE,SLIGHTLYPOSITIVE,water from borehole for watering of seedlings in tree nursery
1567,KE,Riparian forest to improve riverbank stabilization,USD,,,2.70,unit,Riparian area,,14.0,,4.99,,,,18.99,4,,,,,,,,,,0,,,SLIGHTLYNEGATIVE,NEUTRAL,SLIGHTLYPOSITIVE,SLIGHTLYPOSITIVE,
1568,TN,Area closure and reforestation with Acacia,other,Tunisian Dinar,1.65,6.00,,,,200.0,,,,1454.5500000000002,,1654.55,3,,,18.18,,,,,,18.18,1,,,NEUTRAL,NEUTRAL,SLIGHTLYPOSITIVE,NEUTRAL,The most determinate factor affecting the costs is tree nursing. This factor is not only labour intersive but also high in water demand.
1569,KE,Natural riparian vegetation to sustain a stable riverbank at Naro Moru River,other,Kenyan Shilling,90.0,2.70,unit,Riparian area,,,,,,,,,0,,,0.07,,,,,,0.07,1,,,NEUTRAL,NEUTRAL,SLIGHTLYPOSITIVE,SLIGHTLYPOSITIVE,
1570,KE,Keeping natural riparian vegetation and stabilizing riparian with gabions at Naro Moru River,other,Kenyan Shilling,90.0,2.70,unit,Gabion,,0.07,,,,0.89,,0.96,2,,,,,,,,,,0,,,NEGATIVE,NEUTRAL,SLIGHTLYPOSITIVE,POSITIVE,The price for the metal wire is the most cost determinant factor.
1571,CV,Dams,other,ECV,80.0,6.25,,,,,,,,,,,0,,,,,,,,,,0,,,,,,,"Labor (cost) access due to transport of materials, mainly cement, sand and stone"
1572,CV,Muret,other,ECV,80.0,5.94,,,,146.47,2.95,,,,,149.42,2,,,,,,,,,,0,,,,,,,Labor; slope.
1573,CV,Reforced terraces for stone walls,other,ECV,80.0,6.25,,,,8.59,4.69,,,10.94,,24.22,3,,,,,,,,,,0,,,NEGATIVE,POSITIVE,POSITIVE,VERYPOSITIVE,
1574,CV,Barreiras Vivas de Leucaena,other,ECV,80.0,3.12,,,,2.15,0.78,46.88,,,,49.81,3,,,0.08,0.06,,,,,0.14,2,,,SLIGHTLYNEGATIVE,NEUTRAL,POSITIVE,POSITIVE,"The cost of seedlings is the more diterminate cost, but the seedlings is produced by the project in arboretum,  before de planting when it,s transplanted to the soil. The cust of the production in arboretum is more less than the seedlings cust."
1575,PH,Resoiling (Pit with manure),other,Peso,50.0,3.00,,,,,,,,,,,0,,,,,,,,,,0,,,NEGATIVE,NEGATIVE,VERYPOSITIVE,VERYPOSITIVE,"Soil texture is the most crucial factor affecting costs. High labor is required in hauling filling materials to replace the sand in the planting hole.  Also because of low water holding capacity, the plants have to be watered at least once a week during the dry season."
1576,CN,Biogas Digester for Biomass Energy,,,,,,,,,,,,,,,3,,,,,,,,,,0,,,NEGATIVE,POSITIVE,POSITIVE,POSITIVE,
1577,UG,Afforestation /Tree planting,other,UGX,2600.0,3.85,,,,0.01,0.0,0.0,,,,0.01,3,,,0.0,0.0,0.0,,,,0.0,3,,,NEUTRAL,NEUTRAL,VERYPOSITIVE,VERYPOSITIVE,Availability and cost of labour are the most determinate factors affecting establishment and maintenance of the technology.
1578,YE,Building Walls's stones to protect lands and building outlet to drain excess water,USD,,,7.00,,,,4690.0,107.01,,,,,4797.01,7,,,140.0,,,,,,140.0,1,,,NEUTRAL,POSITIVE,POSITIVE,VERYPOSITIVE,"The most determinate factors affecting the costs are the collection and the transport of stones, and the difficulty of the road"
1579,ES,Selective clearing and planting experiment to promote shrubland fire resilience,other,Euro,0.74,47.00,,,,,5451.349999999999,6198.65,,,,11650.0,3,,,,602.7,,,,,602.7,1,,,SLIGHTLYNEGATIVE,VERYPOSITIVE,VERYPOSITIVE,VERYPOSITIVE,"Slope (if the slope is steep, the work is much more difficult and takes more time), distance from a street (people can work less in a day if they have to walk far to clear/plant), vegetation density (it takes more time to clear a densely vegetated area)."
1580,KE,Trees in the riparian area as a protective and aesthetic advantage at Naro Moru River,USD,,,2.70,unit,,,116.67,,,,,,116.67,3,,,50.0,,,,,,50.0,2,,,VERYNEGATIVE,NEGATIVE,VERYPOSITIVE,VERYPOSITIVE,
1581,KE,Stonelines,other,Kshs,80.0,2.50,unit,Stonelines,,0.06,0.48,,,0.02,,0.56,6,,,0.44,,,,,,0.44,1,,,SLIGHTLYPOSITIVE,POSITIVE,POSITIVE,POSITIVE,"The system is labour intensive and hence will affect the cost of constructing the stonelines. However, availability of farm equipments like wheelbarrows, mattocks or oxen will help reduce the total cost and time required for construction and maintaining the stonelines. On steep slopes, the spacing between the lines is small as compared to a relatively gentle slope."
1582,DE,Water retention polders without agriculture to improve water  management,other,Euro,0.94,100.00,,,,22340425.53,9574468.09,,,797872.34,,32712765.96,3,,,851.06,319.15,,,106.38,2415.64,3692.23,4,,,VERYNEGATIVE,NEUTRAL,NEUTRAL,POSITIVE,"The establishment costs are for the whole retention area (3 000 ha). The establishment period will be half a year.
Mainly the elevation in the region determines the costs as the height of the dams depend on the elevation. Typical heights are 1 m up to 2 m with a slope of 1:3."
1583,DE,Water retention polders to improve  water management,other,Euro,0.94,100.00,,,,10638297.87,4255319.15,,,119148.94,,15012765.96,3,,,531.91,212.77,,,106.38,2415.64,3266.7,4,,,NEGATIVE,SLIGHTLYPOSITIVE,SLIGHTLYPOSITIVE,VERYPOSITIVE,"The establishment costs are for the whole retention area (500 ha). The establishment period will be half a year.
Mainly the elevation in the region determines the costs as the height of the dams depend on the elevation. Typical heights are 1 m up to 2 m with a slope of 1:3."
1584,ES,Afforestation with Pinus Halepensis after the fire of 1979 (La Molinera),other,Euro,0.74,47.00,,,,,6563.51,,,,,6563.51,1,,,,3281.08,,,,,3281.08,1,,,NEGATIVE,NEUTRAL,POSITIVE,NEUTRAL,"The costs of a plantation can be affected by numerous factors, such as slope (if the slope is steep, the work is much more difficult and takes more time, also because machines cannot be used on steep slopes), distance from a street (people can work less in a day if they have to walk far to plant), stone content of the soil (if there are many stones the work is much more difficult for the machines), soil type (plantations work much better on previous cropland because the soil is more fertile), origin of the seedlings (adapted to the local climatic conditions), variability/uncertainty of the weather conditions (e.g. droughts, freezing). If there are adverse climatic conditions or other negative circumstances the afforestation will not work well and this might cause higher costs."
1585,TJ,Pasture management through rotational grazing,USD,,,12.40,,,,,,,,,,,1,,,434.8,,,,,155.0,589.8,2,,,POSITIVE,POSITIVE,VERYPOSITIVE,VERYPOSITIVE,The farmer already owns the land user certificate for the property and only has to pay annual taxes and the people who control the pasture. He covers these costs with the rent he gets for the grazing livestock.
1586,ES,Selective forest clearing to prevent large forest fires,other,Euro,0.74,47.00,,,,545.95,2735.14,,,,,3281.09,2,,,,602.7,,,,,602.7,1,,,VERYPOSITIVE,VERYPOSITIVE,VERYPOSITIVE,VERYPOSITIVE,"The costs of selective forest clearing can be affected by numerous factors, such as slope (if the slope is steep, the work is much more difficult and takes more time), vegetation density (it takes more time to clear a dense area) and vegetation type (pine forest or shrubland), distance from a street (people can work less in a day if they have to walk far to clear). Important to note is that maintenance costs could increase with an increase in rainfall because the vegetation will grow faster."
1587,UG,Planting pits for soil fertilisation and moisture improvement,other,UGX,2500.0,4.00,,,,0.02,0.0,,0.02,,,0.04,3,,,0.0,0.0,,0.01,,,0.01,3,,,POSITIVE,VERYPOSITIVE,VERYPOSITIVE,VERYPOSITIVE,"Availability of labour and animal manure are the most important factors affecting cost of the establishment activities. To reduce cost of labour it is recommended to apply Farmer Field Schools approach. To reduce cost of manure farmers can produce their own farmyard manure, e.g. by implementing zero-grazing technology."
1588,UG,Improved fodder production on degraded pastureland,other,UGX,2500.0,4.00,,,,0.04,0.0,0.01,0.01,0.1,,0.16,6,,,0.02,0.0,0.01,0.01,0.06,,0.1,6,,,SLIGHTLYNEGATIVE,POSITIVE,VERYPOSITIVE,VERYPOSITIVE,Fencing the land is the most important factor in establishing the technology.  The whole cattle corridor is an extended range land with a lot of livestock.  Fodder plots constantly face destruction by freely roaming livestock and therefore fencing is a requirement.  Paddocking also requires fencing to divide the farm into portions of pasture.  Both materials and labor are costly.
1589,UG,Stone lines,other,UGX,2500.0,10000.00,,,,0.48,0.02,,,,,0.5,2,,,0.05,,,,,,0.05,1,,,,,VERYPOSITIVE,VERYPOSITIVE,Labor is the factor that influences costs. Digging up and carrying stones up and across slopes is a labor intensive activity.
1590,NP,Unexpected flood risk control in village,USD,,,,,,,941.17,,,,,,941.17,1,,,,,,,,,,0,,,NEGATIVE,,SLIGHTLYNEGATIVE,,The most determinate factor affecting the cost is land structure. Land contains loamy soil which made it difficult for construction of ditch.
1592,ES,Cleared strip network for fire prevention (firebreaks),other,Euro,0.74,47.00,,,,1479.73,912.16,,,,,2391.89,2,,,,752.7,,,,,752.7,1,,,VERYPOSITIVE,VERYPOSITIVE,VERYPOSITIVE,VERYPOSITIVE,"The costs of the establishment of firebreaks can be affected by numerous factors, such as slope (if the slope is steep, the work is much more difficult and takes more time, because machines cannot be used on steep slopes), vegetation density (it takes more time to clear a dense area), stone content of the soil (if there are many stones the work is much more difficult for the machines and more dangerous for the workers), availability of a road (where a firebreak can be established, costs can be saved). Important to note is that maintenance costs could increase with an increase in rainfall because the vegetation will grow faster (otherwise firebreaks are quite resistant against climate change or weather extremes). Furthermore, modifying a normal tractor for forest management can be extremely expensive."
1595,UG,Rubagano rooftop rainwater harvesting system (with concrete/brick tank),other,UGX,2500.0,10.00,,,,0.2,0.01,,,0.4,,0.61,6,,,0.03,0.0,,,0.06,,0.09,6,,,NEGATIVE,NEUTRAL,VERYPOSITIVE,VERYPOSITIVE,Skilled labor for the construction of the underground tank
1597,ET,Gully erosion management,other,ETB,20.0,2.50,,,,415.95,45.540000000000006,5.37,0.79,76.19,,543.84,10,,,45.1,0.23,2.17,0.42,5.5,,53.42,8,,,SLIGHTLYPOSITIVE,POSITIVE,POSITIVE,VERYPOSITIVE,"The costs for gully erosion management is dependent upon labor, material and transport costs, workability of the soil and maintenance costs."
1598,ET,Area closure on degraded lands,other,ETB,20.0,2.50,,,,88.3,15.03,21.28,,65.0,,189.61,5,,,31.2,,12.5,,,,43.7,2,,,SLIGHTLYPOSITIVE,POSITIVE,POSITIVE,VERYPOSITIVE,"The costs of area closure affected by the labour availability, regeneration capacity of trees on the degraded lands"
1599,NP,Pipe Irrigation,other,rupees,98.47,,,,,,,,,,,,4,,,,,,,,,,0,,,NEUTRAL,POSITIVE,POSITIVE,POSITIVE,Area to be covered by the pipeline and distance from the source are the most determinate factors.
1600,GR,Grazing land afforestation with Ceratonia siliqua (carob trees) in the Mediterranean,other,Euro,0.73,80.00,,,,5150.68,4136.99,1123.29,,2972.6,,13383.56,5,,,479.45,,383.56,219.18,8.22,,1090.41,4,,,NEGATIVE,SLIGHTLYNEGATIVE,POSITIVE,POSITIVE,
1601,ET,Vegetated graded soil bund,other,ETH BIRR,20.0,2.50,,,,55.35,15.229999999999999,2.1500000000000004,,71.76,,144.49,9,,,13.95,,1.0,,,,14.95,2,,,SLIGHTLYPOSITIVE,POSITIVE,POSITIVE,VERYPOSITIVE,"The cost variation in implementing vegetated soil bund is dependent upon availability of stones, workability of the soil, cost of seeds or seedlings for plantation, and distance for transporting seedlings."
1602,AF,Passive Solar House (PSH),other,Afghani,57.0,,,,,3.34,10.530000000000001,,,,,13.87,3,,,0.24,1.21,,,,,1.45,2,,,NEUTRAL,POSITIVE,VERYPOSITIVE,VERYPOSITIVE,Pipes is the most expensive part of this technology
1603,AF,Micro irrigation in poplar plantation,other,Afghani,57.0,70.00,,,,16.16,0.91,,,,,17.07,2,,,0.53,0.91,,,,,1.44,2,,,NEGATIVE,SLIGHTLYNEGATIVE,VERYPOSITIVE,VERYPOSITIVE,Labour is the most determinate factor affecting the costs. All the work is done manually.
1606,IT,Unvegetated strips to reduce fire expansion,other,euro,0.74,81.08,,,,,,,,,,,0,,,1826.15,,,,,,1826.15,1,,,SLIGHTLYPOSITIVE,POSITIVE,SLIGHTLYNEGATIVE,POSITIVE,Manual labour (including fuel for hedge cutter).
1607,TZ,Area enclosures for protection of riverine ecosystem and regeneration of cut and carry materials.,other,Tanzanian shillings,1700.0,1.12,,,,0.08,0.01,0.21000000000000002,0.04,,0.03,0.37,9,,,0.25,,,,,,0.25,4,,,SLIGHTLYPOSITIVE,SLIGHTLYPOSITIVE,POSITIVE,POSITIVE,labour is the most determinant factor.
1608,IT,Metallic fences to prevent damages to pastures from wild  boars,other,euro,0.74,81.08,,,,6756.76,,,,11778.64,,18535.4,3,,,109.57,,,,,,109.57,1,,,SLIGHTLYPOSITIVE,SLIGHTLYPOSITIVE,SLIGHTLYPOSITIVE,SLIGHTLYPOSITIVE,"The total cost for the construction of 1,000 metres of fencing is spread over a period of 20 years on the basis of the duration of the structure"
1610,IT,SELECTIVE CUTTING,other,euro,0.74,81.08,,,,,,,,,,,0,,,365.23,,,,,,365.23,1,,,SLIGHTLYPOSITIVE,POSITIVE,SLIGHTLYPOSITIVE,POSITIVE,Manual labour and fuel for chainsaw.
1612,TZ,Range enclosures,other,Tshs,1700.0,1.88,,,,0.01,,0.07,,,,0.08,3,,,0.02,,,,,,0.02,1,,,NEGATIVE,SLIGHTLYNEGATIVE,NEUTRAL,SLIGHTLYPOSITIVE,
1613,NE,Nardi/Vallerani trenches,other,CFA Franc,521.18,,,,,0.03,0.07,0.1,,,,0.2,4,,,,,,,,,,0,,,POSITIVE,POSITIVE,VERYPOSITIVE,VERYPOSITIVE,"The slope determines the costs. The number of trenches varies according to the gradient  of the terrain  and the type of soil: the recommended number of microcatchments for flat or gently sloping terrain is between 250 and 400 per hectare, with the rows spaced 5 to 7 m apart; and for steeper slopes, the rows should be spaced 3 to 4 m apart, with a density of up to 600 microcatchments per hectare."
1614,NE,Semi-circular bunds (for crops and forest/rangeland),other,CFA Franc,521.18,,,,,0.39,0.03,,,,,0.42,2,,,,,,,,,,0,,,POSITIVE,POSITIVE,VERYPOSITIVE,VERYPOSITIVE,"In the case of forest/rangeland semi-circular bunds, the availability of tree and grass seeds and seedlings is a vital factor. In the PDRT and PASP projects in Niger, the villages had nurseries, and members of the village land manage- ment committees collected grass seeds from rangelands to sow in the semi-circular bunds."
1615,SN,Firebreaks,,,,,,,,,,,,,,,0,,,,,,,,,,0,,,POSITIVE,SLIGHTLYPOSITIVE,POSITIVE,SLIGHTLYPOSITIVE,"Manual method:
•  equipment, such as rakes, shovels and axes
•  labour.
Mechanised method:
•  four-wheel-drive vehicle, tractor  or land grader
•  harrow
•  labour to clear the corridor."
1616,NE,Contour stone bunds,other,Franc CFA,,,,,,,,,,,,,3,,,,,,,,,,0,,,POSITIVE,VERYPOSITIVE,VERYPOSITIVE,VERYPOSITIVE,"The exact cost per hectare of constructing stone bunds depends on the distance of the site from the quarry, the size of the quarry, the inclination of the terrain, which determines the spacing between the stone bunds, and the actual amount of stones transported in each lorryload. The prices below are provided as a guide.
Supply of quarry rock/stones: 24 m3 per 400 m of bund
Labour: 30 man-days per ha
•  levelling and marking out the contour lines: 1 man-day
•  collecting stones and loading them onto carts:
10 man-days
•  transporting the stones by cart: 10 man-days
•  constructing the bunds: 9 man-days
•  applying manure.
Transportation by cart:
•  20 cartloads of stones
•  20 cartloads of manure (if used).
Transportation by lorry:
•  6 lorryloads (skip loader – 4.5 m3 per load).
Other costs: equipment (pickaxes, shovels, wheelbarrows, water-tube level, etc.)."
1617,BF,Permeable rock dams,,,,,,,,,,,,,,,0,,,,,,,,,,0,,,POSITIVE,POSITIVE,POSITIVE,VERYPOSITIVE,"The size of a permeable rock dam can vary considerably from one site to another. The cost is also affected by the distance of the site from the quarry, the topography of the terrain and the actual amount of rock carried in each lorryload. The use of gabions also increases the cost considerably.
cost items: 
- Topographical surveying 
- supply of quarry rock/stones: 113 m3 per 100 linear metres.
- Labour: depends on the size of the dam.
- Transportation by lorry: 23 lorryloads (skip loader – 4.5 m3 per load).
Other costs: Equipment (pickaxes, shovels, wheelbarrows, water-tube level, etc.)."
1618,ES,Multi-specific plantation of semiarid woody species on slopes,other,Euro,0.78,,,,,1721.79,1093.59,323.08,197.44,,543.59,3879.49,5,,,,,,,,,,0,,,SLIGHTLYNEGATIVE,,POSITIVE,,
1619,BF,Permeable rock dikes,,,,,,,,,,,,,,,0,,,,,,,,,,0,,,POSITIVE,VERYPOSITIVE,VERYPOSITIVE,VERYPOSITIVE,"The exact cost of constructing permeable rock dikes per hectare depends on the distance of the site from the quarry, the inclination of the terrain, which determines the spacing between the dikes, and the actual amount of stones transported in each lorryload or cartload. Supply of quarry rock/stones: 48 m3  for 200 m of dike.
Labour: 60 man-days per ha
•  levelling and marking out the contour line: 1 man-day
•  collecting stones and loading them onto carts:
20 man-days
•  transporting the stones by cart: 20 man-days
•  building the dikes: 19 man-days
•  applying manure.
Transportation by cart:
•  20 cartloads of stones
•  20 cartloads of manure (if used).
Transportation by lorry:
•  11 lorryloads (skip loader – 4.5 m3 per load).
Other costs:
•  equipment (pickaxes, shovels, wheelbarrows, water-tube level, etc.)."
1620,NE,Sand dune stabilisation,other,CFA Franc,521.18,,,,,0.19,,0.41,,,0.22,0.82,3,,,,,,,,,,0,,,POSITIVE,POSITIVE,POSITIVE,VERYPOSITIVE,"Labour: 50 man-days per ha
•  60 palisade stakes per ha
•  400 tree and shrub seedlings per ha
•  transportation (by lorry) of palisades and seedlings
•  protection: costly if the site is protected with wire fencing, which might be stolen."
1621,NE,Grass strips,other,CFA Franc,,,,,,,,,,,,,2,,,,,,,,,,0,,,SLIGHTLYPOSITIVE,SLIGHTLYPOSITIVE,SLIGHTLYPOSITIVE,SLIGHTLYPOSITIVE,"Labour: 6 man-days per ha
•  marking out the contour lines
•  making 10-15 cm deep furrows in which to plant the seeds or seedlings
•  sowing or planting 1 to 4 rows per strip. Upkeep: 2.5 man-days per year.
Other costs:
•  grass seeds or seedlings
•  equipment: water-tube level."
1622,ML,Water-spreading weirs,other,CFA Franc,517.0,,,,,,,,,,5.61,5.61,1,,,,,,,,,,0,,,POSITIVE,POSITIVE,VERYPOSITIVE,VERYPOSITIVE,"The cost of improving land with water-spreading weirs is 0.25 to 1.5 million CFA francs per hectare (2901 US Dollar per ha). Labour:
•  team formed by 25 people for 2 to 3 months, depending on the size of the structure.
Lorries to transport stones:
•  150 to 200 lorryloads (skip loader – 4.5 m3  per load) at a rate of 10 to 15 lorryloads a day.
Cost of construction:
•  1 medium-sized weir 50 m long and 1 m high with 200 m long wingwalls plus basin: 15 million CFA francs
•  1 weir 100 m long and 1 m high with basin: 30 to 32 million CFA francs
•  stonework:  25,000 CFA francs/m3
•  basin: 15,000 CFA francs/m3."
1623,ML,Small-scale dams,,,,,,,,,,,,,,,0,,,,,,,,,,0,,,POSITIVE,VERYPOSITIVE,VERYPOSITIVE,VERYPOSITIVE,"The cost of small-scale dams varies greatly depending on the physical characteristics of the site, the size of the structure and the local availability of materials. In Dogon country, in Mali, the PDRT project constructed dams with cyclopean concrete costing an average of around 20 million CFA francs and between 3 and 5 million CFA francs per hectare. The internal rate of return of the dams built averaged 17% (Nill & Kobilke, 2002). Larger dams built in the Beledougou area cost 100-140 million CFA francs. Helvetas Swiss Intercooperation reports costs of around 20 million CFA francs for areas of 10-80 hectares (PASSIP, 2012)."
1624,ML,Village irrigation schemes,,,,,,,,,,,,,,,1,,,,,,,,,,0,,,POSITIVE,POSITIVE,POSITIVE,POSITIVE,The cost of implementing a village irrigation scheme is around 1.5 million CFA francs per hectare.
1625,NE,Hand-dug trenches,USD,,,,,,,220.76,,41.55,,,1.93,264.24,3,,,,,,,,,,0,,,SLIGHTLYNEGATIVE,SLIGHTLYNEGATIVE,SLIGHTLYPOSITIVE,SLIGHTLYPOSITIVE,"Other costs
•  equipment, such as jumper bars, shovels and axes
•  625 tree seedlings
•  15 kg of grass seed
•  cost of transporting 2 cartloads of seedlings
•  120 seedlings to replace dead trees."
1626,NE,Assisted natural regeneration,USD,,,,,,,,,,,,,,0,,,,,,,,,,0,,,NEUTRAL,NEUTRAL,POSITIVE,POSITIVE,"Labour: 5 man-days per ha.
•  Cost of awareness raising, training and dissemination.
•  Shears for pruning."
1627,KH,Use of household ponds for garden irrigation and fish production.,,,,5.00,,,,,,,,,,,1,,,,,,,,,,1,,,SLIGHTLYNEGATIVE,POSITIVE,POSITIVE,POSITIVE,The most expensive factor is the availability of an excavator to dig the pond.
1628,KH,Home gardens for consumption and cash crop production,,,,5.00,,,,,,,,,,,4,,,,,,,,,,2,,,POSITIVE,VERYPOSITIVE,VERYPOSITIVE,VERYPOSITIVE,The labour is the most expensive in the home gardens. This is problematic as the labour availability is decreasing due to high migration rates.
1629,KH,Multipurpose use of sugar palm grown on rice field dykes.,,,,5.00,,,,,,,,,,,2,,,,,,,,,,3,,,,,,SLIGHTLYPOSITIVE,"The factors affecting the costs are mainly the inputs (firewood, work to cook the sap to sugar) used to transform the sap into saleable products. They are not necessary to benefit from the positive effects of sugar palms on the microclimate and soil. To implement sugar palms on the rice field dikes the costs are negligible."
1630,ML,Village irrigation schemes developed using the PMN/IPRODI approach,other,CFA Franc,517.0,,,,,,,,,,4.83,4.83,1,,,,,,,,,,0,,,VERYPOSITIVE,VERYPOSITIVE,VERYPOSITIVE,VERYPOSITIVE,"The development costs are estimated at 1.3 million CFA francs per hectare (2,497 Dollar).
On the technical side, numerous scheme configurations have been observed. The most common involves a limited number of small-scale distribution control structures and a network of open, earthen canals. This type of scheme requires an investment in the order of between 1 and 1.5 million CFA francs per hectare. It also fosters the large-scale participation of villagers in all the building works, particularly excavation work and the installation of plots. At the other end of the spectrum are the VISs that have lined canals throughout their entire irrigation network. These require much more substantial investment (up to 7 or 8 million CFA francs per hectare) and building works (including plot installation) are generally carried out by contractors. As yet, no study has indicated that the yields and technical lifespan of such high-cost ‘sophisticated’ schemes are greater than those of ‘basic’ schemes."
1631,ML,Earth embankment dams,other,CFA Franc,512.0,,,,,,,,,,,,0,,,,,,,,,,0,,,POSITIVE,VERYPOSITIVE,VERYPOSITIVE,VERYPOSITIVE,The cost of a scheme stands at around 40 million CFA francs (77838 Dollars) for between 10 to 80 hectares (0.5 to 4 million CFA francs per hectare (972-7780 Dollars)).
1632,ML,Masonry micro-dams,other,CFA Franc,517.0,,,,,,,,,,529.63,529.63,1,,,,,,,,,,0,,,POSITIVE,POSITIVE,POSITIVE,POSITIVE,Each dam costs between 100 and 140 million CFA francs (195'583-273'817 Dollar). Costs are reduced as a result of the availability of local materials and the fact that local masons and contractors are well versed in this type of technology.
1633,ML,Dams with water-spreading weirs,other,CFA Franc,517.0,,,,,,,,,,94.2,94.2,1,,,,,,,,,,0,,,POSITIVE,VERYPOSITIVE,VERYPOSITIVE,VERYPOSITIVE,"The cost of installing these schemes ranges from 5 to 25 million CFA francs (9740-48703 Dollar). With this sum, it is possible to irrigate between 2 and 50 hectares. The cost per hectare stands at around 0.5 to 2 million CFA francs (947-3897 Dollar)."
1634,ML,Cyclopean concrete micro-dams,other,CFA Franc,517.0,,,,,,,,,,524.91,524.91,1,,,,,,,,,,0,,,POSITIVE,POSITIVE,POSITIVE,POSITIVE,Each dam costs between 100 and 140 million CFA francs (193'851-271'379 Dollar)
1635,ML,Deepening the channels supplying water to lakes and ponds,other,CFA Franc,517.0,,,,,,,,,,1.12,1.12,1,,,,,,,,,,0,,,POSITIVE,VERYPOSITIVE,VERYPOSITIVE,VERYPOSITIVE,"The average cost of large ponds is around 300,000 CFA francs per hectare (580 Dollar per hectare). The VIS installation works were conducted using a participatory approach. The project contributed 780,106 CFA francs towards the VIS installation, or 65%, whereas the farmers’ contribution was 429,079 CFA francs per hectare, or 35%."
1636,ML,Introducing tomato varieties using succession planting,,,,,,,,,,,,,,,0,,,,,,,,,,0,,,VERYPOSITIVE,VERYPOSITIVE,VERYPOSITIVE,VERYPOSITIVE,"Economic analysis of off-season tomato production from 2012 to 2013:
Total area sown with off-season tomato: 175 hectares
Quantity of off-season tomatoes grown: 4,300 tonnes
Price of tomatoes grown in season: 170 to 200 CFA francs per kilogram
Price of tomatoes grown off season: 600 to 800 CFA francs per kilogram
Each grower produces an average 650 kilograms on a succession plot, with some producing up to 1,400 kilograms. Produce from the plots has earned growers between 300,000 and 630,000 CFA francs (gross) over the winter season, with 75% of production sold at 600 CFA francs per kilogram."
1637,ML,Promoting bourgou growing,other,CFA Franc,517.0,,,,,,,,,,0.27,0.27,1,,,,,,,,,,0,,,VERYPOSITIVE,VERYPOSITIVE,VERYPOSITIVE,VERYPOSITIVE,"The total investment cost for 310 hectares is 22,144,465 CFA francs (42'891 Dollar), which equates to 71,400 CFA francs per hectares (138 Dollar). The fees charged during the first season of bourgou pasture farming in June 2009 brought in 3,142,500 CFA francs. The price of a bale of bourgou ranges from 50 to 250 CFA francs depending on the time of year. The second season (April 2010) brought in 2,241,000 CFA francs. Some 687 kilograms of bourgou seed were collected, which served to provision other localities."
1638,ML,Combining agroforestry and gardening to rehabilitate barren lands: the case of the Benkadi cooperative of Syn village,other,CFA Franc,517.0,,,,,,,,,,68.2,68.2,1,,,,,,,,,,0,,,POSITIVE,VERYPOSITIVE,VERYPOSITIVE,VERYPOSITIVE,"SADeF funded site works to the tune of 18,212,000 CFA francs (35'258 Dollar). The labour contributed by beneficiaries to the installation works is estimated to represent 5% of this, i.e. 910,600 CFA francs. The village authority ceded the site (around a hectare) for the plantation."
1639,ML,Irrigation using a Californian network,other,CFA Franc,517.0,,,,,,,,,,605.51,605.51,1,,,,,,,,,,0,,,POSITIVE,POSITIVE,POSITIVE,POSITIVE,"Costs and cost effectiveness of the good practice
Potato: production value – 300,000 CFA francs (582 Dollar); cost of production – 161,125,000 CFA francs (313'049 Dollar); profit – 146,125 CFA francs (283 Dollar)"
1640,ML,Ventilated storehouses for highly perishable produce,other,CFA Franc,517.0,,,,,,,,,,,,0,,,,,,,,,,0,,,POSITIVE,VERYPOSITIVE,VERYPOSITIVE,VERYPOSITIVE,"Investment costs: 584,000 CFA francs (1,136 Dollar): crates – 400,000 CFA francs, storehouses – 184,000 CFA francs.
Preservation costs: each kilogram of stored potato will incur an extra cost of 53 CFA francs (0.10 Dollar).
Break-even point in terms of revenue: once turnover moves beyond 105,510 CFA francs, the conservation activities begin to become profitable.
Break-even point in terms of quantity: a minimum stock of 313 kilograms must be stored for the activity to be profitable."
1641,ML,Using gas dryers (Atesta-Sikasso) to process animal and vegetable products,other,CFA Franc,517.0,,,,,,,,,,,,0,,,,,,,,,,0,,,SLIGHTLYPOSITIVE,POSITIVE,POSITIVE,POSITIVE,"Investment costs: 1,760,000 CFA Francs (3,376 Dollar).
Turnover = total production x unit price = 3,975,000 CFA Francs. Production cost (CFA francs/kilogram) = (variable costs + fixed costs) / output quantity = (2,428,000 + 460,000) = 2,888,000 CFA francs / 1,400 kilograms = 2,063 CFA Francs; Net return = turnover - total cost of production = 3,975,000 - 2,888,000 = 1,087,000 CFA Francs; Contribution margin = turnover - variable costs = 3,975,000 - 2,428,000 = 1,547,000 CFA Francs; Contribution margin rate = contribution margin / turnover = 1,547,000 / 3,975,000 CFA francs = 39%; Production costs: each kilogram of processed dried mango incurs a cost of 2,063 CFA Francs; Break-even point in terms of quantity: a minimum quantity of 524 kilograms must be produced to make the activity profitable"
1642,KH,Growing stylo grass (Stylosanthes guianensis) as cattle fodder between and under mango trees.,,,,5.00,,,,,,,,,,,5,,,,,,,,,,1,,,NEGATIVE,VERYPOSITIVE,POSITIVE,VERYPOSITIVE,"The costs were calculated as if he hired someone, and bought mango seedlings. As he did all of the work by himself, it was much cheaper. The most expensive is the harvesting of the fodder, but it should be taken into account that it is less labour intensive than harvesting wild grasses and cheaper than buying them."
1643,KH,Cashew living fences,,,,5.00,,,,,,,,,,,4,,,,,,,,,,1,,,NEUTRAL,SLIGHTLYPOSITIVE,SLIGHTLYPOSITIVE,SLIGHTLYPOSITIVE,"The costs are most determined by the availability of bamboo. If it is not grown in the garden, it has to be gathered in the forest that is related to time consuming transportation. Or barbed wire has to be purchased.
Note: The time used to gather the leaves for the compost or to cut the branches to make charcoal/ash as soil amendment was not included in the recurrent activities as these activities are neither related to the main purpose of living fences nor done by all the farmers applying this technology."
1644,KH,Irrigation of paddy fields using water-pumping wheels (Norias),,,,5.00,,,,,,,,,,,3,,,,,,,,,,2,,,VERYPOSITIVE,VERYPOSITIVE,VERYPOSITIVE,VERYPOSITIVE,The availability of wood and bamboo determines the costs.
1645,KH,Biogas system at household level fed daily with cattle manure,other,Riel,4000.0,5.00,,,,,,,,0.1,,0.1,1,,,0.03,,,,,,0.03,1,,,NEGATIVE,VERYPOSITIVE,VERYPOSITIVE,VERYPOSITIVE,"The most costly part of this Technology is the construction of the biodigester. Once the system is installed, the costs borne by the land user are low. Also, the land user can save money since he doesn’t need to buy firewood any more."
1646,IT,Vegetated buffer strips,other,Euro €,0.8,21.00,,,,575.62,5000.0,148.75,17.5,,,5741.87,6,,,317.5,,,,,,317.5,2,,,SLIGHTLYNEGATIVE,POSITIVE,POSITIVE,POSITIVE,"Establishment costs (purchase of seedlings and planting) are the most important. After the establishment of buffer strip, costs are less relevant due to little work required for maintenance."
1647,IT,Wetland system,other,Euro €,0.8,21.00,,,,,,,,,3125.0,3125.0,1,,,,,,,,,,0,,,NEGATIVE,NEUTRAL,POSITIVE,POSITIVE,
1648,ML,Fish farming as a way of adding value to dam schemes,,,,,,,,,,,,,,,0,,,,,,,,,,0,,,VERYPOSITIVE,VERYPOSITIVE,VERYPOSITIVE,VERYPOSITIVE,
1649,ES,Multi-specific plantation of semiarid woody species on terraces with stone walls in ravines and gullies,other,Euro,0.79,,,,,2273.42,1079.75,318.99,194.94,,536.71,4403.81,5,,,,,,,,,,0,,,SLIGHTLYNEGATIVE,,POSITIVE,,
1650,KH,Stabilisation of irrigation channels in sandy soils with old rice bags and Pandanus plants,other,Riels,4000.0,5.00,,,,,,,0.1,,,0.1,1,,,0.03,,,,,,0.03,1,,,POSITIVE,VERYPOSITIVE,POSITIVE,VERYPOSITIVE,The labour is the most costly part in this technology. Through the use of old rice bags filled with sand the costs are already reduced.
1651,ML,Lining irrigation canals,other,CFA Franc,512.0,,,,,,,,,,,,0,,,,,,,,,,0,,,SLIGHTLYNEGATIVE,SLIGHTLYPOSITIVE,SLIGHTLYPOSITIVE,VERYPOSITIVE,"Around 50 sites covering approximately 1,200 hectares have had their canals lined. Total costs: 1,587,865.50 US Dollar"
1652,NE,Contour bunds for crops and forest/rangeland,USD,,,,,,,,,,,,,,0,,,,,,,,,,0,,,POSITIVE,POSITIVE,POSITIVE,POSITIVE,"Labour: 54 man-days per ha.

Equipment: pickaxes, shovels, wheelbarrows, water-tube level.

Other costs: hire of machine for subsoiling (1 day per ha)."
1653,ML,Integrated Production and Pest Management (IPPM),,,,,,,,,,,,,,,0,,,,,,,,,,0,,,POSITIVE,VERYPOSITIVE,VERYPOSITIVE,VERYPOSITIVE,
1654,ML,System of rice intensification (SRI),other,CFA Franc,,,,,,,,,,,,,0,,,,,,,,,,0,,,POSITIVE,VERYPOSITIVE,VERYPOSITIVE,VERYPOSITIVE,
1655,NP,Ground Water Recharge in Nyhakha Chuke Tole for domestic use.,USD,,,,unit,Water harvesting system,,,566.5,,,,,566.5,4,,,,,,,,206.57,206.57,3,,,VERYPOSITIVE,POSITIVE,VERYPOSITIVE,POSITIVE,labour and constructing wells are the most determinant factors affecting the cost.
1656,NO,Grass buffer zones alongside waterways in cropland,other,Kroner (NOK),8.89,"c.a. 3000 NOK (it is only the cost of the time assuming 8h work per day, 320-500 NOK/hour; person; machinery, equipment, materials not included)",unit,a buffer zone strip along the stream or lake,,144.44,,,,,,144.44,4,,Grass covered buffer zones are measures eligible for subsidies under the Regional Environmental Programme (RMP),114.29,,,,,,114.29,4,,Grass covered buffer zones are eligible for subsidies under the Regional Environmental Programme (RMP),SLIGHTLYNEGATIVE,SLIGHTLYNEGATIVE,NEUTRAL,SLIGHTLYNEGATIVE,"The costs of establishment and management of grass buffer zone are are the same as in case of regular crop land management. The subsidy is compensation for land withdrawn from the main production (crop land).

Establishment and maintenance costs of buffer strip depends mostly on:
-  the area (width and continuity) of the buffer strip.
-  type of vegetation
- possibility to use the grass as a fodder."
1657,CL,Sistema Ganado-Cultivo: Rotación de Pradera-Cultivo Mediante Mínima Labranza,other,Peso chileno,509.25,,,,,,0.27,0.12,0.9,,0.25,1.54,11,,,,,,,,,,0,,,,,,,
1658,GR,Rainwater harvesting for greenhouse irrigation,other,Euro,0.93,,,,,922.58,1152.68,,,7208.6,2421.51,11705.37,8,,,,,,,,,,0,,,NEGATIVE,POSITIVE,POSITIVE,VERYPOSITIVE,The greater deterrent against implementing the technology is the high cost of the tank construction.
1659,AF,Kanda,USD,,,5,,,,5640.0,458.0,,,1065.0,,7163.0,3,,,10.0,,,,,,10.0,1,,,POSITIVE,VERYPOSITIVE,VERYPOSITIVE,VERYPOSITIVE,
1660,DE,Water retention polders with adapted  land use (North Sea region),other,Euro,0.94,100.00,,,,22340425.53,9574468.09,,,,,31914893.62,3,,,,,,,,,,3,,,VERYNEGATIVE,NEUTRAL,NEUTRAL,POSITIVE,
1661,AF,Contour Tied Trench,USD,,,5.00,,,,1380.0,70.0,,,,,1450.0,2,,,5.0,,,,,,5.0,1,,,POSITIVE,POSITIVE,VERYPOSITIVE,VERYPOSITIVE,Labour
1662,NL,Postpone grassland renewal,,,,,,,,,,,,,,,0,,,,,,,,,,0,,,,NEUTRAL,,SLIGHTLYNEGATIVE,The life cycle of permanent grassland determines both the costs foregone due to missed yields from shorter term rotations with arable crops and costs avoided due to saved operations and inputs on shorter term rotations which have not taken place.
1663,IT,Variable rate biosolids management,other,€,0.8,21.00,,,,,12500.0,,,,,12500.0,3,,,,,,,,,,0,,,SLIGHTLYNEGATIVE,SLIGHTLYNEGATIVE,POSITIVE,POSITIVE,Machinery and technological devices
1664,SK,Wooden check dams,other,Euro,0.89,,,,,267.42,204.49,,,703.37,,1175.28,3,,,,,,,,,,0,,,SLIGHTLYPOSITIVE,SLIGHTLYPOSITIVE,VERYNEGATIVE,VERYNEGATIVE,Material and labour price.
1665,HN,Agroforestal Quesungual,,,,,,,,,,,,,,,0,,,,,,,,,,0,,,,,,,
1666,SK,Level ditches in cropland,other,Eur,0.88,,,,,72448.99,,6520.0,,,6553.629999999999,85522.62,7,,,,,,,,,,0,,,VERYPOSITIVE,VERYPOSITIVE,POSITIVE,POSITIVE,"The costs differ from project to project, it depends on the design, building company atc."
1667,TJ,Rapid method of hay transportation from highlands haymaking place by using of hay carrying mechanism,other,Somoni,4.76,8.80,,,,53.76,28.62,,,85.17,4.16,171.71,11,,,6.49,,,,,0.72,7.21,3,,,POSITIVE,VERYPOSITIVE,VERYPOSITIVE,VERYPOSITIVE,"The costs are directly affected by the elevation of the mountain slopes, the distance from the high mountain haymakings to the foothills, the steepness and shape of slopes - it affects the length of the cable, the amount of cement and the number of installed iron tubes"
1668,CL,Cero Labranza,other,Peso chileno,476.0,,,,,0.84,,0.25,1.05,,,2.14,4,,,,,0.5700000000000001,1.05,,0.42,2.04,5,,,,,,,El costo de comprar o aquirir la maquinaria es decisivo en la decisión de aplicar o no la cero labranza en una zona.
1669,AR,Recuperación de las organizaciones de base como estrategia para la gestión de los recursos suelos y aguas y el desarrollo rural comunitario,other,Peso Argentino,5.6,,,,,2500.0,,,,,,2500.0,1,,,,,,,,,,0,,,,,,,
1670,CH,Slope division for erosion control,other,Swiss Franc,1.0,,,,,1500.0,1250.0,250.0,,,,3000.0,4,,,750.0,700.0,,,,,1450.0,3,,,NEGATIVE,NEUTRAL,POSITIVE,POSITIVE,"The most determinate factor affecting the costs are the labour and the seeds at the beginning. After the implementation of the seam on this agricultural field the costs are remarkably smaller. Furthermore, the land user gets a small amount of subsidies after the implementation of a seam on agricultural fields. But this amount is not that high that it would be profitable to change from rotation farming to agricultural seams."
1671,AR,"Recuperación de prácticas tradicionales de producción, como estrategia productiva con resiliencia en Humahuaca",other,Peso Argentino,5.6,,,,,357.14,,,,,,357.14,1,,,,,,,,267.86,267.86,1,,,,,,,
1672,IS,Planting birch trees to establish local seed banks,other,ISK,138.0,,,,,,,,,,3623.19,3623.19,4,,,,,,,,,,0,,,POSITIVE,VERYPOSITIVE,VERYPOSITIVE,VERYPOSITIVE,The most determinate factors affecting the cost are a) the distance from the farmsteads to the eroded areas and b) the time it takes to plant the seedlings; easily accessible areas vs difficult areas
1674,RU,Создание плодового сада на территории университетского кампуса,other,руб,50.0,25.00,,,,,,,,,,,0,,,,,,,,,,0,,,VERYNEGATIVE,NEUTRAL,NEUTRAL,SLIGHTLYPOSITIVE,
1675,SK,"Water retention basin, a flood-control reservoir",other,euro,0.91,,,,,,,,,,,,0,,,,,,,,,,0,,,,,,,"The most determinate factors that affect the costs are realization works and material used, and repurchase of land."
1676,KE,Nine Maize Pits,other,KSh,100.0,4.00,,,,0.24,0.15,0.12,0.5,,,1.01,4,,,0.24,0.15,,,,,0.39,2,,,POSITIVE,POSITIVE,POSITIVE,POSITIVE,It requires high intensity labour due to manual construction.
1677,MG,Sustainable propagation of the  fodder tree Euphorbia stenoclada  (“samata”),other,Madagascar-Ariary,3227.0,1.55,,,,0.13,0.01,0.0,,,0.03,0.17,5,,,,,,,,,,0,,,SLIGHTLYNEGATIVE,,VERYPOSITIVE,,"The multiplication of samata trees comprise labour costs mainly. The time spent watering the cuttings is the most significant.
There are no maintenance costs, as after transplantation to final destination and watering for some month, there are no yearly recurring activities."
1678,DE,Mobile cultivation beds,other,Euro,0.9,,,,,,,,,,,,0,,,,,,,,,,0,,,,,,,Costs are affected by the wages for the employees and the rent of the plot
1679,ES,Prescribed fire,,,,,,,,,,,,,,,0,,,,,,,,,,0,,,,,,,
1680,CH,Hangunterteilung durch Ackersaum,other,CHF,1.0,,,,,1500.0,1250.0,250.0,,,,3000.0,4,,,750.0,700.0,,,,,1450.0,3,,,NEGATIVE,NEUTRAL,POSITIVE,POSITIVE,"Hauptsächlich für die Anfangskosten verantwortlich sind die Ausgaben für das Saatgut und die Arbeit. Nach dem Ansäen des Ackersaums sind die Kosten für die Erhaltung massiv kleiner. Zudem erhält der Bauer für diese 22a Direktzahlungen vom Staat, die aber nicht sehr hoch sind."
1681,ES,Contour-felled log barriers,,,,,,,,,,,,,,,0,,,,,,,,,,0,,,,,,,
1682,NP,Biodynamic composting,other,NPR,71.0,,unit,compost heap,,1.13,0.28,,,0.7,,2.11,4,,,0.35,,,,0.14,,0.49,2,,,POSITIVE,POSITIVE,POSITIVE,POSITIVE,All costs and amounts are rough estimates by the technicians and authors. Exchange rate USD 1 = NPR 71 in May 2011. This was a demonstration project conducted by ICIMOD.
1683,NP,Contour Bunding,USD,,,2.70,area,ha,,43.2,,,,,,43.2,1,,,10.8,,,,,,10.8,1,,,SLIGHTLYPOSITIVE,POSITIVE,POSITIVE,VERYPOSITIVE,The cost of implementing this technology is dependent on the gradient of the slope (and other geographical features) and the availability of labour. All costs and amounts are rough estimates by the technicians and authors.
1684,NP,Sustainable land management using controlled gullying,USD,,,4.50,area,sq km,,675.0,225.0,,,725.0,,1625.0,3,,,250.0,70.0,,,350.0,,670.0,3,,,POSITIVE,VERYPOSITIVE,VERYPOSITIVE,VERYPOSITIVE,The construction and maintenance of gullies demands attention during a busy agricultural calendar and can significantly add to the labour costs depending on the size and number of gullies and dams that need to be constructed and maintained.
1685,NP,Hedgerow technology,USD,,,2.7,area,ha,,27.0,32.0,68.0,,,,127.0,3,,,70.2,,34.0,20.0,,,124.2,3,,,POSITIVE,POSITIVE,VERYPOSITIVE,VERYPOSITIVE,"The cost of implementing this technology is dependent on the gradient of the slope (and other geographical features), the local cost of the seeds or seedlings, and the availability of labour.

The technology has a low to average cost for implementation. Locally available seeds and seedlings and locally trained manpower and resources are valuable low-cost inputs for implementation. The technology has a higher likelihood of adoption in some social and physiographic areas, especially where land users can integrate their own expertise with scientific knowledge. Many factors play a role in determining whether the technology is effective and sustainable and whether farmers are willing to adopt it; these include that if the technology is demand driven, it is more likely to be adopted, and if land users can use inexpensive local resources they are more likely to try it.
All costs and amounts are rough estimates by the technicians and authors"
1686,NP,Kiwi fruit cultivation,USD,,,3.7,area,ha,,500.0,,1500.0,150.0,3500.0,,5650.0,4,,,450.0,700.0,,150.0,,,1300.0,4,,,POSITIVE,SLIGHTLYPOSITIVE,VERYPOSITIVE,VERYPOSITIVE,The above establishment cost is for a plantation of 300 plants on one hectare; the recurrent annual maintenance cost has been calculated for a plantation of 300 plants per ha per year. All costs are estimated based on experience gained at the ICIMOD Knowledge Park at Godavari.
1687,NP,Plastic film technology,USD,,,,area,ha,,310.0,58.0,250.0,,,,618.0,4,,,110.0,20.0,,,,,130.0,2,,,POSITIVE,VERYPOSITIVE,VERYPOSITIVE,VERYPOSITIVE,"This was a demonstration project conducted by ICIMOD.

All costs and amounts are rough estimates by the technicians and authors."
1688,NP,A low-cost polyhouse for tomato production in the rainy season,USD,,,4,unit,Polyhouse,,40.0,,10.0,,90.0,,140.0,4,,,5.0,5.0,,5.0,10.0,,25.0,4,,,POSITIVE,POSITIVE,POSITIVE,POSITIVE,All costs and amounts are rough estimates by the technicians and authors. Exchange rate USD 1 = NPR 71 in April 2011
1689,CL,Microtranque para la recolección de agua lluvia,other,CLP,476.2,,,,,2.2,5.73,,,,0.88,8.81,3,,,,,,,,,,0,,,,,,,
1690,NP,Treadle Pump,USD,,,5.33,unit,Waterpump,,16.0,,,,43.0,,59.0,2,,,8.0,,,,5.0,,13.0,2,,,NEUTRAL,NEUTRAL,POSITIVE,POSITIVE,"This is an average cost estimate, the actual cost will be a function of the soil type, how far the water table is below the surface, and the type and quality of the materials used (metallic vs. non-metallic, timber vs. bamboo) and the cost of labour.All costs and amounts are rough estimates by the technicians and authors."
1691,NP,Riverbed farming,USD,,,,area,ha,,232.0,42.0,,267.0,21.0,,562.0,4,,,42.0,28.0,,84.0,11.0,,165.0,4,,,POSITIVE,POSITIVE,POSITIVE,POSITIVE,All costs and amounts are rough estimates by the technicians and authors.
1692,NP,Riverbank Protection,USD,,,,area,ha,,892.0,21.0,14.0,,3199.0,,4126.0,6,,"The gabion boxes, the transportation costs, and some skilled labour by DSCO, Dang; whereas, the costs for the tools, local materials, and all of the unskilled labour were borne by the local community",52.0,,7.0,,123.0,,182.0,3,,,VERYPOSITIVE,POSITIVE,VERYPOSITIVE,POSITIVE,"The costs for the gabion boxes, the transportation costs, and some skilled labour, were borne by the DSCO, Dang; whereas, the costs for the tools, local materials, and all of the unskilled labour were borne by the local community.
All costs and amounts are rough estimates by the technicians and authors."
1693,NP,Using Salix plant to protect stream banks,USD,,,,area,ha,,585.0,,,,186.0,,771.0,2,,,39.0,,,,35.0,,74.0,2,,,POSITIVE,VERYPOSITIVE,VERYPOSITIVE,VERYPOSITIVE,The labour cost is very high in Bhaktapur District; when compared to other parts of the country it is probably the highest. All costs and amounts are rough estimates by the technicians and authors
1694,NP,Tomato Grafting,other,NPR,72.0,,,,,0.29,0.31,0.39,1.5300000000000002,3.12,,5.64,8,,,0.94,0.12,0.94,,,,2.0,3,,,NEGATIVE,NEUTRAL,POSITIVE,POSITIVE,All costs and amounts are rough estimates by the technicians and authors.
1695,NP,Vermicomposting,USD,,,,unit,worm pit,,50.0,,,,210.0,,260.0,5,,,25.0,,,,15.0,,40.0,3,,,POSITIVE,POSITIVE,POSITIVE,POSITIVE,All costs and amounts are rough estimates by the technicians and authors. This was a demonstration project conducted by ICIMOD.
1697,DE,Adapted management of organic soils,,,,,,,,,,,,,,,6,,,,,,,,,,3,,,VERYNEGATIVE,VERYNEGATIVE,NEGATIVE,NEGATIVE,Only rough estimates on costs and income can be given due to the very new and innovative technology. The technology is still in the introductory phase at present
1698,DE,High-quality inner urban development,,,,,,,,,,,,,,,0,,,,,,,,,,0,,,,,,,"Measures can be very different in terms of inputs and costs, and depend on the specific situation eg contaminated area of a former petrol station can have very high rehabilitation costs due to the need to detoxify the soil before new use. However other measures cost (effectively) no money at all eg legislation governing the reduction of the distance permitted between two new buildings by the local authorities."
1699,DE,Grassland preservation,,,,,,,,,,,,,,,0,,,,,,,,,,3,,,NEGATIVE,NEGATIVE,NEGATIVE,VERYNEGATIVE,There are no direct costs if grassland is not converted but managed as before but there might be opportunity costs: If a farmer would convert his grassland to cropland and cultivate arable crops he might have a higher profit than he would have from grassland cultivation.
1700,PH,Rockwall Terracing,other,Pesos,45.0,2.22,,,,17.88,0.49,,,,,18.37,2,,,0.3,,,,,,0.3,1,,,POSITIVE,POSITIVE,POSITIVE,POSITIVE,
1701,PH,Seed Production of Multipurpose Shrubs/Legumes,USD,,45.0,2.78,area,1 hectare,,49.44,2.22,,,,,51.66,2,,,43.1,,,,,,43.1,1,,,POSITIVE,POSITIVE,POSITIVE,POSITIVE,
1702,CY,Agricultural terraces with dry-stone walls,other,Euro,0.88,72.97,,,,207272.73,,,,,,207272.73,1,,,2072.73,,,,,,2072.73,1,,,NEGATIVE,SLIGHTLYNEGATIVE,POSITIVE,POSITIVE,The principal input cost for the construction and maintenance of terraces is manual labour. There are only few dry-stone builders in the area.
1703,CY,Carob tree protection from rats,other,euro,0.91,33.00,,,,291.21,1.1,,,1238.4599999999998,,1530.77,4,,,,,,,,,,0,,,SLIGHTLYPOSITIVE,VERYPOSITIVE,VERYPOSITIVE,POSITIVE,The costs are affected by the trunk diameter and the plant height
1704,NL,Submerged drains,other,euro,1.09,,,,,1844.16,,,,,,1844.16,2,,,,,,,,116.51,116.51,1,,,SLIGHTLYPOSITIVE,SLIGHTLYPOSITIVE,POSITIVE,POSITIVE,"We do not have information on specific cost items, only on establishment costs ad between 1500 and 1800 euro/ha, and annual cost of 117 €/ha incl maintenance, assuming a 20-year life time. Establishment costs can also be expressed per m of drain, i.e. 1.10 EURO per m including materials (drain of 6 cm diameter). 

Determinate factors include size and geometry of fields; installation in the length direction is cheaper, and results in fewer outlets in the receiving ditch."
1705,PH,Firebreaks/ Greenbreaks,,,,,,,,,,,,,,,1,,,,,,,,,,1,,,SLIGHTLYNEGATIVE,POSITIVE,POSITIVE,POSITIVE,
1706,RO,Cropping perennial grasses (Miscanthus sinensis gigantheus) on soils contaminated with heavy metals,other,Lei,4.0,12.00,,,,25.5,59.25,560.5,,,,645.25,4,,,6.25,31.0,,,,,37.25,2,,,NEGATIVE,NEUTRAL,POSITIVE,VERYPOSITIVE,The price of rhizomes (seeds) per hectare and harvesting activity involving special machines that cut and chop stems are the most determinate factors affecting the costs.
1707,MA,Jardins en agroforesterie irrigués par des seguia,other,dirham,,11.00,area,ha,,,,,,,,,0,,,,,,,,,,3,,,,VERYPOSITIVE,,VERYPOSITIVE,"Le plus couteux sont la construction des terrasses et des canaux d'irrigation. Ils dépendent du profil du terrain (pente), ainsi que de la qualité du sol. Dans certaines régions argileuse et relativement plates, les bisses sont en pierre et en terre, dans d'autres en beton."
1708,PH,Littuko Growing for Forest Enhancement,other,Pesos,45.0,3.33,,,,0.14,,4.94,,,,5.08,3,,,0.44999999999999996,,,,,,0.45,2,,,SLIGHTLYPOSITIVE,SLIGHTLYPOSITIVE,VERYPOSITIVE,VERYPOSITIVE,
1709,PH,Trees as Buffer Zones,other,Philippine Peso,46.0,6.45,,,,2.54,,,,,,2.54,1,,,1.7,,,,,,1.7,1,,,POSITIVE,POSITIVE,VERYPOSITIVE,VERYPOSITIVE,
1710,BR,The “Green Liver System”: eco-friendly water purification,USD,,3.17,25.00,,,,6060.0,125.0,,,1070.0,,7255.0,7,,,3000.0,38.41,,,,,3038.41,2,,,POSITIVE,POSITIVE,POSITIVE,POSITIVE,
1711,ES,Reduced tillage of almonds and olives,,,,,,,,,,,,,,,0,,,,,,,,,,0,,,SLIGHTLYPOSITIVE,SLIGHTLYPOSITIVE,SLIGHTLYPOSITIVE,SLIGHTLYPOSITIVE,"Costs were assessed comparing conventional land management with reduced tillage, which needs less inputs thus meaning a saving compared to conventional practice (97 USD per hectare per year). Fuel price is the most determining factor affecting the costs."
1712,PH,Sediment Traps,other,Philippine Peso,46.0,,,,,,,,,,,,2,,,,,,,,,,1,,,POSITIVE,POSITIVE,POSITIVE,POSITIVE,
1713,PT,Post-fire salvage logging; post-fire traditional logging,other,euros,0.92,60.87,,,,1588.04,6380.43,,,,,7968.47,2,,,,,,,,,,0,,,SLIGHTLYPOSITIVE,,POSITIVE,,Accessibility and steepness will raise the costs. The use of machinery is not a mandatory. Small land owners decrease the total cost by doing manual work with a family framework.
1714,DE,Drainage of coastal areas in north- western Germany,other,EURO,0.94,100.00,,,,,,,,,,,0,,,,,,,,,,1,,,VERYNEGATIVE,POSITIVE,POSITIVE,VERYPOSITIVE,"Cost are affected by soil types and cost of labour. The calculation is based on the mean costs over many years. This gives a mean annual cost of Euro 2,270 per km ditch per year. With 1,145 km of ditches this totals Euro 2,600,000 per year for the whole area (approx. 49,000 ha)."
1715,AF,Staggered Contour Trench,USD,,,,area,1 ha,,643.0,1.8,,,,,644.8,2,,,,,,,,,,0,,,SLIGHTLYPOSITIVE,POSITIVE,VERYPOSITIVE,VERYPOSITIVE,"Despite the application of the structural measure of the SCTs AKF is still continuing its financial support for the plantation of the area. Thus irrigation which is a costly activity is still continued by AKF's support. The planted saplings of fruit and non-fruit trees are irrigated for six months/year, i.e. from April to September. Water is carried to the site by tankers. Each month, 75 tankers are used and the cost of one tanker is 12 USD or 600 Afghani. In addition, 16 persons are employed for one time irrigation."
1716,PL,Ex-post and ex-ante soil sealing maps,,,,,,,,,,,,,,,0,,,,,,,,,,0,,,,,,,
1717,CN,Integrating native trees in rubber monocultures,other,RMB,6.3,16.00,,,,12.7,13.969999999999999,380.95,,,,407.62,4,,,15.24,,,,,,15.24,1,,,NEGATIVE,POSITIVE,POSITIVE,VERYPOSITIVE,"Seedling costs are by far the major cost factor. Since the selected species are very unusual and don't have a considerable market they were extremely expensive. Since Taxus is also a reputed medicinal plant, it might also have influenced the price. All other costs are actually negligible compared to the costs of the seedlings. In this case the establishment of an own nursery might considerably reduce the costs, since propagation at least of Taxus and Parashorea is easy if the seeds can be acquired."
1718,AF,Community bakery,other,Afghani,50.0,5.00,,,,24.46,1.2,,,67.12,,92.78,3,,,72.0,,,,79.97,,151.97,5,,,POSITIVE,POSITIVE,VERYPOSITIVE,VERYPOSITIVE,"Most of the expenses for construction work is on equipment and materials like shovels, pick axe, wheel barrow, wooden doors, timber beams, window, concrete bricks, and sun dried bricks. In terms of recurrent costs, most spending is on coal and on the salaries of the baker and assistant bakers."
1719,NI,Check dams from stem cuttings,,,,,,,,,,,,,,,4,,,,,,,,,,2,,,NEGATIVE,NEUTRAL,POSITIVE,VERYPOSITIVE,"The wood (for poles) belongs to the land users themselves, thus the ‘cost’ does not involve purchase."
1720,PH,Ecological engineering for biological  pest control in lowland rice agroecosystems,USD,,,7,,,,132.5,19.0,,34.0,,,185.5,5,,NA,40.0,,,,,,40.0,1,,NA,POSITIVE,SLIGHTLYPOSITIVE,VERYPOSITIVE,POSITIVE,"Costs are given for the first year of testing. If flower strips with annual flowering plants will be planted recurrently, then ‘establishment’ costs will be the same each year."
1721,CN,"Apocynum planting to protect and  profit from saline soils in the  Tarim River Basin, north-west China",USD,,-0.42,,,,,37.4,,868.0,,,3659.57,4564.97,5,,,1499.0,11.0,,618.0,,2280.0,4408.0,5,,,NEGATIVE,SLIGHTLYNEGATIVE,VERYPOSITIVE,VERYPOSITIVE,
1722,AF,Keyhole  Garden,USD,,,6.00,unit,Keyhole garden,,8.0,2.0,,,4.0,,14.0,5,,,2.0,,,,,,2.0,1,,,POSITIVE,POSITIVE,VERYPOSITIVE,VERYPOSITIVE,The technology is low cost and can be accomplished by using local available materials
1723,AF,Stone wall,USD,,,6,,,,1353.8400000000001,,,,1035.6,,2389.44,4,,,,,,,,,,0,,,SLIGHTLYNEGATIVE,POSITIVE,POSITIVE,VERYPOSITIVE,Duration of the establishment phase in 0.9 square kilometer in 10 months.
1724,AF,Contour Trench Bund,USD,,,,,,,939.0,,,,,,939.0,2,,,,,,,,,,0,,,SLIGHTLYNEGATIVE,NEUTRAL,POSITIVE,VERYPOSITIVE,The establishment duration of the Contour Trench Bund was 10 months.
1725,PH,Alternate Wetting and Drying,USD,,,3.33,,,,3.33,,,,4.44,,7.77,2,,,,,,,,,,0,,,POSITIVE,POSITIVE,POSITIVE,POSITIVE,
1727,GB,Soil pH management,,,,,,,,,,,,,,,0,,,,,,,,,,0,,,NEUTRAL,SLIGHTLYPOSITIVE,NEUTRAL,SLIGHTLYPOSITIVE,The experiment was established in 1998 and costs are not available
1728,AF,Roof rain water harvesting,USD,,,5,,,,705.0,344.0,,,4247.0,,5296.0,4,,,50.0,,,,,,50.0,1,,,NEGATIVE,POSITIVE,POSITIVE,POSITIVE,"Labor, cement and stone are the main factors affecting the total cost. After couple of years as well pipes may require to be changed."
1729,PH,Pressing of Cogon Grass (Imperata cylindrica),other,peso,45.0,4.44,,,,0.54,,,,0.09,,0.63,3,,,0.59,,,,,,0.59,1,,,POSITIVE,POSITIVE,POSITIVE,POSITIVE,
1730,BI,Stabilisation des berges des rivières par le bambou,other,Francs Burundais,1570.0,2000,,,,873.8900000000001,400.0,,,500.0,800.76,2574.65,8,,,48.41,45.0,,,50.0,190.0,333.41,5,,,POSITIVE,POSITIVE,VERYPOSITIVE,VERYPOSITIVE,"La main d'oeuvre pour la pépinière, la plantation et l'entretien;  l'acquisition et le transport  des boutures"
1731,AF,Irrigation of uplands through Hydraulic Flange Pump,USD,,,7.00,,,,3781.0,16950.0,,,16269.0,,37000.0,15,,,21.0,31.0,,,,,52.0,5,,,VERYNEGATIVE,NEUTRAL,SLIGHTLYPOSITIVE,POSITIVE,"Labor, stone and equipment are the main fundamental  factors which need high initial investments. 
After a couple of years pipes may need to be changed."
1732,AF,Terracing in Watershed,USD,,,5.88,,,,7056.0,,,,,,7056.0,1,,,35.0,,,,,,35.0,1,,,SLIGHTLYPOSITIVE,VERYPOSITIVE,VERYPOSITIVE,VERYPOSITIVE,Labor cost is the determinate factors which was affecting the costs.
1733,MA,Reboisement,other,DH,8.0,8.00,,,,,,,,,,,0,,,,,,,,,,0,,,NEGATIVE,NEGATIVE,VERYPOSITIVE,POSITIVE,"- L’emplacement du périmètre : l’emplacement du périmètre influence la détermination le montant total du marché car chaque action a une relation directe avec la proximité du terrain d’une route, d’un point d’eau ect…..
 -  La pente : lorsque le terrain est accessible et la pente est modérée toutes activités du marché deviennent faciles à exécuter et par conséquent moins chères  
 - La main d’œuvre : une main d’œuvre qualifiée dans le domaine du travail exécute ses taches avec une certaine technicité et dans le délais fixé  ce qui permet de cerner les coûts."
1734,MA,Seuils en gabion,other,Dirham,8.0,12.50,,,,8.25,,,,,35.0,43.25,5,,,0.44,,,,,,0.44,1,,,SLIGHTLYPOSITIVE,SLIGHTLYPOSITIVE,VERYPOSITIVE,VERYPOSITIVE,"•la main d’œuvre assez couteuse
•Peut nécessiter des fouilles importantes pour une mise en place correcte
•La présence sur place de pierres de bonne qualité est indispensable
•Pas toujours facile à adapter au profil de la ravine"
1735,KE,Trashlines,other,Kshs,100.0,4.00,,,,0.12,0.05,0.16,,1.0,,1.33,6,,,0.04,0.1,0.08,,0.5,,0.72,4,,,POSITIVE,POSITIVE,POSITIVE,POSITIVE,Availability of crop residuals and labour are the most determinate factors affecting the costs.
1736,KE,Woodlot,other,Kshs,100.0,4.00,,,,0.04,0.05,0.05,,,,0.14,3,,,0.08,0.05,,,,,0.13,3,,,POSITIVE,POSITIVE,POSITIVE,POSITIVE,Labor and the cost of seedlings are the most determinate factors affecting the costs.
1737,FR,Restauration d'un bocage à l'aide de parcs éléctriques à brebis.,other,Euros,1.0,120.00,,,,4200.0,5810.0,1150.0,,750.0,,11910.0,10,,,14520.0,120.0,,,,,14640.0,3,,,NEGATIVE,NEGATIVE,POSITIVE,POSITIVE,"La taille des parcs, qui détermine le temps de rotation des brebis."
1738,KE,Boundary Trees-Windbreakers,other,KSh,85.0,4.70,,,,5.53,0.06,5.65,0.04,,,11.28,4,,,5.53,,,,,,5.53,1,,,POSITIVE,POSITIVE,POSITIVE,POSITIVE,"If the land has a gentle sloping gradient, the trees need to be closely planted o reduce the effects of the winds and storms to the crops."
1740,KE,Boundary Hedgerows,other,Kshs,100.0,500.00,,,,1.0,0.2,0.2,,,,1.4,3,,,0.3,0.2,0.1,,,,0.6,3,,,POSITIVE,POSITIVE,POSITIVE,POSITIVE,labour
1741,KE,Rotational grazing,other,Kshs,100.0,500.00,,,,2.5,2.0,,,1.5,,6.0,4,,,2.0,1.5,,,0.8,,4.3,4,,,POSITIVE,SLIGHTLYPOSITIVE,POSITIVE,POSITIVE,The most determining factors of this technology is labour and initial cost of constructing the paddocks and the overall maintenance.
1742,IR,Almond and Apple sapling plantation,USD,,,,,,,90.0,40.0,7.5,,,,137.5,3,,,410.0,45.0,,115.0,,,570.0,4,,,POSITIVE,POSITIVE,VERYPOSITIVE,VERYPOSITIVE,
1743,AR,Ferias comunitarias campesinas como alternativa de comercialización para la mejora en la rentabilidad y mantenimiento de la actividad productiva tradicional.,other,Peso Argentino,5.6,,,,,,,,,,357.14,357.14,1,,,,267.86,,,,,267.86,1,,,,,,,"Costos se asociaron a actividades para potenciar el empoderamiento y desarrollo de organizaciones comunitarias para la gestión de recursos ntaurales, y actividades comunitarias de mantenimiento de sistemas de riego. En total, los costos fueron de USD 2000 para talleres y se estima un costo de mantenimiento anual de USD 1500."
1744,HN,Uso de llantas en la agricultura urbana,other,Lempiras,2.4,,,,,4.17,,18.75,,,,22.92,3,,,4.17,,,,,,4.17,1,,,,,,,
1747,TJ,Превращение низкопродуктивных песчано-каменистых высокогорных пустынь  в орошаемый фруктовый сад с люцерной  в междурядьях.,,,,,,,,,,,,,,,0,,,,,,,,,,0,,,,,,,
1748,SN,Digue anti-sel et de retenue des eaux de ruissellement,,,,,,,,,,,,,,,0,,,,,,,,,,0,,,,,,,
1749,UG,Integrated runoff water management,other,Uganda shillings,1000.0,1.00,,,,0.27,0.04,0.02,0.01,,,0.34,4,,,0.34,0.32,0.07,,,,0.73,3,,,SLIGHTLYPOSITIVE,NEUTRAL,VERYPOSITIVE,POSITIVE,labour intensive and time consuming in the digging of channels
1750,NP,Improved compost preparation,USD,,,2.00,,,,4.0,,,,,,4.0,1,,,2.0,,,,,,2.0,1,,,POSITIVE,POSITIVE,POSITIVE,POSITIVE,
1751,NP,Urine application through drip irrigation for bitter gourd production,USD,,,2.00,unit,Drip irrigation system,,4.0,40.0,,,6.0,,50.0,4,,,30.0,,,,,,30.0,1,,,POSITIVE,POSITIVE,POSITIVE,POSITIVE,
1752,NP,Improved cattleshed for urine collection,USD,,,2.00,unit,Urine collection system,,6.0,,,,6.0,,12.0,2,,,,,,,,,,0,,,POSITIVE,POSITIVE,POSITIVE,POSITIVE,
1753,NP,Legume integration,USD,,,2.00,unit,,,5.0,,1.5,,,,6.5,2,,,,,,,,,,0,,,POSITIVE,POSITIVE,POSITIVE,POSITIVE,
1755,NP,Organic pest management,USD,,,2.00,area,,,4.0,6.0,,,,,10.0,2,,,,,,,,,,0,,,POSITIVE,POSITIVE,POSITIVE,POSITIVE,
1756,NP,"Improved farmyard manure through sunlight, rain and runoff protection",USD,,,2.00,,,,2.0,,,,25.0,,27.0,2,,,,,,,,,,0,,,POSITIVE,POSITIVE,POSITIVE,POSITIVE,
1757,NP,Cultivation of fodder and grasses,USD,,,2.00,,,,6.0,,4.0,,,,10.0,2,,,6.0,,,,,,6.0,1,,,POSITIVE,POSITIVE,POSITIVE,POSITIVE,Cost ofseeds or saplings/seedlings depends on species.
1759,NP,Better quality farmyard manure through improved decomposition,USD,,,2.00,,,,2.0,,,,,,2.0,1,,,2.0,,,,,,2.0,1,,,POSITIVE,POSITIVE,POSITIVE,POSITIVE,"The heap method is cheaper, as no digging is involved"
1761,IS,Applying organic residues to denuded areas,other,ISK,138.0,,,,,915.94,521.74,,72.46,,72.46,1582.6,4,,,,,,,,,,0,,,SLIGHTLYPOSITIVE,SLIGHTLYPOSITIVE,POSITIVE,SLIGHTLYPOSITIVE,The most determinate factors affecting the cost are: 1) the machinery needed and 2) the distance of the eroded areas from the farmsteads
1762,IT,Vallerani Water Harvesting System,,,,,,,,,,,,,,,1,,,,,,,,,,0,,,,,,,
1763,FR,"Jardin avec cinq parcelles en rotation avec céréales, poules, racines, cochons et milpa.",,,,,,,,,,,,,,,0,,,,,,,,,,0,,,,,,,
1769,BD,Marshy land transformed into productive land,USD,,,5 USD,area,1 hectare,,1500.0,,80.0,,,20.0,1600.0,5,3.0,,250.0,,12.5,,55.0,,317.5,4,,,SLIGHTLYNEGATIVE,SLIGHTLYPOSITIVE,VERYPOSITIVE,VERYPOSITIVE,"Basket, spade and other equipment which are needs to develop the site is not carried by land user, these are collecting by laborers. transportation cost also carried by local traders. farmers are represent their product in local market (floating guava market) and then local traders are buy it and transport it to city or capital"
1770,UA,Создание экологически-сбалансированных агроландшафтов для повышения плодородия орошаемых почв и получения качественной сельскохозяйственной продукции.,,,,,,,,,,,,,,,0,,,,,,,,,,0,,,,,,,
1815,MD,Environmentally-friendly rural practices,,,,,,,,,,,,,,,0,,The project Sustainable Agriculture financed by the Dutch Foundations CORDAID AND NOVIB,,,,,,,,0,,,NEUTRAL,SLIGHTLYPOSITIVE,POSITIVE,POSITIVE,
1816,MD,Environmentally-Friendly Community Practices,,,,,,,,,,,,,,,0,,The Project,,,,,,,,0,,,SLIGHTLYPOSITIVE,SLIGHTLYPOSITIVE,POSITIVE,POSITIVE,
1817,MD,Integrated Land and Water Management,,,,,,,,,,,,,,,0,,,,,,,,,,0,,The Project,SLIGHTLYPOSITIVE,NEUTRAL,POSITIVE,POSITIVE,
1819,MD,Rehabilitation of degraded land,,,,,,,,,,,,,,,0,,,,,,,,,,0,,,NEUTRAL,NEUTRAL,POSITIVE,SLIGHTLYPOSITIVE,
1832,HT,Terrasses Radicales,USD,,,4,area,"environ 50m2, pour un coût entre 16 et 20 USD",,,,,,,,,1,,,,,,,,,,4,,,POSITIVE,POSITIVE,VERYPOSITIVE,POSITIVE,"La main d’œuvre correspond aux coût le plus important, néanmoins, l'entretien des terrasses est effectué en parallèle de leur exploitation et ainsi ne peut être comptabilisé comme main d’œuvre d'entretien de la technique de protection des sols, mais comme mesure productive."
1879,NE,Traitement de Kori ou Aménagement de Kori,other,franc CFA (UEMOA),498.0,main d'oeuvre qualifiée/jour = 5 000 francs CFA et la main d'oeuvre non qualifiée/jour = 1 300 francs CFA,unit,Kori (mètres linéaires aménagés),,30640.36,1109.24,,,1887.55,2421.92,36059.07,7,17957418.0,les coûts ont été financés à 100% par le projet. Il s'agit d'un projet de cash for work en faveur de couches sociales extrêmement vulnérables. Les travaux de production des pierres sèches sont contenus dans les coûts de main d'oeuvre non qualifiée.,361.44000000000005,187.23,,,20.08,,568.75,4,283240.0,,VERYPOSITIVE,VERYPOSITIVE,VERYPOSITIVE,VERYPOSITIVE,"la main d'œuvre constitue le principal facteur qui détermine les coûts. Aussi, la disponibilité des pierres à côté du site est un facteur décisif dans la fixation des coûts."
1882,PE,Cocina Inkawasi Mejorada,USD,,,12,unit,Una cocina mejorada,,5.0,73.0,,,,30.0,108.0,3,,El proyecto que implemento la tecnología.,10.0,20.0,,,,15.0,45.0,3,,El proyecto,POSITIVE,POSITIVE,VERYPOSITIVE,POSITIVE,"Cuando el proyecto se termine y no haya financiamiento, serían las propias familias beneficiadas las que deben de cubrir los costos, para ello la alternativa de vender bonos de carbono puede permitir contar con ingresos sostenibles en la medidad que la tecnología es utilizada por la familia (ver explicación en el punto 4.6)."
1890,KH,Intercropping of mung bean and banana in the uplands,other,Riel,4000.0,20000 Riel,area,70 X 200= 14000 square meters,,25.5,46.25,45.0,,,,116.75,5,,,125.0,,72.0,11.5,,,208.5,7,,,POSITIVE,POSITIVE,POSITIVE,POSITIVE,Buying seeds and hiring labor for digging the holes
1914,PH,Sugar Mill Wastewater Re-use for Irrigation,,,,,unit,,,,,,,,,,0,,,,,,,,,,0,,,,,,,
1930,PH,Highly Diversified Cropping in Live Trellis System,other,Philippine Peso (Php),50.0,300,area,0.5 hectare,,72.0,,51.0,200.6,77.6,,401.2,13,,,72.0,18.0,,,,,90.0,5,,,POSITIVE,POSITIVE,POSITIVE,POSITIVE,
1958,HT,Clayonnage pour la correction des ravines,other,Gourdes (HTG),67.0,250,unit,Clayonnage,,22.39,0.49,11.19,,,,34.07,8,,,,,,,,,,0,,Croix-Rouge Suisse,POSITIVE,POSITIVE,VERYPOSITIVE,VERYPOSITIVE,Appui téchnique
2005,BD,"Disability inclusive, flood resilient cluster village",other,Bangladeshi Taka,80.0,300,unit,Cluster village,,2628.12,6619.75,197.5,75.0,7296.88,5400.0,22217.25,16,,"The project, human resource supported by CBM, CDD and a funded by private donor.",250.0,,62.5,,750.0,,1062.5,7,,,POSITIVE,SLIGHTLYPOSITIVE,VERYPOSITIVE,VERYPOSITIVE,Market fluctuation and scarcity of goods in the flood season.
2010,ES,Organic amendment located in dripper point in organic citrus production,other,Euro,0.944508,60,area,7.7 ha,,,,,,,,,11,,,1619.8899999999999,63.53,,53202.299999999996,,,54885.72,12,,,SLIGHTLYNEGATIVE,SLIGHTLYPOSITIVE,VERYPOSITIVE,VERYPOSITIVE,"The pests, and the loss of product caused by unexpected weather."
2061,LA,Rice straw mulching in vegetable home gardens,other,LAK,8000.0,50.000,area,25 m2,,25.0,18.13,,,,,43.13,4,,,12.5,18.13,,,,,30.63,4,,,NEUTRAL,SLIGHTLYPOSITIVE,POSITIVE,POSITIVE,Labourers are needed to collect the straw from the paddy fields because at this time most of the family members capable of working are retained for the cultivation of rice before the rainy season.
2081,MR,Implementing the ecological monitoring of locally managed sylvo-pastoral resources – Vegetation cover index,other,UM,365.0,5,,,,,,,,,,,3,250.0,Regional service of the Ministry of Environment and GIZ,0.6900000000000001,,,,,,0.69,3,,Regional service of the Ministry of Environment and GIZ,NEUTRAL,NEUTRAL,POSITIVE,POSITIVE,labour costs
2089,MR,Ouverture manuelle de pare-feux,USD,,366.0,5,unit,km,,55.0,5.0,,,,,60.0,2,,"Budget de l'Etat ou communes rurales, bailleurs de fonds",,,,,,,,0,60.0,,POSITIVE,POSITIVE,POSITIVE,POSITIVE,Le facteur le plus important est la main d'oeuvre (55 USD/km).
2092,KE,Il Ngwesi Group Ranch Grazing with Holistic Management Principles,USD,,,USD 2.5,unit,"Herders, animals treatment. For the whole area affected by livestock (157 km2)",,,,,,,,,1,,,2567160.0,,,,,40000.0,2607160.0,7,,"Overall additional costs since introduction of new technology are estimated at 20% higher than before. 50% are covered by project funding (LWF, NRT, Lewa Conservancy).",SLIGHTLYNEGATIVE,POSITIVE,POSITIVE,POSITIVE,"- Managing of one big herd, many supervisors needed. 
- Movement of bomas.
- Livestock-owning families (although they obviously don't receive any salary): this is simultaneously their livelihood and used for subsistence. But once all their livestock is bunched in a big herd, they lose their nutritional source (milk, blood) and livelihood (sometimes they keep back a few units for this reason)."
2098,KH,Intercropping of vegetables to control pests along the Mekong river bank,other,KHR,4000.0,"17,000",area,1080 square meters,,12.75,325.5,107.5,33.75,278.5,95.0,853.0,20,,He spend all on this establishment and ows some payment to the seller of the equipment.,85.0,72.88,,,,,157.88,5,,,POSITIVE,SLIGHTLYPOSITIVE,POSITIVE,POSITIVE,The price of fertilizer and seeds depends on type of seed and market  price.
2099,KH,"Home Garden (Pomelo, Lemon, Supplementary Crops)",other,Riel,4000.0,20000 /day,area,1500 square meters,,50.0,536.25,962.5,15.0,,,1563.75,9,,,558.88,456.0,,22.5,,,1037.38,5,,អត់មាន,SLIGHTLYNEGATIVE,SLIGHTLYNEGATIVE,POSITIVE,POSITIVE,"They use own labour and only natural fertilizer, so that they get more income and reduce costs."
2101,KH,Bitter gourd cultivation using recycled newspapers to protect fruits,other,Riel,4000.0,20000 Riel,area,2100 square meters,,76.25,421.25,45.0,125.0,125.0,30.0,822.5,12,,,40.0,,,18.75,,36.0,94.75,5,,,POSITIVE,POSITIVE,POSITIVE,POSITIVE,"High costs for pumping machine, fish head fertilizer and compost."
2136,KH,Automatic Pumping System (Ram Pump) Using Natural Stream Flow for Domestic and Agricultural Purposes,other,Riel,4000.0,20000 Riel,unit,Automatic Pumping Device,,1500.0,,,,,,1500.0,1,,N/A,25.0,,,,,,25.0,1,,"For repairing, it costs around 25 USD a year for changing of the valve.",POSITIVE,POSITIVE,POSITIVE,POSITIVE,Construction materials and hose that is needed because of far distance between the ram pump and water use places.
2137,KH,Using slurry from biodigester for soil improvement,other,Riel,4000.0,25000 riel,unit,Biodigester,,,1000.0,,,,,1000.0,1,4000000.0,Support from National Biodigester Programme (NBP),23.76,,,7.0,,,30.76,3,,,VERYPOSITIVE,VERYPOSITIVE,VERYPOSITIVE,VERYPOSITIVE,The cost of the plastic tank and the enough cows to producing sufficient slurry for the manure production.
2140,UG,Fish ponds for fish production and improved household income,other,Uganda Shillings,3400.0,5000,area,30 metres X 15 metres,,220.59,70.59,,,,125.0,416.18,7,,,44.12,,,,,,44.12,1,,,SLIGHTLYPOSITIVE,SLIGHTLYNEGATIVE,POSITIVE,POSITIVE,Labour is the important factor that influences costs. The farmer used own money to hire labour.
2143,UG,Modern Intensive Livestock Management.,other,UGX,3400.0,5000,unit,Livestock Unit (LU),,7441.19,2252.94,477.94,1323.53,1.47,,11497.07,10,58000.0,,2205.88,,,,,,2205.88,3,,,NEGATIVE,SLIGHTLYNEGATIVE,VERYPOSITIVE,VERYPOSITIVE,Labour and equipment takes most of the costs. Labour and equipment maintenance is routine monthly.
2144,UG,Poultry Waste For Soil Fertility Improvement And Increased Production,other,UGX,3500.0,5000 UGX,unit,Manure decomposing unit,,8.57,45.71,,,,,54.28,6,,,20.0,,,,,,20.0,1,,,POSITIVE,POSITIVE,POSITIVE,POSITIVE,
2147,UG,Rotational grazing of goats for pasture conservation and improvement.,other,UGX,3718.0,1000shs,area,5acres,,,,,,,,,0,,,,,,,,,,0,,,SLIGHTLYPOSITIVE,SLIGHTLYPOSITIVE,POSITIVE,POSITIVE,"The labour costs for fencing the paddocks, and the high costs of fencing materials."
2148,UG,Multi-Canopy Agroforestry,other,Uganda Shillings,3500.0,5000,area,2 acres,,98.57,,85.71,,,,184.28,5,,The cost is generally handled by the family,64.28999999999999,,,,,,64.29,2,,,SLIGHTLYPOSITIVE,POSITIVE,POSITIVE,VERYPOSITIVE,"Pruning becasue this involves aiming at high tree branches, which is risky and therefore, costly"
2149,UG,Firelines For Tree Protection,other,Ugandan Shilling,3400.0,5000,unit,Fireline,,4.41,16.169999999999998,,,,,20.58,5,,,5.88,,,,,,5.88,1,,,POSITIVE,POSITIVE,POSITIVE,POSITIVE,"Labour is not readily available, and is thus expensive. Hence it accounts for most of the costs required for establishment."
2165,MA,Banquettes en terre irriguées combinées à l’agroforesterie,other,Dirhams,10.0,80 dirhams,area,280 m2,,480.0,,63.7,21.0,,,564.7,4,,,40.0,47.6,,,,,87.6,3,,,SLIGHTLYNEGATIVE,POSITIVE,POSITIVE,VERYPOSITIVE,La disponibilité de main d'oeuvre.
2167,MA,Taille de frêne dimorphe (Fraxinus dimorpha) en têtard pour l'utilisation comme fourrage.,other,Dirham,10.0,110,unit,Par arbre,,,,,,,,,0,,,0.7,6.0,,,,,6.7,2,,,,VERYPOSITIVE,,VERYPOSITIVE,"Le plus cher, c'est l'amende à payer dans le cas ou un éleveur taille les arbres dans une mise en défens ou une terre domaniale et se fait attraper par les autorités. "
2203,NA,Bush Thinning and Biomass Processing by Manual or Mechanised Means,other,Namibia Dollar (NAD),0.078,Namibia Dollar (NAD) 110,area,1 hectare,,14615.380000000001,18461.53,,,,2564.1,35641.01,10,,,,,,,,,,0,500.0,,NEGATIVE,NEGATIVE,VERYPOSITIVE,VERYPOSITIVE,"(1) Investment in machinery (if not applied manually).
(2) Maintenance of machinery (high wear and tear due to hardness of wood and high mineral content).
(3) Remoteness of farms/land from buyers/markets."
2236,KH,Crop rotation between mango trees in combination with drip irrigation,other,Riel,4000.0,20000 Riel,area,2100 square meters,,42.0,1437.5,168.75,15.0,92.5,,1755.75,10,,,75.0,75.0,10.88,10.0,,5.0,175.88,9,,N/A,POSITIVE,POSITIVE,POSITIVE,VERYPOSITIVE,The costs for the pipe system are high.
2237,LA,Wild cardamom plantation for sustainable forest management,other,LAK,8000.0,50.000,area,1,{'en': 'hactare'},312.5,118.13,,93.75,,,524.38,8,,,187.5,,,93.75,,,281.25,4,,,SLIGHTLYPOSITIVE,SLIGHTLYPOSITIVE,POSITIVE,POSITIVE,Labour and cost for manure are the most important factors.
2247,CA,Le verger permaculturel de miracle farms,other,$ Canadiens,1.37,"180 $ canadiens par jours pour la main d'oeuvre non qualifiée, 9h à 20 $",area,Couts par ha,,9014.59,8490.289999999999,10069.710000000001,8704.5,3397.81,4852.41,44529.31,31,,,18664.239999999998,,271.53,802.1999999999999,,16117.519999999999,35855.49,10,,,NEGATIVE,NEGATIVE,VERYPOSITIVE,VERYPOSITIVE,"Le plus couteux est l'échec des plantations, et la main d'oeuvre.  Pour réduire ces couts, des essais à petite échelle permettent de voir ce qui marche localement."
2251,LA,Cultivation of Bamboo to Prevent Soil Erosion,other,kip,8000.0,50000 kip,unit,Along the river bank,,31.25,38.12,45.0,,,,114.37,5,,,6.25,,1.88,,,,8.13,2,,,SLIGHTLYNEGATIVE,NEUTRAL,POSITIVE,SLIGHTLYPOSITIVE,Labor for maintenance is the most important effect to the cost
2254,UG,Animal manure use in a citrus orchard,other,Ug Shillings (UGX),3650.0,6660,area,1 acre,{'en': '0.40 ha'},52.06,,,95.89,,,147.95,4,,the land user bore all the costs,13.7,,,,,,13.7,2,,Costs are borne by land user,POSITIVE,POSITIVE,VERYPOSITIVE,VERYPOSITIVE,Quantities of the manure
2255,KH,Intercropping of eggplants between mango trees using rice straw mulching to reduce evaporation,other,Khmer Riel,4000.0,"30,000 Riel",area,540 square meter,,48.739999999999995,,52.0,37.5,18.0,,156.24,10,,,,,,,,,,0,2800000.0,,POSITIVE,SLIGHTLYPOSITIVE,VERYPOSITIVE,POSITIVE,"The cost of water pumping machine is high, cost of mango trees and eggplant seeds, cost of hiring labor to plough the soil. But she doesn't expend on buying fertilizer because she use her own cow manure."
2257,UG,Integrated  Apiculture and Forestry,other,UGX,3400.0,5000,area,0.5 acres,,176.47,551.47,,,,73.53,801.47,4,,,176.47,,,,,73.53,250.0,2,,,SLIGHTLYNEGATIVE,SLIGHTLYNEGATIVE,SLIGHTLYPOSITIVE,SLIGHTLYPOSITIVE,Purchase of bee hives.
2263,KH,Improved orchard with an integrated farming system,other,KHR (Riel),4000.0,20000 KHR,area,0.84 ha,,970.0,3219.75,745.0,24.75,4000.0,1200.0,10159.5,17,,,1200.0,,236.25,550.0,,,1986.25,3,,,NEGATIVE,NEGATIVE,VERYPOSITIVE,VERYPOSITIVE,"The farmer spent a lot of money on building pig house which cost 16,000,000 Riel equal to 4000 USD, tube system cost 8,000,000 Riel equal to 2000 USD, pumping machine cost 4,800,000 Riel equal to 1200 USD. In addition, he also spent on digging pond which cost 3,4000,000 Riel equal to 850USD. These components of the technology affects the costs for the establishement very much."
2274,UG,Trenches for soil and water conservation under banana.,other,UGX,3350.0,5000,area,0.5 to 1 acre,,14.93,8.36,,,,,23.29,5,,,7.46,,,4.18,,,11.64,3,,,SLIGHTLYPOSITIVE,SLIGHTLYPOSITIVE,VERYPOSITIVE,VERYPOSITIVE,"Labour for digging trenches, desilting and re-applying the silt in the garden."
2279,LA,Logs to reduce surface run-off during the rainy season,other,kip,8000.0,50000,unit,2 wooden log barriers,,12.5,11.870000000000001,,,,,24.37,6,,,12.5,8.75,,,,,21.25,5,,,NEUTRAL,NEUTRAL,SLIGHTLYPOSITIVE,NEUTRAL,The equipment is the most important factor affecting the costs.
2284,LA,Making compost to improve soil fertility in vegetable home gardens,other,LAK,8000.0,50.000,area,5 x 15 m,,62.5,16.25,,,103.75,,182.5,9,,,37.5,,,6.25,,27.5,71.25,7,,,SLIGHTLYNEGATIVE,SLIGHTLYNEGATIVE,NEUTRAL,SLIGHTLYPOSITIVE,"Construction of the compost container is the most important factors affecting the costs (if available, one can use the fish tank as compost container)."
2288,KE,Grass reseeding,USD,,,5,area,Hectare,,20.0,400.0,50.0,,,,470.0,3,,,5.0,100.0,10.0,,,,115.0,3,,,SLIGHTLYPOSITIVE,SLIGHTLYPOSITIVE,POSITIVE,POSITIVE,"Seed availability in the 'informal markets' i.e. between farmers and farmer groups, research organisation, influences the cost of grass seed. This is mainly determined by the preceding rainy season."
2298,LA,Dry season rice on flat areas of stream banks,other,LAK,8000.0,50000,area,"0,7",{'en': 'Hectare'},375.0,887.5,,,,,1262.5,4,,The Oxfarm Australia support 1 buffalo per household,187.5,,5.0,,,,192.5,4,,,POSITIVE,POSITIVE,POSITIVE,POSITIVE,The preparation of the land takes lot of time and require more labour.
2304,UG,Under ground water abstraction for livestock production,other,UGX,3350.0,5000 per person per day,area,0.5 acres,,7.46,11.95,2.99,,,,22.4,5,,,7.7700000000000005,29.85,,,,10.75,48.37,5,,,NEGATIVE,SLIGHTLYPOSITIVE,VERYPOSITIVE,SLIGHTLYPOSITIVE,Hygiene inspection.
2306,LA,Local indigenous dyke for water harvesting,other,Kip,8000.0,50 000 kip,unit,one dam,,300.0,368.75,,,825.0,,1493.75,10,,,300.0,,,,387.5,,687.5,5,,,SLIGHTLYPOSITIVE,SLIGHTLYPOSITIVE,SLIGHTLYPOSITIVE,SLIGHTLYNEGATIVE,The labour for collecting the wood logs and the labour for the construction of the dike.
2307,LA,Plantation of Yangbong (Persea kurzii) Trees on Slopes,other,kip,8000.0,"30,000",area,1 ha,,525.0,225.0,200.0,,,,950.0,7,,,225.0,,,1875.0,,,2100.0,4,,The Bio Fertilizer has been provided by the project.,VERYNEGATIVE,NEGATIVE,VERYPOSITIVE,POSITIVE,Labour is an important factor especially for larger plantation areas that require more labour for maintenance
2315,KH,Agroforestry-intercropping of peanut  between cashew nut trees in upland areas,other,KHR,4000.0,20000,area,1 hectare,"{'en': '1 hectare= 10000 square meters', 'km': '១ ហិកតា=១០០០០ម៉ែត្រការ៉េ'}",215.0,270.5,400.0,18.75,,,904.25,9,,,755.0,105.0,,25.0,216.25,975.0,2076.25,17,,,POSITIVE,POSITIVE,VERYPOSITIVE,VERYPOSITIVE,"General high expenses for the establishment and for the maintenance of the technology. Cashew trees provide fruit in the 3rd year and whereas peanuts can be harvested within 3 months. Normally from the moment cashew trees provide fruits, farmers could not grow peanut on the same plot anymore."
2317,UG,Intercropping Bananas and Pineapple for Optimal Land Utilisation,other,UGX,3650.0,6600,area,3200 square meter,,71.9,65.21,123.29,82.19,,,342.59,12,-1.0,"500 pineapple suckers were given to the farmer by the OWC. The remaining 7500 suckers were received from Luweero District, Central Uganda.",13.31,,,32.88,,,46.19,4,,,SLIGHTLYPOSITIVE,SLIGHTLYPOSITIVE,,,"Peoples attitudes (people fear weeding in pineapples because they are prickly and pineapples habour snakes), labour scarcity"
2319,UG,MANGO AND CITRUS TRESS GROWN AS CASHCROPS AND FOR SOIL FERTILITY IMPROVEMENT,other,UGX,3500.0,3000 UGX,area,2 acres,,68.56,180.01,157.14,,32.86,,438.57,14,,,3.43,657.85,279.0,11.43,,,951.71,9,,,SLIGHTLYPOSITIVE,POSITIVE,VERYPOSITIVE,VERYPOSITIVE,"High costs of labor
High transportation cost
Purchase of pesticides"
2321,UG,Reclamation of indigenous pastures for dairy farming,other,UGX,3718.0,3000shs,area,2acres,,,,,,,,,0,,,,,,,,,,0,,,SLIGHTLYPOSITIVE,POSITIVE,VERYPOSITIVE,VERYPOSITIVE,The labour for firebreaks during dry seasons and maintaining the farm.
2323,NE,Firebreaks,other,West African CFA franc,500.0,1300 CFA francs,area,3 km2,,11148.0,4039.0,,,,2475.0,17662.0,13,8831000.0,"The mule and oxen carts for the transport of the straw were provided by the local populations. In the cost assessment, the 20.000 CFA francs represent the rental cost for each cart.",1390.0,669.5,,,,,2059.5,4,1029750.0,"The maintenance costs are covered by the local populations, who ensure their own compensation by selling the straw.",POSITIVE,POSITIVE,POSITIVE,POSITIVE,"The most important factor affecting the costs of the technology is unskilled labour; this technology requires a large amount of labour, both for the implementation and for the maintenance."
2325,NE,"Assisted Natural Regeneration on agro-pastoral, sylvo-pastoral and pastoral land",other,West African CFA francs,500.0,1500 CFA francs,area,1 hectare,,84.0,6.0,,,,,90.0,3,,"In case the implementation of the technology was conducted in the context a development project, only the costs of training are not borne by the land user, but covered by the project. In some cases the project also provides technical support, such as the installation of a tree nursery or food distribution.",102.0,6.0,,,,,108.0,2,,0,SLIGHTLYPOSITIVE,SLIGHTLYPOSITIVE,VERYPOSITIVE,VERYPOSITIVE,"Labour is the key determinant of the costs for establishment and maintenance of the technology, representing almost 90% of the total costs."
2327,UG,Modern Bee Hives based Apiculture,other,UGX,3400.0,5000 per person per day,area,3 acres,,7.35,423.53,,,,5.88,436.76,3,,,7.35,90.88,,,,,98.23,5,,,SLIGHTLYNEGATIVE,SLIGHTLYNEGATIVE,SLIGHTLYPOSITIVE,SLIGHTLYPOSITIVE,Modern bee hives are the most expensive and the costs of labour.
2688,LA,Coffee cultivation between big trees in sloping fallows,other,LAK,8000.0,20000,area,"1,5",{'en': 'Hactare'},167.5,32.5,3.75,31.25,18.75,30.0,283.75,11,,,22.5,,,,,,22.5,3,,,SLIGHTLYNEGATIVE,SLIGHTLYNEGATIVE,POSITIVE,POSITIVE,The most important factor affecting cost is labour for selective clearance.
2690,ES,Application of 'Preparation 500' in agricultural soils under a biodynamic management,other,Euro,0.944508,60 Euro,area,40 hectares,,1397.56,1605.0699999999997,3202.73,105.88,,,6311.24,13,,,1397.56,254.1,,105.88,,,1757.54,6,,,NEUTRAL,SLIGHTLYPOSITIVE,POSITIVE,VERYPOSITIVE,"Unforseen weather is always a risk in conventional as well as in bio-dynamic agriculture. The rainy days, high temperatures and direct sunlight can affect the correct application of preparation 500 and could cause a decrease in the orchard production."
2699,UG,CROP ROTATION OF CASSAVA AND SOY BEAN,other,UGX,3500.0,3000shs,area,43 acres,,589.71,637.1500000000001,245.71,,,,1472.57,6,,,30.71,325.71000000000004,,,,,356.42,3,,,SLIGHTLYPOSITIVE,SLIGHTLYPOSITIVE,POSITIVE,POSITIVE,
2707,UG,"Cassava-Soybean Crop Rotation for Soil Fertility Improvement, Improved Production, Income and Food Security",other,UGX,3500.0,2500shs,area,43 acres,,7.14,48.86,142.86,,,,198.86,7,,,42.86,17.14,,,,,60.0,2,,no one,POSITIVE,POSITIVE,POSITIVE,POSITIVE,"Seeds, tractor and labour hire."
2708,UG,TEAK-BASED AFFORESTATION FOR INCOME GENERATION AND TIMBER PRODUCTION,other,UGX,,5000shs,area,6acres,,,,,,,,,6,,,,,,,,,,5,,,SLIGHTLYNEGATIVE,SLIGHTLYNEGATIVE,VERYPOSITIVE,VERYPOSITIVE,
2757,UG,Mulching using  banana leaves,other,UGX,3200.0,5000,area,2 acres,,218.75,42.19,,,,28.12,289.06,4,,,187.5,,,,,,187.5,2,,,SLIGHTLYPOSITIVE,POSITIVE,POSITIVE,POSITIVE,Labour for cutting and laying the banana leaves is the most important factor affecting costs.
2761,UG,Controlled livestock grazing  for soil fertility improvement,other,UGX,3445.0,5000,unit,0.5 acres,,174.16,252.53999999999996,7.26,,,1336.87,1770.83,12,,,87.08,17.42,,43.54,,,148.04,3,,,SLIGHTLYPOSITIVE,SLIGHTLYPOSITIVE,VERYPOSITIVE,POSITIVE,Labour takes the most costs since the tasks re routine compared to the cost of equipment which is bought and replaced after its worn out.
2769,UG,Farmer-Managed Natural Regeneration (FMNR),other,UGX,3500.0,5000,area,1 acre,,100.0,,,,714.28,,814.28,4,,,42.86,,,,28.57,,71.43,2,,,NEGATIVE,SLIGHTLYPOSITIVE,POSITIVE,POSITIVE,Labour and seedlings take most of the costs of the technology
2778,UG,Grevillea Robusta (Silk Oak) Boundary Lines on a Pineapple Cropland,other,UGX,,"3,000 shs",area,7 acres,,,,,,,,,6,,,,,,,,,,3,,,SLIGHTLYPOSITIVE,SLIGHTLYPOSITIVE,POSITIVE,VERYPOSITIVE,"The Grevillea seedlings were distributed at a cost from the District. There is also high cost of hiring labour. However, family members can also help in maintaining the technology."
2784,UG,Small ruminant management for manure production (goats),other,UGX,3500.0,5000 per person per day,area,Less than 0.5 acres,,4.29,,,,335.71,,340.0,5,,,4.29,,,,,,4.29,1,,,NEGATIVE,NEUTRAL,POSITIVE,POSITIVE,Labour takes most of the costs.
2785,SI,Integrated soil fertility management with biochar and zeolite,other,EUR,0.89,50 EUR,area,20 hectares,,,,,,,,,0,,,617.9799999999999,337.08,,1596.63,,,2551.69,6,,,SLIGHTLYPOSITIVE,SLIGHTLYPOSITIVE,SLIGHTLYPOSITIVE,SLIGHTLYPOSITIVE,price of bio-char and zeolite
2787,UG,Fruit Tree Orchard of Mangoes and Oranges Integrated with Beans,other,UGX,3400.0,5000,area,0.6 acres of land,,176.47,17.94,58.82,14.71,,14.71,282.65,7,,,132.35,22.06,,,,,154.41,2,,,SLIGHTLYPOSITIVE,SLIGHTLYPOSITIVE,POSITIVE,POSITIVE,Labour takes most of the cost during establishing. The farmer only buys a spraying pump for maintenance.
2788,UG,Low-cost irrigation with a treadle pump,other,Uganda Shilings,3500.0,5000,unit,Piece,,42.86,328.57,,,,,371.43,3,,,42.86,900.0,,,,,942.86,3,,,NEGATIVE,POSITIVE,VERYPOSITIVE,VERYPOSITIVE,Cost for acquiring the pump and the cost of labor for running the pump.
2795,SI,Organic agriculture,other,EUR,,50 EUR,area,24 hectares,,,,,,,,,8,,,,,,,,,,7,,The reamining costs are coverd by subsidy payments.,NEUTRAL,NEUTRAL,POSITIVE,POSITIVE,"Labour availability, price of organic plant protection products and fertilisers, price of the machinery"
2796,UG,Ground water fed fish ponds,other,UGX,3500.0,5000 per person per day,area,0.5 acres,,257.14,177.14000000000001,,,,1274.2799999999997,1708.56,8,,,42.86,,,,,17.14,60.0,2,,,SLIGHTLYNEGATIVE,SLIGHTLYPOSITIVE,POSITIVE,SLIGHTLYPOSITIVE,Labour for establishing and maintaining the pond.
2797,UG,Improved Tree Nursery Bed,other,UGX,3818.0,3000/=,area,1725 m2,,36.150000000000006,358.70000000000005,809.33,9.29,447.37,,1660.84,24,,,29.07,,,,36.010000000000005,,65.08,6,,,NEGATIVE,POSITIVE,POSITIVE,VERYPOSITIVE,"Accessibility to quality seed, transportation of materials, drought"
2801,UG,Home Garden Drip Irrigation,other,UGX,3900.0,"3,000shs",area,4 acres,,17.95,130.76,,,,,148.71,4,,,38.46,15.38,,,,,53.84,2,,,VERYPOSITIVE,VERYPOSITIVE,VERYPOSITIVE,VERYPOSITIVE,The most important cost at establishment phase is the procurement of water tanks followed by labour costs and maintenance in terms repairs.
2807,MA,Stabilisation de terrasses en bordure d'oued avec des peupliers,other,Dirham,10.0,110,unit,Une terrasse,,693.0,300.0,,,,,993.0,5,,,25.3,,,,,,25.3,2,,,NEGATIVE,VERYPOSITIVE,POSITIVE,VERYPOSITIVE,"Le facteur qui affecte les couts le plus est la disponibilité d'un tractopelle pour la mise en place de la parcelle, donc dépendant de la distance du réseau routier et des connexions personnelles des utilisateurs de terres."
2812,UG,Intensive Pig farming for soil fertility improvement and household income,other,UGX,3400.0,7000,area,"less than 0.05 acre, 6 to 8 m wide, 8 m long and 3.5 m high",,247.06,70.58,,22.06,51.47,88.24,479.41,10,,,247.06,,,,,,247.06,2,,,SLIGHTLYNEGATIVE,SLIGHTLYNEGATIVE,POSITIVE,SLIGHTLYPOSITIVE,Labour takes most of the costs because its required regularly during establishment and maintenance.
2814,UG,Row planting of annual crops,other,UGX,3600.0,5000,area,1 acre,,13.89,14.44,41.67,,,,70.0,5,,,6.94,,,,,,6.94,1,,,SLIGHTLYPOSITIVE,SLIGHTLYPOSITIVE,POSITIVE,POSITIVE,"Labour for planting, weeding and harvesting takes the most of costs."
2815,UG,Intercropping Soya and Maize,other,UGX,3400.0,5000 per person per day,area,7 acres,,14.7,135.59,91.17999999999999,,,,241.47,7,,,14.71,,,,,,14.71,1,,,SLIGHTLYNEGATIVE,POSITIVE,SLIGHTLYNEGATIVE,POSITIVE,Labour takes most of the costs.
2816,UG,Stall feeding of Friesian cow by cut and carry  for livestock management,other,UGX,3803.0,5000,area,1.5 acres,,92.03,9.73,141.99999999999997,,166.96999999999997,12.62,423.35,14,,,82.83,45.75,113.07,,,6.31,247.96,8,,,POSITIVE,POSITIVE,VERYPOSITIVE,VERYPOSITIVE,Labour costs for establishing and maintaining the technology.
2817,UG,Orchard of Mangoes and Oranges for Soil Fertility Improvement.,other,UGX,3400.0,5000,area,,,235.29,167.06,735.29,8.82,,,1146.46,7,,,61.76,,,15.29,,,77.05,3,,,SLIGHTLYPOSITIVE,VERYPOSITIVE,POSITIVE,VERYPOSITIVE,"Labour for planting, weeding , slashing and spraying take the most costs."
2818,UG,Mulching using grass on perennial crop land.,other,UGX,3400.0,5000,area,2 acres,,220.59,25.0,294.12,,,29.41,569.12,5,,,132.35,,,,,,132.35,1,,,POSITIVE,POSITIVE,VERYPOSITIVE,POSITIVE,"Labour for cutting , carrying and laying grass and seedlings take the most costs.  However this means that if the farmer does not need to add more suckers."
2819,UG,Orchard of mangoes and oranges for food and income security,other,UGX,3400.0,5000 per person per day but in most cases charge more than this depending on the season (sunny or rainy season)- sunny more money is charged.,area,0.5 acres,,4.41,17.349999999999998,30.88,19.86,,,72.5,8,,,4.41,10.29,,,,,14.7,2,,,SLIGHTLYPOSITIVE,SLIGHTLYPOSITIVE,VERYPOSITIVE,POSITIVE,Labour takes the most of costs.
2821,UG,Fruit tree growing for restoration of degraded lands,other,UGX,3400.0,5000,area,0.5 acres,,220.59,23.830000000000002,735.29,,,58.82,1038.53,6,,,176.48,,,,,,176.48,2,,,SLIGHTLYPOSITIVE,SLIGHTLYNEGATIVE,VERYPOSITIVE,POSITIVE,"Labour for planting , weeding and watering on monthly basis."
2822,UG,Baby Melon as a Cover-Crop in Lowlands,other,Uganda Shillings,3498.0,5000,area,1 acre,{'en': '2.5'},7.15,,57.18,45.739999999999995,,,110.07,4,,,4.29,,,17.15,,,21.44,2,,,POSITIVE,POSITIVE,VERYPOSITIVE,POSITIVE,Purchase of fungicides
2823,SI,Converting cropland to grazing land,other,EUR (€),0.89,50,area,12 hectares,,154.48999999999998,896.63,674.16,,,,1725.28,4,7.0,,56.18,22.47,,,,,78.65,2,,,POSITIVE,POSITIVE,POSITIVE,POSITIVE,Costs for fence establishment and electric fence energiser.
2824,SI,Fertilising with farmyard manure,other,EUR (€),0.89,50 EUR,area,28 hectares,,,39325.85,,,,,39325.85,3,2.0,,1492.27,56.18,,,,,1548.45,3,,,SLIGHTLYPOSITIVE,SLIGHTLYPOSITIVE,SLIGHTLYPOSITIVE,SLIGHTLYPOSITIVE,"Labour is the most important. It is followed by livestock herd. However, herd costs are covered with milk production."
2825,UG,Pine Woodlot,other,UGX,3400.0,5000 per person per day,area,0.5 acres,,14.71,37.65,2941.18,,4.41,22.06,3020.01,7,,,441.18,,,,,,441.18,1,,,SLIGHTLYNEGATIVE,SLIGHTLYNEGATIVE,SLIGHTLYPOSITIVE,POSITIVE,Seedlings and labour takes most of the costs.
2826,UG,Citrus Orchard  with  Grass  Mulch and Trenches for Soil Erosion Control,other,UGX,3400.0,5000,area,1 acre,,20.59,61.18000000000001,,,,,81.77,5,,,8.24,,,,,,8.24,1,,,SLIGHTLYNEGATIVE,POSITIVE,POSITIVE,POSITIVE,"Labour for digging trenches ,  cutting  and carrying grass  is the most expensive input affecting the costs."
2830,UG,"Taungya Agroforestry System for Increased Production, Food Security, Soil Fertility and Household Income",other,UGX,3650.0,3000/=,area,1.6 ha,,390.40999999999997,75.34,495.89,27.4,,164.38,1153.42,9,,Planting material was given by Operation Wealth Creation but establishment costs were borne by land users,109.59,32.88,,5.48,,,147.95,4,,All costs were borne by the land user,SLIGHTLYPOSITIVE,SLIGHTLYPOSITIVE,VERYPOSITIVE,POSITIVE,Availability of labour
2834,UG,SPRING GROUND WATER RESERVOIR FOR WATER SUPPLY AND FISH PRODUCTION,other,UGX,3600.0,3000shs,area,0.5 acre,,41.67,24.990000000000002,,,41.67,13.89,122.22,7,,,41.67,,,,,,41.67,1,,,POSITIVE,VERYPOSITIVE,VERYPOSITIVE,VERYPOSITIVE,Labour costs are the main maintenance costs.
2835,MA,Elevage de lapins sous terre,other,Dirham,10.0,80,unit,"Une unité d'élevage de lapins, comprenant 6 femelles.",,176.0,,,,86.6,,262.6,7,,,126.0,,,,,175.5,301.5,7,,,NEGATIVE,POSITIVE,POSITIVE,POSITIVE,La main d’œuvre est le poste qui influence le plus les coûts.
2836,UG,Maize (zea mays) growing with contours,other,UGX,,5000 shs,area,25 acres,,,,,,,,,6,,no one,,,,,,,,2,,No one,POSITIVE,POSITIVE,POSITIVE,POSITIVE,High costs of weeding and thinning the crop.
2838,UG,Bamboo-Woven Bee Hives,other,Uganda shilling,3500.0,5000,unit,One peace,,32.86,17.43,,,,,50.29,6,5000.0,,8.57,,,,,,8.57,1,1.0,,POSITIVE,POSITIVE,VERYPOSITIVE,VERYPOSITIVE,Routine visits during the dry season
2839,UG,Woodland-Protected Banana Cultivation for Increased Production and Household Income,other,Uganda Shillings,3500.0,5000,area,2 acres,{'en': '2.5'},142.85,,28.57,85.71,,,257.13,5,,,142.85,,28.57,85.71,,,257.13,5,,,POSITIVE,POSITIVE,VERYPOSITIVE,POSITIVE,Purchase and application of manure
2842,MA,Récupération d'eau de pluie dans les plantations arboricoles avec irrigation en goutte à goutte par des buttes en terre.,other,Dirham,10.0,80,area,1 ha,,686.0,372.0,830.0,41.5,3.32,5720.0,7652.82,11,,Le système d'irrigation au goutte à goutte est subventioné par l'etat. ,320.0,,,,,,320.0,1,,,POSITIVE,POSITIVE,POSITIVE,POSITIVE,"La main d'oeuvre est ce qui affecte le plus les couts, car elle n'est pas toujours disponible."
2843,KH,Agroforestry: intercropping of pineapple between orange and mango trees,other,Riel,4000.0,20000 Riel,area,20 X 100= 2000 square meters,,52.5,12.25,52.5,,,,117.25,7,,,365.0,1750.0,,5.0,253.75,,2373.75,9,,,SLIGHTLYNEGATIVE,SLIGHTLYNEGATIVE,SLIGHTLYPOSITIVE,SLIGHTLYPOSITIVE,Gasoline for water pumping
2844,KH,On-farm ponds to alleviate the potential impact of seasonal droughts and for increasing crop cultivation and aquaculture,other,Riel,4000.0,20000 Riel,unit,Pond and irrigation system,,2020.0,680.0,,,,,2700.0,3,,The owner of excavator,35.0,,,,21.0,,56.0,2,,,POSITIVE,POSITIVE,POSITIVE,POSITIVE,"The wage of the excavator for digging the pond is expensive. However, this can be overcome by giving the soil to the excavator who can sell the soil and therewith does the work for free."
2848,PL,Chicken manure in non irrigated arable land,other,PLN,0.28,50-100 PLN,area,1 ha,,,,,,,,,0,600.0,,,,,,,,,0,300.0,,SLIGHTLYNEGATIVE,POSITIVE,POSITIVE,POSITIVE,"Pesticides, mineral fertilization, seed, fuel"
2851,PL,No-till,other,PLN,0.28,50-100 PLN,area,1 ha,,,,,,,,,0,,,,,,,,,,0,360.0,,SLIGHTLYPOSITIVE,SLIGHTLYPOSITIVE,POSITIVE,POSITIVE,Cost of machinery appropriate to no-till and costs to meet bill of machinery contractor
2852,PL,Organic agriculture in hop cultivation,other,PLN,0.28,50-100 PLN,area,1 ha,,,,,,,,,0,5000.0,,,,,,,,,0,500.0,,NEUTRAL,NEUTRAL,VERYPOSITIVE,VERYPOSITIVE,"Energy, equipment and labour."
2870,UG,Fast-Growing Clonal Eucalyptus,other,Uganda Shillings,3500.0,"10,000",unit,Hectares,,9142.880000000001,4571.43,157.14,,,,13871.45,6,,,1428.57,,,,,,1428.57,1,,,SLIGHTLYPOSITIVE,POSITIVE,VERYPOSITIVE,VERYPOSITIVE,Buying seedlings
2871,UG,Native trees as wind breaks,other,Uganda Shilings,3500.0,5000,unit,Land management unit,,22.86,,,,,,22.86,1,,,22.86,,,,,,22.86,1,,,POSITIVE,POSITIVE,VERYPOSITIVE,VERYPOSITIVE,Pruning height of the trees. Higher and larger trees are more expensive to prune but also provide more firewood to the farmer
2872,UG,Optimizing Land-Use Through Maize-Watermelon Intercropping,other,Uganda Shillings,3500.0,5000,unit,Per technology unit,,157.14,5.71,71.43,257.13,71.43,,562.84,12,,"The supporting organisation subsidized the cost of seeds, fertilizer and biocides.",128.57,,71.43,171.42000000000002,,,371.42,8,,,VERYPOSITIVE,VERYPOSITIVE,VERYPOSITIVE,VERYPOSITIVE,"Cost of seeds, fertilizer and spraying are the items mainly affecting costs"
2877,UG,Local Food Storage Facility (Granary),other,Uganda Shillings,3500.0,5000,unit,1 Granary,,28.57,,,,92.86,,121.43,6,,,7.14,,,,14.28,,21.42,3,,,VERYPOSITIVE,VERYPOSITIVE,VERYPOSITIVE,VERYPOSITIVE,Weaving the granary
2879,PT,Minimum tillage in Mediterranean vineyards,other,euro,0.86615,30,area,1 ha per year,,,5888.13,,,,,5888.13,3,,Young farmers (<40 years old) may submit agricultural projects for partial government funding.,103.92,738.9000000000001,,83.13,,,925.95,7,,,NEUTRAL,SLIGHTLYPOSITIVE,NEUTRAL,SLIGHTLYPOSITIVE,Machinery and labor
2880,UG,Pine-shielded mango growing,other,Uganda Shillings,3500.0,5000,area,Acres,{'en': '0.4'},85.71000000000001,,328.57,,,,414.28,4,,,91.42,,57.15,,,,148.57,5,,,VERYNEGATIVE,SLIGHTLYNEGATIVE,VERYPOSITIVE,VERYPOSITIVE,Land preparation and planting
2881,UG,Home Gardens,other,Uganda Shillings,3500.0,5000,unit,Acres,,114.28,,100.0,1142.86,155.72000000000003,,1512.86,9,,,114.28,,24.28,1142.86,50.0,,1331.42,10,300000.0,,POSITIVE,POSITIVE,VERYPOSITIVE,POSITIVE,"Labour for maintaining the garden, especially pruning"
2882,UG,Teak-Based Afforestation for Timber Production,other,Uganda Shillings,3500.0,5000,area,5 Acres,,285.71,20.0,28.57,,71.43,,405.71,8,,,2728.5699999999997,61.43,,,,,2790.0,7,,,NEGATIVE,POSITIVE,VERYPOSITIVE,VERYPOSITIVE,Raising seedlings and planting
2886,UG,Potatoes Growing in Lowlands for Food Security Durnig Dry Seasons,other,Uganda Shillings,3500.0,5000,area,30 meters x 40 meters,,100.0,,57.14,,,,157.14,4,,,128.57,,57.14,,,,185.71,4,50000.0,,POSITIVE,POSITIVE,POSITIVE,POSITIVE,Purchase of tuber during the month of December
2890,UG,Local Rabbit Keeping for Manure Production and Household Income,other,UGX,3500.0,3000shs,area,2 acres,,2.0,44.57,,,79.72999999999999,,126.3,9,,,6.010000000000001,55.0,,,,,61.01,8,,,POSITIVE,POSITIVE,POSITIVE,POSITIVE,"Inputs such as timber, wheel barrows, hoes, nails , wire mesh and iron sheets affect costs most."
2891,LA,Conversion of rocky area to grazing area for livestock management,other,kip,8000.0,50000,area,ha,"{'en': '15', 'lo': '15'}",687.5,915.0,812.5,1000.0,4110.0,,7525.0,15,61878000.0,"Equipment, plan material and construction material support by ADB project",187.5,93.75,,,,,281.25,2,,,NEGATIVE,SLIGHTLYPOSITIVE,POSITIVE,POSITIVE,The high cost for fencing and the construction material are the most important factors
2894,UG,FISH FARMING (AQUACULTURE) FOR INCOME GENERATION AND WATER CONSERVATION,other,UGX,3500.0,3000shs,area,6 acres,,214.29,22.29,,,,91.42,328.0,7,,,42.86,,,,,,42.86,1,,,POSITIVE,POSITIVE,VERYPOSITIVE,VERYPOSITIVE,Labour is the important factor that influences costs. The farmer used own money to hire labour.
2895,KE,Micro-catchments for rainwater harvesting,USD,,,5,area,Hectare,,20.0,400.0,,,,,420.0,2,,,5.0,400.0,,,,,405.0,2,,,SLIGHTLYPOSITIVE,SLIGHTLYPOSITIVE,SLIGHTLYPOSITIVE,SLIGHTLYPOSITIVE,"Cost of hiring ox-plough - before the onset of the rains, there is a high demand for ox-ploughs for seedbed preparation and creation of micro-catchments. This increased demand (i.e. hiring the ox-plough) greatly influences the costs."
2897,MA,Parcelle agro-forestière à base de plantation d'arbres fruitiers et forestièrs,other,Dirham,10.0,80 dirhams,area,"Les couts sont calculés pour 1 ha, correspondant à la surface du ravin corrigé.",,176.0,9100.0,860.0,1800.0,3020.0,400.0,15356.0,17,,Une partie des pommiers a été distribuée par le projet FAO.,67.5,30.0,42.0,,,,139.5,4,,,NEGATIVE,POSITIVE,VERYPOSITIVE,VERYPOSITIVE,"Le prix élevé des traitements phytosanitaire diminue la rentabilité de la production. La grêle affecte la qualité des fruits, ce qui diminue les prix de vente."
2900,GR,Establishment of intensive grazing areas on low productive slopes,USD,,,40,area,one hectare,,80.0,60.0,,,,,140.0,2,,,96.0,30.0,50.0,140.0,,,316.0,6,,,POSITIVE,POSITIVE,POSITIVE,POSITIVE,Fertilizers and seeds
2904,LA,Planting bamboo for fencing and wind protection,other,LAK,8000.0,30000,area,1 Hactare,,,27.5,,,,,27.5,2,,,22.5,,,,,,22.5,1,,,SLIGHTLYPOSITIVE,POSITIVE,VERYPOSITIVE,POSITIVE,Bamboo seedlings are an important factor affecting the costs. Family members go to collect the bamboo seedlings from the forest.
2905,LA,Pond development in wetland areas,other,kip,8500.0,"50,000",unit,1.5 ha,,647.06,200.0,7.06,,,282.35,1136.47,7,,,35.29,74.11,,,,,109.4,5,,100% ຜູ້ນຳໃຊ້ທີ່ດິນ,NEUTRAL,SLIGHTLYPOSITIVE,SLIGHTLYPOSITIVE,SLIGHTLYPOSITIVE,Cost for labour and backhoe service is the most important input.
2907,LA,Banana intercropping in sloping land,other,LAK,8000.0,30000,area,1ha,,337.5,25.0,37.5,30.0,,,430.0,7,,,176.25,,,,,,176.25,3,,,SLIGHTLYPOSITIVE,SLIGHTLYPOSITIVE,POSITIVE,POSITIVE,The most important factors affecting the costs is labour for establishment and maintenance.
2911,GR,Water and soil conservation by using rock fragments,USD,,,40,area,1 hectare,,84.0,120.0,,,,,204.0,2,-8.0,,,,,,,,,0,,,POSITIVE,POSITIVE,POSITIVE,POSITIVE,
2920,LA,Fish pond construction on slope area on clayey subsoil for water harvesting,other,kip,8400.0,35000 kip,unit,individual fish pond,,750.0,48.81,,,142.86,,941.67,5,,,29.17,19.04,,,,,48.21,6,,ທືນຜູ້ນຳໃຊ້ທີ່ດິນ 100%,NEGATIVE,SLIGHTLYNEGATIVE,NEUTRAL,POSITIVE,Most important factors is labor for digging the pond
2922,GR,Soil erosion control by ridges,USD,,,40,area,1 h,,60.0,70.0,,,,,130.0,3,,,15.0,,,,,,15.0,1,,,SLIGHTLYPOSITIVE,NEUTRAL,POSITIVE,NEUTRAL,Costs are affected mainly during installment (shaping the land and planting materials)
2923,LA,Using water from a fishpond for the cultivation of dry season paddy rice,other,kip,8000.0,50000 kip,unit,Fish pond,,81.25,306.25,,,3.75,25.0,416.25,10,,,43.75,16.25,,,3.75,,63.75,7,,,SLIGHTLYPOSITIVE,POSITIVE,VERYPOSITIVE,VERYPOSITIVE,The hiring excavator and labor is important effect to the cost of implementation.
2928,LA,An integrated rice - fish system,other,kip,8000.0,35000,area,ha,"{'en': '0,5 ha', 'lo': '0,5 ເຮັກຕາ'}",21.88,137.5,81.25,18.75,6.25,,265.63,10,,,65.63,15.629999999999999,,9.370000000000001,,,90.63,7,,,SLIGHTLYPOSITIVE,SLIGHTLYPOSITIVE,POSITIVE,VERYPOSITIVE,Tractor hiring (including tractor driver) and fish breed (young fish) are the most important factors affecting the costs.
2929,UG,"Intercropping Maize and Ground Nuts for Optimum Land Utilisation, Increased  Food Production, Household Income and Food Security",other,UGX,3680.0,3000/=,area,180m2,{'en': '0.018 ha'},48.92,11.68,11.41,4.08,,,76.09,10,,,13.05,14.95,,,,,28.0,3,,The group incurred all the costs,SLIGHTLYPOSITIVE,POSITIVE,SLIGHTLYPOSITIVE,POSITIVE,Labour is the most important factor affecting costs.
2930,LA,Broom grass cultivation to prevent soil erosion in sloping area,other,kip,8400.0,"50,000 kip",area,3 ha,"{'en': 'Length 300 meters, width 100 meters', 'lo': 'ຍາວ 300 ແມັດ , ກວ້າງ 100 ແມັດ'}",53.58,42.849999999999994,,,,,96.43,6,,,23.81,,,,,,23.81,1,,,SLIGHTLYNEGATIVE,NEUTRAL,VERYPOSITIVE,NEUTRAL,Labor is the most important factor affecting the costs
2949,KH,Sandy soil improvement by using natural fertilizer and liquid compost,other,KHR,4000.0,25000 Riel,area,12 X 30 = 360 square meters,,33.75,13.75,11.5,41.88,57.379999999999995,,158.26,17,3600000.0,,,,,,,,,0,400000.0,,SLIGHTLYPOSITIVE,POSITIVE,POSITIVE,POSITIVE,Irrigation preparation (drip irrigation)
2950,RO,Non-inversion tillage for arable land,USD,,4.12,17.60 USD,area,1 hectare,,,,,,,,,0,,,8.8,60.6,,,,,69.4,2,,,SLIGHTLYPOSITIVE,NEUTRAL,POSITIVE,SLIGHTLYPOSITIVE,"Costs are mostly affected by input costs (e.g. seeds, biocides). Costs do not include chisel equipment because the farmer rely on borrowing/leasing the equipment from other land users or agricultural contractors from the neighboring area."
2957,RO,Direct drill (no-till) for arable cropping systems,USD,,4.12,17.60 USD,area,1 ha,,,,,,,,,0,,,3.52,20.78,,,,,24.3,2,,,SLIGHTLYPOSITIVE,SLIGHTLYPOSITIVE,POSITIVE,POSITIVE,"Costs are mostly affected by input costs (e.g. seeds, biocides). Costs do not include investment in the special agricultural machinery for direct seeding because the farmers rely on borrowing/leasing the equipment from other land users or agricultural contractors from the neighboring area."
2958,NL,Non-inversion shallow tillage on sandy soils in the Netherlands,other,Euro,0.87,160 euro,area,hectare,,,2298.85,,,,,2298.85,1,,,,,,,,,,0,,,SLIGHTLYNEGATIVE,NEUTRAL,NEUTRAL,NEUTRAL,The investment costs for adapted machinery are the main factors affecting costs.
2963,RO,Leguminous crop cultivated in plot temporarely set outside the crop rotation,USD,,4.12,17.60 USD,area,1 ha,,52.8,261.13,134.64,87.92999999999999,,,536.5,14,,,17.6,153.93,,45.93000000000001,,,217.46,8,,,NEUTRAL,NEUTRAL,SLIGHTLYPOSITIVE,POSITIVE,Certified seed material and costs with alfalfa cutting and baling are the most determining factors affecting the costs.
2965,NL,Increased organic matter input by using organic fertilizers (slurry and manure) instead of mineral fertilizers,other,Euro,0.87,160,area,50 ha,,,,,,,,,0,,,,,5747.13,-4310.35,,,1436.78,4,,,NEUTRAL,NEUTRAL,SLIGHTLYPOSITIVE,SLIGHTLYPOSITIVE,"price of compost and solid manure, negative price of pig slurry, costs for seed and sowing cover crops"
2972,KE,Borana Ranch Grazing with Holistic Management Principles,USD,,,4,unit,"Only livestock production related; for the whole farm: Herders, animals treatment",,,,,,,,,0,,,68700.0,3700.0,,,,19580.0,91980.0,4,,,NEUTRAL,POSITIVE,POSITIVE,POSITIVE,Labor
2978,NL,Organic agriculture with vegetable and arable crops on sandy soils,other,euro,0.87,160,area,50 hectares,,,57471.26,,,,,57471.26,1,,,59770.11,5747.13,,,,,65517.24,3,,,NEUTRAL,SLIGHTLYPOSITIVE,POSITIVE,POSITIVE,handlabour for weed control
2982,KE,Lolldaiga Hills Ranch: Rotational Grazing and Boma-Based Land Reclamation,USD,,,4.5,unit,"Only livestock production related: Herders, animals treatment",,,,,,,,,0,,,162000.0,,,,,43120.0,205120.0,2,,,,,,,Labor
2989,NA,Infiltration ditches and ponding banks,other,NAD,,72 NAD,area,30ha (contour ditches only),,,,,,,,,11,,,,,,,,,,1,,,NEGATIVE,SLIGHTLYNEGATIVE,POSITIVE,POSITIVE,High cost of hiring or operating earthmoving machinery.
2990,KE,Makurian Group Ranch Grazing with Holistic Management Principles,USD,,,1.5,area,"Herders, animals treatment (for the total area affected by livestock = 78km2)",,,,,,,,,1,,,1470000.0,,,,,47250.0,1517250.0,3,,,NEGATIVE,NEGATIVE,SLIGHTLYNEGATIVE,SLIGHTLYNEGATIVE,Herders
2993,MA,Mur de soutènement en gabion avec contreforts pour protéger des berges,other,dirhams,10.0,80 DH,unit,un gabion avec une cage en fer galvanisé et des pierres calcaire pour remplir.,,1100.0,6.0,200.0,,7135.0,,8441.0,7,,Le projet de la FAO/GCP/MOR/050/SWI qui a financé le coût des travaux et le materiels.,,,,,,,,0,,,POSITIVE,POSITIVE,POSITIVE,POSITIVE,
2994,BF,'Forage Christine',other,FCFA,550.0,35 000 per month,unit,,,,,,,,,,0,,,2185.64,,,,,5770.910000000001,7956.55,9,,"The municipality, the management committee and the NGOs operating in the area (SNV).",VERYPOSITIVE,VERYPOSITIVE,VERYPOSITIVE,VERYPOSITIVE,"1. Availability of fuel for the generator. 
2. Failures in the functioning of the generator to fill the storage tanks."
3063,HU,Farmyard manuring,other,Forint,260.0,10000,area,1 hectare,,,17692.31,,,,,17692.31,1,,The farmer could apply for financial support (tender).,1.15,49.23,,,,,50.38,2,,,NEUTRAL,NEUTRAL,POSITIVE,POSITIVE,Cost of constructing the manure storage facility.
3065,HU,Conservation tillage,other,Forint,257.0,10000,area,1 hectare,,,,,,,,,0,,,5.84,37.98,,,,,43.82,2,,,NEGATIVE,POSITIVE,POSITIVE,POSITIVE,"Cost of pesticides can be higher than in conventional tillage, but cost of fuel is significantly less."
3089,EE,No-tillage,other,EUR,1.18,36-40 EUR/day + taxes,unit,per hectare,,,21186.44,,,,,21186.44,1,,It is possible to apply for an investment support up to 50% of the total price (governmental tool till the year 2020).,,311.36,47.46,305.7,,,664.52,12,,,SLIGHTLYNEGATIVE,POSITIVE,POSITIVE,POSITIVE,"Fuel price, labour costs."
3113,EE,Permanent grassland on peaty and eroded soils,other,EUR,1.18,36-40 EUR/day + taxes,unit,per hectar,,15.25,175.42,46.05,205.94,,,442.66,5,,,,119.49,,127.12,,12.71,259.32,4,,,SLIGHTLYPOSITIVE,SLIGHTLYPOSITIVE,SLIGHTLYPOSITIVE,SLIGHTLYPOSITIVE,Fuel price.
3116,PH,Artificial Reef,other,Philippine Peso,51.0,Php 250.00,unit,"Php 3,200 per unit inclusive of installation; Php 32,000 for the 10 Artificial Reefs installed",,,11.76,,,50.980000000000004,,62.74,4,,,9.8,,,,,,9.8,1,,,SLIGHTLYPOSITIVE,POSITIVE,VERYPOSITIVE,VERYPOSITIVE,Supply of bamboo poles and spiny bamboo since they have to find it from the interior part of the mainland.
3117,MA,Taille du romarin avec trois ans de repos,other,Dirham,10.0,80,unit,L'untié qui sert de base pour le calcul des couts est un lot de romarin exploité,,,,,,,,,0,,,2750.0,,,,,,2750.0,6,,"La surveillance incombe aux forestiers du HCEFLCD. L'entreprise à laquelle la cueillet à été adjugée surveille la parcelle l'année laquelle elle a le droit de l'utiliser, afin que personne ne vole son romarin.",,SLIGHTLYPOSITIVE,,SLIGHTLYPOSITIVE,Le temps de travail est le plus couteux.
3120,EE,Reduced tillage,other,EUR,1.18,36-40 EUR/day + taxes,unit,hectar,,,12711.86,,,,,12711.86,1,,,,366.34999999999997,47.46,282.82,,,696.63,12,,Agricultural producers can have governmental support per unit 83.71 EUR/ha and the greening support 38.81 EUR/ha.,SLIGHTLYNEGATIVE,POSITIVE,POSITIVE,POSITIVE,"Fuel costs, labour cost"
3138,KH,Growing vegetables in a nethouse to ward off insects,other,KHR,4000.0,28000,area,316.25 square meters,,14.0,895.0,2.87,25.0,837.25,148.0,1922.12,22,,The nylon net was supported by Safe Vegetable Value Chain in Cambodia project,50.75,15.0,3.62,,,4.8,74.17,6,,,SLIGHTLYPOSITIVE,POSITIVE,VERYPOSITIVE,POSITIVE,Nylon netting and pillars
3139,LA,Vegetable garden to improve vegetation cover in sloping land,other,LAK,8000.0,30000,area,200 Square meters,"{'en': '0,02 Hectare', 'lo': '0,02 ເຮັກຕາ'}",93.75,50.0,,,155.0,,298.75,9,,,41.25,,2.5,18.75,,,62.5,6,,,NEUTRAL,NEUTRAL,POSITIVE,POSITIVE,The labour for land levelling is the most important factor affecting the costs.
3141,AO,Community supported pasture and rangeland rehabilitation works,USD,,,6 Dollars,unit,"3345 seedlings produced, delivered and planted",,1006.0,1642.5,,156.25,480.0,,3284.75,12,,Remaining costs were provided by the RETESA Project.,196.0,60.0,,,,,256.0,6,,"The RETESA Project provided an important part of both material and technical support to the communities, though the communities also contributed substantially.",NEUTRAL,NEUTRAL,POSITIVE,POSITIVE,"The activities and costs given were those needed to produce and plant 3,345 trees and grasses in the 4 rehabilitation areas. Given that 3.345 plants were produced at a cost of $3284.75, the cost per plant produced and planted in the field is $0.98. Seedlings avaliable through local, government nurseries were $2.00 per unit, but only exotic ornamentals were avaliable. However, it can be expected that in other contexts and locations, it would be cheaper to buy seedlings instead of training communities and creating numerous small scale nurseries, though clearly these communities will not appropriate the process as well as if they were involved from the beginning."
3142,KH,Use of plastic mulch combined with a drip irrigation system for the cultivation of eggplants,other,KHR,4000.0,20000,area,"1,410 square meters","{'en': '0.14 hectare', 'km': '០,១៤ ហិកតា'}",82.5,3556.0,2.5,,137.5,15.0,3793.5,17,,,120.0,,,3.75,,52.5,176.25,3,,,POSITIVE,VERYPOSITIVE,POSITIVE,POSITIVE,Plastic and drip irrigation system are very expensive. The plastic can be used only once and drip irrigation system can be used for 2 years.
3144,KH,Growing corn using drip irrigation system,other,KHR,4000.0,20000 KHR,area,2301.5 square meters,,56.0,160.0,21.0,3.5,90.0,,330.5,10,,Harvest project supported the cost of the drip irrigation system.,10.0,,,20.0,,52.73,82.73,4,,,SLIGHTLYPOSITIVE,POSITIVE,POSITIVE,POSITIVE,The seed and the tube are expensive.
3145,KH,Crop diversification with the application of rotation techniques,other,KHR,4000.0,15000,area,2700 square meters,,911.25,29.4,36.879999999999995,399.75,585.0,31.25,1993.53,28,,,56.25,7.5,,17.5,,,81.25,4,,,POSITIVE,POSITIVE,POSITIVE,POSITIVE,"Cow manure, chicken manure, rice husk, botanical pesticides has to be bought. Digging the pond and buying the water pumping machine are the most important factors affecting the costs. However these equipments are longlasting."
3146,KH,Intercropping of orange trees with mungbean in mountainous areas,other,KHR (Riel),4000.0,20000,area,4 hectares,{'km': '៤ ហិកតា'},1480.0,3600.0,1539.0,,2300.0,775.0,9694.0,12,,,1195.0,,312.5,82.5,,280.0,1870.0,9,,,POSITIVE,POSITIVE,POSITIVE,VERYPOSITIVE,The establishment of an orange tree orachard requires a lot of money.
3151,KH,Cultivation of organic vegetables to improve the household economy and the soil quality,other,Riel,4000.0,20000 Riel,area,0.70 ha,,55.0,242.5,6.75,,87.0,3.6100000000000003,394.86,22,,,135.0,65.0,,4.62,,,204.62,8,,,VERYPOSITIVE,POSITIVE,SLIGHTLYPOSITIVE,POSITIVE,The farmer has to change the bamboo construction as it lasts only  for 2 years.
3152,KH,Coconut leaves mulching for winter melon cultivation,other,Riel,4000.0,25000 Riel,area,280 squre meters,"{'en': '10000 square meters', 'km': '១០០០០ ម៉ែត្រការ៉េ'}",73.44,36.370000000000005,,72.5,120.0,12.5,314.81,19,,,11.25,17.62,,,,,28.87,4,,,POSITIVE,POSITIVE,POSITIVE,POSITIVE,"•Fixing the irrigation pipes is 20000 Riel for repair service per time. 
•Buying the black string for building pole support, which is 37600 Riel per time."
3153,KH,Eggplant cultivation technique between lemon trees,other,KHR (Riel),4000.0,20000 Riel,area,"823,5 square meters",,40.0,205.0,70.0,,132.5,,447.5,11,,,551.25,,25.0,25.0,,,601.25,7,,,POSITIVE,POSITIVE,POSITIVE,POSITIVE,The organical pesticide application to the eggplants is most cost-relevant.
3157,MA,Période de fermeture du pâturage de l'almou collectif servant aux équins.,other,Dirhams,10.0,80,unit,C'est par almou,,,,,,,,,0,,,,,,,,,,2,,,,SLIGHTLYPOSITIVE,,POSITIVE,"La coupe des plantes épineuses envahissant l'almou est le seul travail nécessaire pour le maintien de l'almou productif. De ce fait, la quantité de plantes épineuses poussant dans l'almou est le facteur influant le plus sur les couts."
3160,FR,Pâturage amélioré par du Ray-grass et Trèfle Blanc,other,euro,,115 euros,area,5  hectares ,,,,,,,,,7,,,,,,,,,,1,,,POSITIVE,POSITIVE,VERYPOSITIVE,POSITIVE,"- Implantation semis 
- la fauche d'entretien
- le temps travail personnel salarié"
3164,FR,Non Labour,other,Euro,,115,area,1 hectare,,,,,,,,,0,,,,,,,,,,0,,,NEUTRAL,NEUTRAL,SLIGHTLYPOSITIVE,SLIGHTLYPOSITIVE,"en fonction du ""salissement"" de la parcelle, nous pouvons être amené à effectué des passages supplémentaires de déchaumeur. chaque passage coute 25€/ha environ"
3165,KH,Crop rotation to promote safe vegetables,other,Riel,4000.0,20000 Riel,area,40 m X 50 m = 200 m2,,35.0,1800.0,16.75,65.0,70.0,,1986.75,12,,,122.5,,,,,,122.5,4,,,SLIGHTLYPOSITIVE,POSITIVE,POSITIVE,SLIGHTLYPOSITIVE,The costs of the two-wheel tractor is high.
3167,FR,Rotation des cultures,other,euro,,140 euros ,area,80 hectares en rotation de cultures,,,,,,,,,0,,,,,,,,,,0,300.0,,POSITIVE,SLIGHTLYPOSITIVE,POSITIVE,POSITIVE,"La semence
Travaille et semi du sol"
3171,KH,Agroforestry: Intercropping of vegetables between orange trees,other,Riel,4000.0,20000 Riel,area,2160 m2,,277.5,284.62,187.5,100.0,150.0,,999.62,11,,,130.0,,7.5,,,21.25,158.75,4,,,POSITIVE,POSITIVE,POSITIVE,SLIGHTLYPOSITIVE,The farmer spends much for labor.
3175,FR,Les prairies pharmacies,other,Euros,,43,area,1 hectare,,,,,,,,,1,,,,,,,,,,1,,,SLIGHTLYNEGATIVE,SLIGHTLYPOSITIVE,POSITIVE,POSITIVE,Achat de la semence biologique élevé 330 euros l'hectare contre 250 euros achat de semence plus classique
3176,NE,Restoration of grazing land invaded by Sida cordifolia,other,FCFA,,2000 FCFA,area,50 hectares,"{'en': 'n/a', 'fr': 'n/a'}",,,,,,,,6,,The program to support the livestock keeping sector - PASEL7 - has ensured the financing.,,,,,,,,0,,Program to Support the Livestock Keeping Sector in Niger PASEL7,SLIGHTLYPOSITIVE,POSITIVE,POSITIVE,VERYPOSITIVE,The purchase and broadcasting of the seeds.
3177,MA,Gestion des parcours sans coupe ni ébranchage des arbres,other,Dirhams,10.0,80,area,3 ha,,,,,,,,,0,,,,,,,,,,2,,,,NEGATIVE,,POSITIVE,"L'effectif des personnes coupant les arbres, et donc nécessitant du travail avec les autorités, est le facteur affectant le plus les couts. "
3204,MA,Mare d'eau,other,Dirham du Royaume du Maroc (MAD),9.461,,unit,,,147.98,,,,,,147.98,1,,,14.8,,,,,,14.8,1,,,POSITIVE,POSITIVE,POSITIVE,POSITIVE,"Le coût réside essentiellemment dans le travail : creusement, transport de pierres, construction du bourelet. La main d'oeuvre est le facteur le plus important."
3205,MA,Citerne,other,Dirham marocain MAD,9.64971,70 MAD,unit,Citerne de 30 m3,,1057.03,2072.6,,,,,3129.63,3,30200.0,"Des dons provenant de Services de l'Etat comme le HCEFLCD, l'Agriculture, la Commune.",14.51,,,,,,14.51,1,,,POSITIVE,POSITIVE,POSITIVE,POSITIVE,Matériaux de construction et Main d'oeuvre.
3206,MA,Khtarat,other,Dirham,10.0,80,unit,Un système de khtarat.,,304.0,33.0,,,,,337.0,6,,,160.0,,,,,,160.0,1,,,NEGATIVE,POSITIVE,POSITIVE,POSITIVE,"La dureté du sol, donc sa nature ( couche argileuse, marneuse ou de pierre) influe sur la quantité de travail nécessaire, qui est le facteur de coût le plus important."
3207,MA,Fumier,other,Dirham marocain MAD,9.461,65 MAD,unit,,,171.76,89.84,803.3,,211.39,845.58,2121.87,6,,,,,,,,,,0,,,POSITIVE,,POSITIVE,,Alimentation du cheptel.
3208,MA,Terrasse,other,Dirham marocain MAD,9.64971,70 MAD,unit,ligne de pierre,,487.07,124.36,,,,,611.43,4,,,19.689999999999998,,,,,,19.69,2,,,VERYPOSITIVE,VERYPOSITIVE,VERYPOSITIVE,VERYPOSITIVE,"La main d'oeuvre (soit salariée, soit familiale) est le facteur le plus important.
La terre et les pierres sont disponibles soit sur le versant, soit dans l'oued.
Les ouvriers les ramassent et les compilent pour construire la murette et le gradin."
3209,MA,Interdiction provisoire d'accès du cheptel aux peuplements d'arganier,USD,,10.0,100,area,variable (> 100 ha),,400.0,,,,,,400.0,1,,,,,,,,,,0,,,POSITIVE,NEUTRAL,POSITIVE,NEUTRAL,
3210,MA,Réhabilitation par mise en défens.,USD,,10.0,1200 dhs/mois (prise en charge par l'association),area,750 ha,,750000.0,,,,,,750000.0,1,,Etat / Service des Eaux et Forêts,,,,,,26250.0,26250.0,1,,Etat,VERYNEGATIVE,NEUTRAL,NEUTRAL,POSITIVE,
3214,KH,Use of solar water pumping to adapt to climate change,other,Riel,4000.0,20000 Riel,unit,1 solar pump to keep two water tanks of 5000 litters filled up,,600.0,4000.0,,,400.0,,5000.0,6,,NAPA follow up project pays for solar water pumping and CEDAC pays for pumping well.,100.0,,,,,,100.0,1,,Paid by the National Adaptation Programme of Action (NAPA Follow up phase 2).,POSITIVE,POSITIVE,VERYPOSITIVE,VERYPOSITIVE,The price of solar water pumping is expensive so that it affects the farmer's expenditure seriously.
3215,KH,Using dry compost on paddy rice fields,other,Riel,4000.0,25000 KHR,unit,,,15.0,,,375.0,102.5,,492.5,10,,,,,,,,,,0,200000.0,,POSITIVE,POSITIVE,POSITIVE,VERYPOSITIVE,"The farmer is not in the situation to pay for external manpower, which means working hard by himself. Another financial constraint consists in bringing up enough money to keep an adequate amount of cows to provide sufficient manure for compost manufacturing."
3217,BW,Split Ranch Grazing Strategy,other,Pula (BWP),,,unit,,,,,,,,,,6,,,,,,,,,,1,,,POSITIVE,POSITIVE,POSITIVE,POSITIVE,"Fencing and infrastructure have been shown to be major factors increasing establishment and maintenance costs and reducing profits. Thus SRG aims to reduce these costs by having fewer larger paddocks, which also has benefits for the animals. Another major cost is that of supplementary feeding, especially if forage is depleted during the dry season. This technology aims to ensure that a reserve of forage is created for the dry season, to overcome this. It also aims to improve the quality of forage during the wet season so that supplementary feeding is not needed for fertility improvement."
3219,ES,Annual green manure with Phacelia tanacetifolia in southern Spain,other,euro,0.85,10€/hour,area,0.2 ha,{'en': '2 acres'},,4254.110000000001,,,,,4254.11,5,,,541.1800000000001,,305.88,,,70.59,917.65,6,,,NEUTRAL,SLIGHTLYNEGATIVE,VERYPOSITIVE,VERYPOSITIVE,The cost to establish and maintain this technology is relatively high but it is compensated with the monetary gains of her other productive orchard land.
3220,KE,Soil and water conservation through pasture regeneration and hay production ,other,Kenyan Shilling (KES),100.31,500 KES,area,100 acres,,104.67000000000002,24.92,,,,,129.59,11,,,,,,,,,,0,,,SLIGHTLYPOSITIVE,SLIGHTLYPOSITIVE,POSITIVE,POSITIVE,Purchase of materials at the beginning of the project.
3223,HT,Progressive bench terraces formed by a vetiver hedge system and trees,other,HTG,62.0,200 HTG per person and day,unit,Vetiver line,,145.17000000000002,0.8,118.55,,,,264.52,8,,"Unskilled labour is provided by the community based organizations (OCB). The Swiss Red Cross offers a technician (skilled labor). The equipment (hoes, picks, ...) are provided by labouers themselves or the OCBs. Vetiver and tree cuttings are provided by the community.",341.93,0.08,19.290000000000003,,,,361.3,5,,"Labor is provided by the OCBs. The equipment (hoes, picks, ...) are provided by labourers themselves or OCBs. Vetiver and tree cuttings are provided by the community",SLIGHTLYPOSITIVE,SLIGHTLYPOSITIVE,POSITIVE,POSITIVE,"1) Skilled labourers
2) Maintenance costs depends very much on the weather: if it rains too much, runoff destroys the ridges by forming gullies and removing the vetiver cuttings which were not sufficiently rooted. If it does not rain enough during the first weeks, the vetivers can not form roots, dry out and must be replaced."
3224,HT,Weeded/ ploughed crop,other,HTG,62.0,200,area,0.5ha,,96.77,0.24,95.46,,,12.1,204.57,8,,,48.39,0.16,,,,,48.55,3,,,VERYPOSITIVE,VERYPOSITIVE,VERYNEGATIVE,VERYNEGATIVE,"The price of seeds: If some seeds from the last harvest are kept, there is no need to buy many seeds the next season. The price of the seeds varies seasonally. At the time of the harvest prices are low, and in March (the beginning of the planting season) they are higher. By planting crops that regrow every season or trees with a long economic life, money can be saved on the cost of seeds.

If the land users take care of their tools, they can last up to 6 years."
3227,HT,Agroforestry homegardens,other,HTG,62.0,200 HTG,area,0.5ha,,32.26,0.24,43.39,,,,75.89,10,,,161.29,0.24,35.31,,,,196.84,9,,,SLIGHTLYPOSITIVE,POSITIVE,VERYPOSITIVE,POSITIVE,"The price of seeds: If some seeds from the last harvest are kept, there is no need to buy (many) new ones the next season. The price of the seeds varies seasonally. At the time of the harvest prices are low, and in March (beginning of the planting season), they are higher. By planting crops that regrow every season or trees with a long economic life, money can be saved on the cost of seeds."
3228,FR,Les Betteraves dans l'alimentation du bétail,other,euros,,115 euros,area,hectare,,,,,,,,,0,,,,,,,,,,0,,,POSITIVE,SLIGHTLYPOSITIVE,POSITIVE,POSITIVE,"Les coûts à l'hectare sont stables. Derrière, c'est le rendement de la culture qui fera fortement varié le coût de la tonne de matière sèche de betterave."
3232,MA,Plantation forestière,USD,,9.0,70 dh,area,100 ha,"{'en': '1 hectare', 'fr': '1 hectare'}",40000.0,160000.0,2500.0,,,62000.0,264500.0,7,,L'état.,2500.0,,,,,,2500.0,1,,L'état.,VERYNEGATIVE,NEGATIVE,POSITIVE,SLIGHTLYPOSITIVE,
3239,CN,Straw residues left on field after harvest and no tillage,other,Renminbi (RMB),6.6,120 RMB per day,area,1 hectare,,,,,,,,,0,,,9.09,727.28,36.36,356.06,,,1128.79,7,,,,SLIGHTLYPOSITIVE,,POSITIVE,Most of important factor affecting the costs of this technology is the type of machine used for harvest. (E.g. cost is high by the mini combine harvester because of the low efficiency).
3240,LA,Use of Effective Micro-organism (EM) to improve soil fertility in vegetable home gardens,other,Kip,8500.0,50000,area,,,5.88,11.76,2.59,,,,20.23,6,,FNML ( Food  and Nutrition Market Linkage ) project support an equipment,5.88,8.82,2.6999999999999997,,,,17.4,6,,FNML ( Food  and Nutrition Market Linkage ) project support an equipment,POSITIVE,POSITIVE,VERYPOSITIVE,VERYPOSITIVE,Labor
3257,NE,Fixation des dunes sur des terres communautaires sylvo-pastorales (cuvettes oasiennes) des départements de Gouré et de Maïné-Soroa,USD,,550.0,3 $ US,area,1 hectare,,1500.0,200.0,5450.0,60.0,750.0,,7960.0,6,7960.0,"Le Projet PLECO à travers ses partenaires financiers qui sont le Fonds Mondial de l'Environnement (FEM), le PNUD et le PAM. Ces instances ont financé à 100% la mise en œuvre de la technologie.",1362.0,50.0,2175.0,30.0,250.0,,3867.0,6,3867.0,"Ce coût est pris à 100% par le projet pendant toute sa durée de vie, c'est à dire pendant au moins trois ans.",SLIGHTLYNEGATIVE,SLIGHTLYNEGATIVE,VERYPOSITIVE,VERYPOSITIVE,"quatre facteurs déterminent les coûts de la technologie:
- la main d’œuvre
- les plants et les semences d'herbacées
- la collecte du rachis de doum
- la confection des palissades et leur transport"
3267,EC,Albarrada,USD,,,15 USD,unit,Reservorio,,835.0,100.0,,,330.0,,1265.0,8,,"Generalmente, la excavación es efectuada por la institución cooperante del proyecto.",90.0,,,,165.0,,255.0,4,,El mantenimiento de la práctica es encargado únicamente el usuario de la tierra,POSITIVE,VERYPOSITIVE,VERYPOSITIVE,VERYPOSITIVE,La variación de precio se ve afectada por el costo de la hora de trabajo de la retro excavadora
3269,EC,Sistemas silvopastoriles,USD,,1.0,15,area,Tecnología aplicada en una ha,{},90.0,,615.0,,327.5,,1032.5,9,300.0,Para el establecimiento de la tecnología el usuario de la tierra cubre la mano de obra. El proyecto GCI_FAO cubre con el resto de insumos,210.0,,,,120.0,,330.0,4,,"Para el establecimiento de la tecnología el usuario de la tierra cubre con el 100 % de la mano de obra. Pasado el primer año de implementación de la tecnología, el usuario de la tierra deberá asumir los gastos de manejo.",POSITIVE,POSITIVE,VERYPOSITIVE,VERYPOSITIVE,Los costos se ven afectados por la escases de insumos
3270,EC,Lombricultura,USD,,1.0,15 USD,unit,Cama para reproducción de lombrices,,37.5,20.0,20.0,,32.0,30.0,139.5,11,,Proyecto de Manejo Sostenible de la Tiera (MST) - MAAE-FAO – Ecuador,120.0,,,,,30.0,150.0,4,,Los proyectos con los que se incentiva a implementar la medida les contribuyen con la adquisición de las lombrices. La tecnología es parte complementaria a otras acciones de producción sostenible de cultivos con la cual los agricultores han obtenido resultados alentadores.,SLIGHTLYPOSITIVE,SLIGHTLYPOSITIVE,VERYPOSITIVE,VERYPOSITIVE,Lo que determina el costo de la tecnología es la mano de obra
3271,EC,Sistemas agroforestales,USD,,,15,unit,Costos de implementación de la tecnología en un área de 2 500m2,,240.0,,800.0,60.0,180.0,400.0,1680.0,13,,"Las labores que implican la mano de obra es cubierta por los usuarios directos de la tierra, mientras que los insumos son cubiertos por los proyectos que incentivan a la implementación de estas tecnologías",240.0,,110.0,150.0,200.0,,700.0,6,,"Las labores que implican la mano de obra es cubierta por los usuarios directos de la tierra, mientras que los insumos son cubiertos por los proyectos que incentivan a la implementación de estas tecnologías",POSITIVE,POSITIVE,POSITIVE,POSITIVE,Los precios de los insumos varían cuando existe un desabastecimiento de los mismo en el mercado local o nacional
3272,EC,Cortina rompevientos,USD,,,15,unit,1000 metros lineales,,120.0,90.0,790.0,,35.0,,1035.0,14,,"En los últimos 5 años se ha implementado esta medida con el apoyo de proyectos como ""Gestión Integrada para la Desertificación, Degradación de Tierras y Adaptación al Cambio Climático-GIDDACC-MAAE"", ""Manejo Sostenible de la Tierra-MST -MAAE-FAO"" y ""Ganadería Climaticamente Inteligente-GCI-MAAE-FAO""",80.0,,,,20.0,,100.0,3,,,SLIGHTLYPOSITIVE,NEUTRAL,VERYPOSITIVE,VERYPOSITIVE,La mano de obra es el factor que afecta directamente la implementación de esta medida.
3273,EC,Huerto familiar,USD,,,15,unit,Huerto familiar,,52.5,60.0,55.5,130.0,133.0,,431.0,20,,"los Proyectos ""Gestión Integrada para la Desertificación, Degradación de Tierras y Adaptación al Cambio Climático-GIDDACC-MAAE"", ""Manejo Sostenible de la Tierra-MST -MAAE-FAO"" y ""Ganadería Climaticamente Inteligente-GCI-MAAE-FAO""",180.0,,60.0,,,,240.0,4,,,POSITIVE,POSITIVE,VERYPOSITIVE,VERYPOSITIVE,Generalmente los factores que más afectan a los costos es la variabilidad de precios por el desabastecimiento de productos necesarios para la implementación o el manejo del huerto.
3275,EC,Tajamar,USD,,,15 USD,unit,Por tajamar,,32.5,184.0,,,35.0,,251.5,12,,"Las labores que implican la mano de obra es cubierta por los usuarios directos de la tierra, mientras que los insumos son cubiertos por los proyectos que incentivan a la implementación de estas tecnologías",22.5,,,,32.0,,54.5,6,100.0,"Las labores que implican la mano de obra es cubierta por los usuarios directos de la tierra, mientras que los insumos son cubiertos por los proyectos que incentivan a la implementación de estas tecnologías",POSITIVE,POSITIVE,VERYPOSITIVE,VERYPOSITIVE,"Existen insumos que pueden conseguirse en el medio, ejemplo: piedras y arcilla (pegado de piedra) que reducirían considerablemente los costos de implementación de la  la tecnología."
3276,EC,Pilancón,USD,,,15,unit,,,135.0,,,,336.5,,471.5,10,,"En los últimos 5 años se ha implementado esta tecnología con el apoyo de proyectos como: ""Gestión Integrada para la Desertificación, Degradación de Tierras y Adaptación al Cambio Climático-GIDDACC-MAAE"", ""Manejo Sostenible de la Tierra-MST -MAAE-FAO"" y ""Ganadería Climaticamente Inteligente-GCI-MAAE-FAO""",4.5,,,,,,4.5,1,,,POSITIVE,POSITIVE,VERYPOSITIVE,VERYPOSITIVE,El costo del material de construcción es el gasto que más sobresale en la implementación de la tecnología. El Pilancón es implementado en articulación con proyectos de desarrollo sostenible para que estos asuman los costos de los insumos necesario para establecerlo.
3277,EC,Cultivos en terrazas,USD,,,15,unit,cultivos en terrazas,,750.0,265.0,125.0,,,,1140.0,14,,Proyectos de desarrollo sostenible implementados por la autoridad local o regional.,240.0,40.0,,,,,280.0,7,219.0,Generalmente los costos del material vegetativo y de los demás insumos son aportados por los proyectos de desarrollo sostenible. Los costos de adecuación y limpieza son asumido por los beneficiarios.,POSITIVE,POSITIVE,VERYPOSITIVE,VERYPOSITIVE,El factor más determinante en esta técnica es la mano de obra.
3278,EC,Franja Ribereña,USD,,,15 USD,area,Franja de 1 km de largo con ancho de 10 metros a cada lado.,"{'en': '2 ha', 'es': '2 ha'}",285.0,5195.0,555.5,,,,6035.5,12,,"Apoyo de Gobierno local y de proyectos encaminados a la implementación de Medidas de Adaptación al Cambio Climático y de Manejo Sostenible de la Tierra (En los últimos 5 años se ha se ha implementado esta medida en proyectos como ""Gestión Integrada para la Desertificación, Degradación de Tierras y Adaptación al Cambio Climático-GIDDACC-MAAE"", ""Manejo Sostenible de la Tierra-MST -MAAE-FAO"" y ""Ganadería Climaticamente Inteligente-GCI-MAAE-FAO"")",75.0,60.0,25.0,,,,160.0,6,,"Apoyo del Gobierno local y proyectos (En los últimos 5 años se ha se ha implementado esta medida en proyectos como ""Gestión Integrada para la Desertificación, Degradación de Tierras y Adaptación al Cambio Climático-GIDDACC-MAAE"", ""Manejo Sostenible de la Tierra-MST -MAAE-FAO"" y ""Ganadería Climaticamente Inteligente-GCI-MAAE-FAO"")",NEUTRAL,NEUTRAL,VERYPOSITIVE,POSITIVE,El grado de afectación de la estructura implementada.  Los daños mucha de las veces son ocasionados por personas desaprensivas de la zona.
3289,EG,mulched-grapes,USD,,25000.0,50,area,4200 m2,,160.0,2500.0,375.0,620.0,,,3655.0,9,,,,,,,,,,0,,,,,,,
3301,UG,Wooden water reservoir for  rain water harvesting.,other,Uganda shillings,3638.35,20000,unit,Water Reservior,,49.47,17.59,46.169999999999995,,130.01,,243.24,14,,Kyegegwa District Local Government Community Development Fund.,10.99,6.6,,,23.499999999999996,,41.09,6,,Kyegegwa District Local Government,POSITIVE,VERYPOSITIVE,POSITIVE,VERYPOSITIVE,The nature of material used for example wood or metal and the labor hired to construct the system.
3302,UG,Mango and paw-paw fruit tree growing,USD,,3650.0,42900,unit,1 acre,,750000.0,,320000.0,360000.0,,,1430000.0,4,,,,,,,,,,0,530000.0,A public organisation known as National Agriculture Advisory Services (NAADS) provided the farmer with fruit tree seedlings,NEGATIVE,SLIGHTLYPOSITIVE,SLIGHTLYPOSITIVE,POSITIVE,The equipment's and materials needed for establishment plus maintenance are relatively expensive
3303,UG,Compost Production Pits for Crop Production [Uganda],other,UGX,3224.0,1 Pit costs 2500/= (i.e Labour to construct a pit where the residues are deposited).,unit,,,2.33,1.24,,,,,3.57,5,,All costs are covered by the land user (100%),0.78,0.9299999999999999,,,,,1.71,4,,,VERYPOSITIVE,VERYPOSITIVE,VERYPOSITIVE,VERYPOSITIVE,"Labour. Despite the fact that the technology is highly cost effective, most farmers lack money to hire people to dig pits for them and buy the few necessary inputs like spade, hoes for the activity to take place."
3305,NL,Organic agriculture with vegetable and arable crops on sandy loam soils,other,euro,0.87,160,area,50 hectares,,,5747.13,,,,,5747.13,1,,,59770.11,5747.13,,,,,65517.24,3,,,NEUTRAL,SLIGHTLYPOSITIVE,POSITIVE,POSITIVE,Increase in labour for weed control
3306,UG,Growing cover crops for weed control,other,uganda shillings,3600.0,5000,area,1ha,,12.5,5.0,4.44,,,,21.94,6,,,2.77,1.25,,,,,4.02,4,,,POSITIVE,POSITIVE,VERYPOSITIVE,VERYPOSITIVE,Labour for slashing the covercrop
3307,UG,Conservation Farming Basins In Annual Crops For Water Conservation,other,Uganda Shillings,3600.0,5000,area,Acre,,66.66,25.0,41.67,,,,133.33,6,,,12.5,,,,,,12.5,1,,,SLIGHTLYNEGATIVE,POSITIVE,VERYPOSITIVE,VERYPOSITIVE,Labour for digging during establishment and clearing soil from basins during maintenance
3309,UG,Trenches in a Cocoa Plantation for Soil and Water Conservation,,,3600.0,10000/=,area,0.5-1 acre,,41.67,3.62,,,,,45.29,5,,All costs are covered by the land user.,41.67,,,,,,41.67,1,,,POSITIVE,POSITIVE,POSITIVE,POSITIVE,Labour as some farmers cannot meet all costs.
3318,KE,Social Tenure Domain Model (STDM),USD,,101.0,between Ksh. 2000 to 3000 depending on the kind of labour required and can go down to a compromised rate of ksh. 1000.,area,Each project area 25 km2 (Project areas of three Sub-Counties 75 km2),,15690.0,25500.0,,,,41700.0,82890.0,13,,"UNHABITAT, RECONCILE, Smallholder Dairy Commercialization Programme (SDCP)",,,,,,,,0,,,POSITIVE,NEUTRAL,VERYPOSITIVE,POSITIVE,The technology costs are dependent on the size and number of resources targeted by the process. It will therefore define the costs accordingly.
3324,UG,Energy-saving ground stoves,other,Uganda shillings,3600.0,5000 per day,unit,hole,,0.56,2.78,,,,,3.34,2,,,0.56,,,,,,0.56,1,,,POSITIVE,POSITIVE,VERYPOSITIVE,VERYPOSITIVE,price of the hoe
3326,NA,Combined herding for planned grazing,USD,,,USD 4,area,5000 ha,,577.0,700.0,,,300.0,20.0,1597.0,5,,"Grazing maps and charts prodcuded by CAN (support NGO), but will be taken over soon by farmers.",577.0,700.0,,,300.0,120.0,1697.0,6,,,POSITIVE,VERYPOSITIVE,VERYPOSITIVE,VERYPOSITIVE,"Appreciation by land users that investment in herders will pay back, especially from the second year onwards."
3328,UG,Multi-Purpose Tree Species for Pasture Supplementation,other,Uganda shillings,3600.0,5000,area,1 acre of grazing land,,5.56,4.17,5.56,,,,15.29,4,,,,,,,,,,0,,,SLIGHTLYNEGATIVE,SLIGHTLYPOSITIVE,VERYPOSITIVE,VERYPOSITIVE,Labour for planting
3329,UG,Reducing Tillage by Slashing,other,uganda shillings,3600.0,5000,unit,acre,,12.5,5.0,,,,,17.5,2,,,,,,,,,,0,,,POSITIVE,POSITIVE,VERYPOSITIVE,VERYPOSITIVE,"Farm labour, although this technology reduces the labour demand in general"
3330,UG,Low-cost solar drier for preserving crop produce,other,Uganda Shillings,3650.0,5000,unit,Solar dryer,,8.22,,,,77.27000000000001,,85.49,4,200000.0,Uganda Wildlife Authority,5.48,,,,22.19,,27.67,3,,,SLIGHTLYNEGATIVE,SLIGHTLYPOSITIVE,VERYPOSITIVE,VERYPOSITIVE,"Material costs for constructing the drier. These include cost of timber, stabilized UV polythene sheet and iron nails."
3334,TJ,Рассоление сильнозасоленных земель и солончаков в вегетационный период - культурой освоителем рисом [Таджикистан],other,сомони,3.0,20 сомони,area,1 гектар,{'ru': '10 000 м2'},100.0,250.0,233.33,141.67000000000002,,,725.0,7,3000.0,"Затраты покрывались проектом , Удобрения даны в Брутто",166.67000000000002,33.34,,,,50.0,250.01,5,1000.0,"Затраты покрывались проектом , Удобрения даны в Брутто",POSITIVE,POSITIVE,VERYPOSITIVE,VERYPOSITIVE,"Аренда трактора, стоимость ГСМ,  удобрений и семян Риса"
3340,KE,Sub-Surface Dams (SSD),USD,,,3.5 USD per day,unit,chamber,,4746.4,2790.0,,,,,7536.4,7,,,1000.0,,,,,,1000.0,1,,,POSITIVE,POSITIVE,POSITIVE,VERYPOSITIVE,"Distance of the sub-surface dam from villages, extent of destruction by floods and human activities"
3342,CM,Alliance Farming,other,FCFA,,1500 FCFA,area,0.5 hectares,,,,,,,,,0,,Land users bore all of the costs,,,,,,,,0,,n.a.,POSITIVE,POSITIVE,POSITIVE,POSITIVE,The only costs pertain to herding the animal to farmer's farm which is done by pastoralist or his a herder he has paid
3356,TD,Securing the mobility of pastoralism through consultation and access to water sources,other,FCFA,,1000 FCFA,unit,"Structure (new well, rehabilitation or km of markings)",,,,,,,,,10,,,,,,,,,,2,,,POSITIVE,POSITIVE,VERYPOSITIVE,POSITIVE,"The costs of the constructions are highly dependent on their location (costs for the supply and disposal of equipment and materials), on the price of inputs (cement, etc.), and especially on the type of structure (depth of the wells, geological environment). The costs of the supply and disposal of equipment and materials include costs for the installation of the structures (water, cement, labour, machinery) on the construction sites (which are often far away from routes and towns), and costs for the disposal of the equipment after the construction is completed. The costs of supply and disposal can be significant with respect to the costs of the structure itself."
3359,ZA,"Reshaping of gully erosion through integration of silt fences, erosion blankets and brush packing",,,12.0,R140/day,area,0.017 ha,,1200.0,58.33,12.5,,232.5,,1503.33,5,,Department of Environmental Affairs - NRM programmes,120.0,5.0,,,12.5,,137.5,3,,Department of Environmental Affairs - NRM programmes,SLIGHTLYNEGATIVE,SLIGHTLYNEGATIVE,SLIGHTLYPOSITIVE,SLIGHTLYPOSITIVE,"Labour availability, soil hardness, availability of material, transport cost"
3360,BF,Production de légumes à Boulmiougou,other,Francs CFA Ouest Africain,530.0,1364 Francs CFA Ouest Africains est le salaire minumum agicole,area,500 m2,{'fr': '20'},943.4,,1.89,,,,945.29,2,,,,,,,,,,0,,,POSITIVE,POSITIVE,POSITIVE,POSITIVE,"Comme le temps d'irrigation est le plus demandeur en travail, la disponibilité de l'eau, donc la profondeur de l'eau dans les puits, est le facteur qui affecte le plus les coûts."
3361,KE,Index Based Livestock Insurance,,,,,,,,,,,,,,,0,,,,,,,,,,0,,,SLIGHTLYPOSITIVE,POSITIVE,POSITIVE,POSITIVE,
3362,UG,Growing Improved Pastures for Sustainable Dairy Production,other,UGX,3800.0,7000,area,2 acres,,226.32,21.310000000000002,251.32000000000002,52.63,,,551.58,14,,Labour and equipment costs were covered by the land user,39.480000000000004,39.47,,5.26,,,84.21,6,,The seed and planting material were given by the RwebitabaZARDI through the Kyegegwa Town Council,SLIGHTLYPOSITIVE,SLIGHTLYPOSITIVE,VERYPOSITIVE,VERYPOSITIVE,Availability of labour
3363,UG,Semi-Intensive Goat Farming Practice  for Pasture Conservation,other,shillings,3650.0,"25,000",unit,Per shelter as described,,123.29,384.93000000000006,34.25,,,,542.47,7,,,92.60000000000001,,,,,178.08,270.68,4,,,POSITIVE,POSITIVE,POSITIVE,POSITIVE,The organisaton and purchase of feedstuff
3365,UG,BANANA PLANTATION INTEGRATED FERTILIZER-IRRIGATION TECHNOLOGY,other,Uganda shillings,3638.0,17000.0,area,4 acres of banana plantation fed with cowdung manure from  4 cows under zero grazing,,14.02,32.980000000000004,,,224.57999999999998,,271.58,9,,,87.13,27.48,,,,,114.61,4,,,NEGATIVE,NEGATIVE,POSITIVE,POSITIVE,Establishment of the reservoirs and the labor required to construct them
3366,UG,Indigenous Micro Organism (IMO) use in Natural Pig Farming,USD,,3600.0,1.389,unit,Piggery Unit,,111.1,48.019999999999996,,,,,159.12,7,159.12,,1333.2,32.8,,143.66000000000003,,,1509.66,8,1509.66,,NEGATIVE,POSITIVE,VERYPOSITIVE,VERYPOSITIVE,Initial pig sty establishment costs and regular deworming costs.
3367,UG,Dairy cattle fed with supplementary fodder,other,Uganda shillings,3638.0,10000,area,,,32.99,562.11,,,967.0200000000001,,1562.12,14,,,11.0,,,,,22.94,33.94,6,,,NEGATIVE,NEGATIVE,POSITIVE,POSITIVE,"Establishing the fodder shade, purchasing the chaff cutter and daily operation costs."
3371,UG,Domestic Biogas Plant for fuel and organic fertilizer,USD,,3600.0,$ 1.389,unit,Construction Materials,,111.18,55.56,,,182.75,101.67,451.16,11,451.16,Kawacon Uganda Limited,2.78,1.39,,1.1500000000000001,,,5.32,4,5.32,,NEGATIVE,VERYPOSITIVE,VERYPOSITIVE,VERYPOSITIVE,"The construction costs, determined by the size of the biogas plant."
3372,KE,Ecosystem-wide seasonal grazing management in community land,USD,,,4,unit,The two group ranches,,,,,,,,,0,,,,,,,,,,0,,,VERYPOSITIVE,VERYPOSITIVE,VERYPOSITIVE,VERYPOSITIVE,"There are no or little costs to this technology, as it builds off structures of management which are already in place and work organically within the area."
3375,UG,Wire Mesh Maize Storage Crib,USD,,3600.0,"50,000 Uganda shillings",area,Crip: 30m*4m*3m,,414.0,,,,1891.8,744.0,3049.8,6,,,,,,,,,,0,166.0,,SLIGHTLYNEGATIVE,SLIGHTLYNEGATIVE,POSITIVE,VERYPOSITIVE,Construction materials
3376,UG,Lab lab inter-crop for improvement of soil fertility for banana production,other,Uganda Shilling,3600.0,3500,area,Acre,{'en': '2.5'},10.0,0.56,1.39,,,,11.95,3,,,11.66,,,,,,11.66,2,,,POSITIVE,SLIGHTLYPOSITIVE,POSITIVE,SLIGHTLYPOSITIVE,The availability of lablab bean seeds for planting and the availability of labor required for preparing the garden
3377,ZA,Pitting  to restore degraded catchment of Mount Fletcher Dam,other,Rand,12.0,140 (excluding transport),area,2 hectares,,3200.0,23.33,12.5,,2500.0,,5735.83,5,,Department of Environmental Affairs - South Africa,120.0,10.0,3.12,,250.0,,383.12,4,,Department of Environmental Affairs - South Africa,SLIGHTLYNEGATIVE,SLIGHTLYNEGATIVE,SLIGHTLYPOSITIVE,SLIGHTLYPOSITIVE,"Labor availability, soil hardness, availability of material, transport cost."
3378,UG,"Mixed Cropping of Coffee, Banana and Onions for Increased Production, Food Security and Household Income",USD,,3600.0,1.39,area,3.4 hectares,,13.9,63.98,3323.88,41.519999999999996,,,3443.28,15,,The land user incurred all the costs,8.399999999999999,6.949999999999999,,27.799999999999997,,,43.15,7,,,POSITIVE,POSITIVE,VERYPOSITIVE,VERYPOSITIVE,Fertilizers are very expensive to be applied monthly
3381,KE,Rangeland Restoration by cutting invasive species and grass reseeding and managing grazing,other,Kenya Shillings,101.0,450 Kenya Shillings,area,279 hectares (total over 6 sites),,10693.06,198.02,1247.52,,,594.06,12732.66,5,,Funding raised by Northern Rangelands Trust and Grezy's Zebra Trust (including USAID and FAO funding).,,,,,,,,0,,,POSITIVE,,VERYPOSITIVE,,"Hiring labour, as it was the most costly component."
3390,TJ,"Полустационарная, низконапорная, малообъемная системы капельного орошения для орошения с/х культур  при использовании дождевой воды",other,Сомони,8.8,50,unit,система,,53.410000000000004,,4.43,6.82,93.18,,157.84,12,1.0,Проект,5.68,,,,13.64,,19.32,2,,,SLIGHTLYPOSITIVE,SLIGHTLYPOSITIVE,POSITIVE,POSITIVE,инфляция
3391,UG,Backyard fish farming in tarpaulin ponds for improved livelihood,other,Ugandan shilling,3650.0,"10,000",unit,Pond,,68.49,4.08,68.49,1.64,22.75,1.37,166.82,14,,,195.89000000000001,15.89,,68.49,,,280.27,8,,,POSITIVE,POSITIVE,POSITIVE,VERYPOSITIVE,Excavation of ponds and stocking of fish fingerlings. Excavation is done once at the start of the project. The labour required for operation and maintenance is minimal compared to conventional fish farming methods.
3403,KE,Dedha grazing system as a natural resource management technology,,,,"2,500 Kenya Shillings",area,"20,000km2",,,,,,,,,0,,,,,,,,,,0,,,SLIGHTLYPOSITIVE,SLIGHTLYPOSITIVE,POSITIVE,SLIGHTLYPOSITIVE,This is a traditional technology of governing rangelands which was started and done voluntarily by the pastoralists. The costs considered are for subsistence of elders undertaking the meetings and discussions on range governance but the process still goes on even without the financial support as the actors involved do it for their own benefits.
3417,TJ,Снижение вырубки деревьев через использованием многоцелевых энерго-эффективных печей,other,Сомони,8.8,50,unit,энергосберегающаяя печь с аксессуарами,,8.64,,,,57.95,,66.59,2,,,,,,,1.7,,1.7,1,,,POSITIVE,POSITIVE,VERYPOSITIVE,VERYPOSITIVE,Общая стоимость технологии зависит от цен на строительные материалы
3418,TJ,Почво-охранные пруды для предотвращения овраго-образования,,,8.8,50,unit,Почвоохранный пруд,,159.09,,,,170.45,,329.54,3,,проект,56.82,,,,,,56.82,1,,,POSITIVE,VERYPOSITIVE,VERYPOSITIVE,VERYPOSITIVE,Инфляция и сезонность
3434,UG,Small Scale Irrigation System for Pasture Production,other,Uganda shillings,3650.0,10000,unit,,,273.97,106.85,,,378.09000000000003,,758.91,9,2770000.0,Kyegegwa District local government,273.97,67.4,,,,,341.37,3,1246000.0,,VERYNEGATIVE,NEGATIVE,SLIGHTLYNEGATIVE,SLIGHTLYPOSITIVE,Labour
3444,KE,Controlling invasive species by physical removal and crop cultivation through open fallow irrigation,other,KES,100.0,500,unit,hactares,,,,,,,,,0,600000000.0,,918.0,151.2,172.5,75.0,,,1316.7,8,,,SLIGHTLYPOSITIVE,SLIGHTLYPOSITIVE,POSITIVE,POSITIVE,"Size of land 
Disease and pest outbreak
Crop variety as contracted crops minimum requirements which may be costly to meet
Occurrence of rainy seasons especially during harvesting which affect the  drying cost and output of produce. Seed maize, for example, may not meet the required moisture content when aired during the rainy season hence lowering the net income from them.
Condition of the farm e.g invasion level by Prosopis"
3450,UG,Urban Farming with Mushroom Cultivation among Smallholder Farmers.,other,Uganda shillings,3600.0,3000/= per day,unit,A mushroom growing hut containing a number of mushroom gardens,,11.11,35.010000000000005,,,44.45,43.900000000000006,134.47,16,,National Agriculrueal Advisory Services (NAAD  supported her with the drum).,,24.439999999999998,,,,,24.44,4,,All costs are met by the farmer.,POSITIVE,POSITIVE,POSITIVE,POSITIVE,
3452,UG,Urban farming with sack gardening,USD,,3600.0,2.78$,unit,,,18.07,88.9,8.149999999999999,33.129999999999995,4.17,,152.42,16,,,2.7,,,9.7,,,12.4,4,,,POSITIVE,VERYPOSITIVE,VERYPOSITIVE,VERYPOSITIVE,Pestcides costs affect the technology.
3453,UG,Barley fodder management for livestock production among smallholder farmers,other,UGX,3600.0,3000/= per day,unit,,,10.82,18.89,12.51,,22.23,,64.45,12,,All costs are covered by the Resource Centre,5.83,5.0,,,,,10.83,3,,The  Resource Centre caters for all the costs.,VERYPOSITIVE,VERYPOSITIVE,VERYPOSITIVE,VERYPOSITIVE,Labour costs represent the largest cost element.
3454,KE,Area enclosure : Invasive species management through physical removal and grassland restoration,other,KES,110.0,KES 500,area,1 ha,,636.36,116.72999999999999,27.27,,,,780.36,7,,The woody weeds project,187.26999999999998,,,,,,187.27,4,,,SLIGHTLYNEGATIVE,POSITIVE,POSITIVE,VERYPOSITIVE,"1. Density of Prosopis invasion 
2. Size of the farm area
3. Size of Prosopis trees"
3455,UG,Runoff Water Harvesting Contour Trenches and Pits in Hilly areas,other,Ugandan Shilling,3600.0,5000,unit,Trench Line,,64.44,20.83,,,,,85.27,3,,,24.17,13.89,,,,,38.06,3,,The land user bore all the costs,SLIGHTLYNEGATIVE,VERYPOSITIVE,VERYPOSITIVE,VERYPOSITIVE,Labour
3461,UG,Intensification of pawpaw with mulching,USD,,3600.0,2.8,area,1.5 acre,,29.389999999999997,178.68,15.350000000000001,57.42,,,280.84,18,,,22.4,36.300000000000004,,71.3,,,130.0,12,,,POSITIVE,POSITIVE,VERYPOSITIVE,VERYPOSITIVE,Labor costs are those cost which most heavily affect the technology.
3465,TJ,Thermo insulation of walls with use of foil to decrease burden on firewood use,USD,,,per sequare meter around 2.5 USD,area,1 square meter cost 75,,2.0,,,,53.0,,55.0,4,,,,,,,,,,0,,for the demonstration sites 100% of the cost is covered by the project implemented by MSDSP,SLIGHTLYNEGATIVE,SLIGHTLYPOSITIVE,POSITIVE,NEUTRAL,"the cost for the constuction materials in the beginning, because as new technology was introduced foil, as the main product for the technology was difficult to find in the market, which is now commonly sold"
3475,KE,Utilisation of invasive species biomass for charcoal production,,,100.0,,unit,Charcoal production plant,,7000.0,20238.0,,,1000.0,200.0,28438.0,6,,,7800.0,,40320.0,,,1112.6,49232.6,7,,,VERYNEGATIVE,NEGATIVE,POSITIVE,VERYPOSITIVE,"Weather conditions may affect transportation of wood due to poor rural road condition
Power outages"
3484,UG,Small Scale Vegetable Garden for Home Consumption and Income,,,3650.0,10000,area,Garden area is 10 * 24 meters,,8.600000000000001,44.160000000000004,4.25,,,,57.01,7,,,2.63,,,21.92,,,24.55,3,,,POSITIVE,POSITIVE,VERYPOSITIVE,VERYPOSITIVE,Maintenance costs e.g pesticides and manure costs.
3614,ZA,Spekboom (Portulacaria afra) planting within riplines for thicket biome restoration,other,Rand,12.0,140,area,1 ha,,400.0,33.33,,,,100.0,533.33,5,,,200.0,,,,,50.0,250.0,2,,,SLIGHTLYNEGATIVE,SLIGHTLYNEGATIVE,POSITIVE,POSITIVE,"Soil hardness, labour cost and distance to rehabilitation site."
3619,BD,FLOATING AGRICULTURE IN WATERLOGGED SOIL,other,Taka,82.7344,250 taka,area,approx. 750 sq feet (70 m2),{'en': '1 ha = 107639 sq feet'},13.9,,9.67,0.19,42.29,,66.05,8,,,4.83,,,,,,4.83,1,,,VERYPOSITIVE,VERYPOSITIVE,POSITIVE,POSITIVE,"Labor cost, price of seed and price of urea fertilizer, Dulalilata (Hygroryza aristata), Tepapana (Pistia stratiotes) and Khudepana (Lemna spirodela)"
3632,UZ,Diversification of crops in salinized soils with the introduction of legumes and green manure,USD,,3500.0,10 USD,unit,ha,,474.2,584.5,233.7,559.6,,,1852.0,4,,The cost of the seeds of the re-culture (mash) and green manure (winter rye) paid by the project,474.2,584.5,233.7,559.6,,,1852.0,4,2846.92,cost of seeds of re-culture and green manure paid by the Project,POSITIVE,POSITIVE,VERYPOSITIVE,VERYPOSITIVE,"The highest costs relate to the use of machinery, including fuel and mineral fertilizers"
3634,UZ,Laser leveling of the fields  to increase the efficiency of on-farm use of irrigation water,USD,,1620.0,about 10 USD (2010),area,1 ha,,30.3,314.1,,,,11501.0,11845.4,3,,paid by the Project,10.0,43.2,,,,,53.2,2,,,SLIGHTLYPOSITIVE,SLIGHTLYPOSITIVE,POSITIVE,POSITIVE,"The highest costs are related to acquiring a laser planner. However, it is possible to recoup the cost of laser planning equipment in 3 years. To achieve this, this technology should be applied on an area of 39 hectares of wheat field or 58 hectares of cotton field"
3644,TJ,Повышения водоудерживающие способности почв в богарных виноградниках способом  высокоштамбовая формировка виноградного куст с свободным свисанием побегов,USD,,8.9,3 доллара США,area,Расчеты проводятся на 1 га.,{'ru': '1 га 10000м квадрат'},280.0,6150.0,,,,,6430.0,5,,землепользователем,,,,,,,,0,,,POSITIVE,POSITIVE,POSITIVE,POSITIVE,шпалер и проводки
3645,UZ,Production of biogas from waste to increase soil fertility,USD,,3500.0,about 4 USD,area,1 ha,,,18000.0,,,,,18000.0,1,,paid for by the project,,,,,,,,1,,Costs relate only to fertilizer delivery  to the field,NEGATIVE,NEGATIVE,VERYPOSITIVE,VERYPOSITIVE,The highest costs relate to the acquisition and installation of a biogas plant
3646,UZ,Furrow irrigation with alternating dry  and watered (wet) furrows,USD,,4150.0,about 10 USD,area,1 ha,,10.0,249.4,,,,4.8,264.2,3,,paid by the Project,10.0,249.4,,,,,259.4,2,259.4,,NEUTRAL,NEUTRAL,NEUTRAL,NEUTRAL,The Technology does not require additional imputs. Propaganda and awareness raising are needed to scale up the Technology
3650,UZ,Drought-resistant crops to enhance forage production and prevent erosion in desert areas,USD,,4150.0,"4, 75 USD",area,1 ha,,60.0,21.0,40.0,,200.0,,321.0,4,,paid by the  project,60.0,,40.0,,,,100.0,2,100.0,,SLIGHTLYPOSITIVE,SLIGHTLYPOSITIVE,POSITIVE,POSITIVE,The largest costs in the first year of technology implementation are related to the purchase of seeds and fencing of the plot from livestock
3654,UZ,Almond  planting on shallow terraces to increase the efficiency of rainfed lands and to prevent erosion,USD,,2867.0,about  4 USD,area,1 ha,,200.0,,200.0,,,,400.0,3,,Project,200.0,60.0,,,,,260.0,3,,,SLIGHTLYPOSITIVE,SLIGHTLYPOSITIVE,POSITIVE,POSITIVE,"The costs of  almonds plantations creation are needed only 1 time. Subsequently, only the costs of care, replacement of dried seedlings and site protection are needed."
3655,TJ,"Обеспечение продовольственной безопасности в маргинальных почвенно-климатических условиях , через выращивание многоцелевой культуры Квиноя (Лебеда). [Таджикистан]",other,сомони,,25-35 сомони,area,гектар,{'ru': '10 000 м2'},,,,,,,,8,,"НПО  - ""ОО Генетические ресурсы""",,,,,,,,8,,"НПО ""ОО  Ген-ресурсы""",POSITIVE,POSITIVE,POSITIVE,POSITIVE,"стоимость:  удобрений,  ГСМ, аренды трактора. Наличие семян"
3657,TJ,Накопления осадков методом Барер ( бардюрования)  на  склоновых междуряди виноградников и садов в условиях богары,USD,,8.9,3 доллар США,area,от 5 до 10 га,,9.0,10.5,,,,,19.5,3,-1.0,Землепользователем,,,,,,,,0,,,POSITIVE,POSITIVE,POSITIVE,POSITIVE,Человекский ручной труд
3662,TJ,Повышение биоразнообразия  в горных регионах  посредством  выращивания цитрусовых культур (лимона),other,сомони,4.8,"20с в отдаленном районе, а в городе 50с",area,гектар,{'ru': '10 000 м2'},2562.5,34.37,130.21,110.21,2062.4900000000002,,4899.78,15,,"Затраты на этот  лимонарий оплачены совхозм им Ю.Фучика-ныне  ассоцияция ""Рогак"" , но частные лимонарии, количество которых с каждым годом увеличивается оплачены самими фермерами",3000.0,,,,,,3000.0,1,,владельцами лимонариев,SLIGHTLYPOSITIVE,POSITIVE,VERYPOSITIVE,VERYPOSITIVE,Цена на стройматериалы и ГСМ.  Доступность машины для перевозки камня. Расстояние до источника орошения.  Аномально холодные зимы и очень жаркое лето.
3667,TJ,Эффективное повышение плодородия почвы через производство и применение высококачественного компоста –альтернативного навозу органического удобрения,other,сомони,4.83,"20с в отдаленном районе, а в городе 50с",unit,компостная куча,,16.56,12.43,,,62.73,,91.72,6,,,46.379999999999995,,,,12.42,,58.8,4,,,POSITIVE,POSITIVE,VERYPOSITIVE,VERYPOSITIVE,доступ к воде  для увлажнения компоста в процессе приготовления  и температура воздуха
3670,TJ,Восстановление  продуктивности среднегорных сильнодеградированных  пастбищ,other,сомони,8.8,25 сомони,area,1 гектар,{'ru': '10 000 м2'},107.96000000000001,15.91,34.09,186.65,488.18,,832.79,11,8000.0,"в рамках данного проекта, было приобретено все необходимое, землепользователи внесли свой вклад  в качестве исполнителей - устанвливали столбы,натягивали сетку, проводили все необходимые операциипо внедрению технологии",85.23,,,186.65,,,271.88,3,2400.0,"основные затраты покрывались проектом, местные жители внесли свой вклад -своим трудом, они устанавливали ограду, вносили удобрения, семена сеяли, скашивали сорняки ",SLIGHTLYPOSITIVE,POSITIVE,POSITIVE,VERYPOSITIVE,"цена на металлическую сетку, цена минеральных удобрений."
3673,TJ,Снижения затрата и предотвращения питательных вешеств  с использованием ломом в садах и виноградников,USD,,4.9,3.0,area,единица площади измеряется на гектар,{'ru': '1 гектар 10000 м квадрат'},549.0,3.0,,,,,552.0,3,,,540.0,,,,,,540.0,1,,,POSITIVE,NEUTRAL,POSITIVE,NEUTRAL,человеческий труд.
3677,TJ,Эффективная использования земель под интенсивный садоводства,USD,,8.9,"3,0",area,Размер плошади расчитовалис на 1га.,{'ru': '10000 м. квадрат'},1245.0,3500.0,5624.1,,1690.0,,12059.1,6,,Все затраты покрывается землепользователем,67.5,,,,,,67.5,1,,Покрывается землепользоватеоем,POSITIVE,POSITIVE,POSITIVE,POSITIVE,"Покупка саженцы, установка капельного орошения"
3683,TJ,Использование конденсационной водоснабжение садов и виноградников в условиях богары и маловодия.,USD,,8.9,"3,0",area,На 1га площади,{'ru': '10000 м квадрат'},180.0,416.25,,,,,596.25,2,,,180.0,416.25,,,,,596.25,2,,Все затраты покрывается землепользователем,POSITIVE,POSITIVE,POSITIVE,POSITIVE,Покрытия пленкой.
3686,TJ,: Сохранения почвенного покрова от эрозии и деградации  путем возделывания воишным системе ведения виноградников,USD,,8.9,3.0,area,на 1 га.,{'ru': '10000 метр квадрат'},340.5,,138.5,,3676.8,,4155.8,7,,,146.5,,,,,,146.5,2,,,POSITIVE,POSITIVE,POSITIVE,POSITIVE,"Наиболее значимые это труба, стойки Шпалер,"
3687,TJ,Зимный полив для влагозарядки  почвы перед посадкой садов и виноградников в условиясх засушливого зимы.,USD,,8.9,3.0,area,на 1 га,{'ru': '10000 метр квадрат'},539.5,,,,,,539.5,3,,Затраты покриваются землепользователем.,,,,,,,,0,,Все затраты покрываются земле пользователем.,POSITIVE,POSITIVE,POSITIVE,POSITIVE,Копка ям и заливка воды.
3688,TJ,Посев  картошки   без грядным методом для сохранения почвенного плодородия  от эрозии и сокращения затрата труда на склонных землях.,USD,,8.9,"3,0",area,на 1. га.,{'ru': '10000 м. квадрат.'},198.0,,900.0,84.0,,,1182.0,4,,,30.0,,900.0,84.0,,,1014.0,3,,Все затраты покрывается землепользователем.,POSITIVE,POSITIVE,POSITIVE,POSITIVE,Влияющие факторы покупка семена ручной труд.
3689,TJ,Снижения водопотрибление цитрусовых культур в типличных условиях,USD,,8.9,3.0,area,На 1\га.,{'ru': '10000 м. квадрат.'},110.0,1080.0,438.9,,438.9,,2067.8,4,,Все затраты покрывается землепользователем,110.0,,,,93.0,,203.0,2,,Все затраты покрывается землепользователем.,POSITIVE,POSITIVE,POSITIVE,POSITIVE,"Наиболее значимые затраты это строй материалы, насос,труба, шланги , и.т.д."
3695,TJ,Предотвращение эрозия почв на склоновых земель путём применение технологии ленточного посева сельхозкультур.,USD,,8.94,Фермер не нанимает наёмные рабочие,area,1 га,,17.8,22.4,173.6,180.0,,460.0,853.8,8,,В первом показном практике все расходы покрывались за счёт проекта и в дальнейшем расходы покрываются за счёт фермеров,100.0,,,,,100.0,200.0,2,,,POSITIVE,POSITIVE,SLIGHTLYNEGATIVE,POSITIVE,Стоимость и изменение цены на горьюче-смазочный материалы.
3696,TJ,Использование источников воды при установлении акведуков для освоения и орошение  межграничных неиспользуемых земель.  .,USD,,8.94,20 долл США,area,га,,9200.0,16500.0,,,,,25700.0,7,,Все затраты проект оплачены за счёт донорская финансированиy (MFA Norwat),720.0,,,,,,720.0,1,,"Выплата заработной платы инженером организуется государством, а фермерыт плотять за использованную воду в период сбора урожая.",VERYPOSITIVE,VERYPOSITIVE,VERYPOSITIVE,VERYPOSITIVE,
3698,TJ,Залужение деградированных пастбищ в условиях высокогорья,USD,,8.94,10 долл. в день (10 человек 30 дней),unit,га,,900.0,3220.0,,,,,4120.0,5,,Все расходы были оплачены донором.,,,,,,,,2,,Проект является демонстрационая и оплачивался за счё донорского финансирование,VERYPOSITIVE,VERYPOSITIVE,VERYPOSITIVE,VERYPOSITIVE,Увеличение стоимости материалов на рынок
3701,TJ,Эфективность озеленение и проращивание семян картофелья. .,USD,,8.94,3.35 ам.долл.,unit,гектар,,740.0,60.0,1925.0,180.0,,,2905.0,7,,Стоимость оплачено со стороны донора,100.0,150.0,,,,,250.0,3,,,,VERYPOSITIVE,,VERYPOSITIVE,увеличение стоимость горючие
3722,TN,Le système d’Agroforesterie pour la protection des terres et l'amélioration des revenus des exploitants dans les zones montagneuses.de Nord Ouest Tunisien,other,Dinar Tunisien,2.45,8 TDN,area,1 hectare,,122.45,81.63,89.8,61.22,,,355.1,4,,ODESYPANO ( Office de Développement Sylvo-Pastoral du Nord-Ouest Beja Tunisie),122.44999999999999,20.41,,20.41,,,163.27,4,,,NEGATIVE,SLIGHTLYNEGATIVE,POSITIVE,VERYPOSITIVE,"Main d’œuvre cher, intrants et équipements très chers."
3726,TN,Compostage des déchets organiques en Agriculture Biologique.,other,Dinar Tunisien,2.45,20 Dinar Tunisien.,unit,10 tonnes,,4.08,2.5300000000000002,144.60999999999999,,,,151.22,7,,L'exploitant des terres dans ce cas est le CTAB qui a financé tous les intrants.,,5.300000000000001,,,,,5.3,2,,,POSITIVE,VERYPOSITIVE,VERYPOSITIVE,VERYPOSITIVE,"- Diminution de la quantité des déchets organiques de 50% par rapport à la quantité initiale, la composition initiale du compost permet d'obtenir environ 5 tonnes du compost.
- Le montant alloué à l'achat de matière première est le plus important."
3727,TN,Agriculture de Conservation,other,Dinar Tunisien,2.5,20 Dinar Tunisien.,area,1 hectare,,6.4,95.4,40.8,46.0,,,188.6,8,,,,,,,,,,0,,,POSITIVE,VERYPOSITIVE,VERYPOSITIVE,VERYPOSITIVE,L'augmentation des prix des intrants.
3728,MX,Callejones de piñón con forrajes intercalados,other,Pesos mexicanos,19.36,$150.00 por jornal o día,area,1.179 ha,{'es': 'n/A'},201.45,433.89,,67.79,,,703.13,4,,El ejido Hermosillo financió con el 50% del costo del subsoleo con maquinaria pesada.,302.17,165.29,48.04,7.75,,,523.25,11,,N/A,POSITIVE,SLIGHTLYNEGATIVE,POSITIVE,SLIGHTLYPOSITIVE,"Se consideran los siguientes: ingresos del productor, la escasez de mano de obra en la región y fenómenos climáticos tales como la sequía y heladas tempranas"
3732,TN,Amendement sableux dans le système oasien,other,Dinar Tunisien,2.45,20 - 25 TDN,area,ha,,1367.3400000000001,7020.41,,,,244.9,8632.65,6,,,1367.3400000000001,2489.79,,,,244.9,4102.03,6,,,NEGATIVE,SLIGHTLYNEGATIVE,POSITIVE,POSITIVE,"Le cout d'apport est devenu plus cher (transport), ainsi que le cout de la main d'oeuvre."
3735,TJ,Санитарно-гигиеническая и сельхозяйственное значение эко-санитарных туалетов.,USD,,8.9,3.4 долл сша,unit,ам.долл,,500.0,40.0,,,1413.6,,1953.6,6,,Расходы покрывались за счёт донорских вложений,365.0,,,,,,365.0,1,,,POSITIVE,POSITIVE,POSITIVE,POSITIVE,"Факторы влияющие на стоимости проекта в основном являются место где строится туалет, в отдалённых местностях из-за  транспортного расхода стоимость увеличивается, на втором на стоимость проекта влияет  выборку мтериалов, если проект строится  вместо кирпича за счёт бутобетонного камня и местных материалов и в этот момент стоимость проекта снижается. Если использователь хочеть иметь туалет с нескольким очком и в этот момент стоимость проекта увеличивается."
3737,TJ,Надкаменное строительство зернохранилищ,USD,,8.9,3,area,0.12 мкв,,45.0,,,,66.0,,111.0,2,,100% землепользователем,35.0,,,,,,35.0,3,,100% землепользователем,POSITIVE,POSITIVE,POSITIVE,POSITIVE,Погодные условия
3739,TJ,Применение дренажных минерализированных вод  при   реабилитации  плодородия маргинализированных орошаемых земель аридных территорий,other,сомони,3.0,25,area,гектар,{'ru': '10 000м2'},350.00000000000006,170.0,166.67,821.3299999999999,,,1508.0,8,5000.0,основные затраты покрывались проектом ИКАРДА,825.0,130.0,,,,,955.0,3,,затраты покрывались проектом ИКАРДА,SLIGHTLYPOSITIVE,POSITIVE,VERYPOSITIVE,VERYPOSITIVE,"В общем объеме расходов первое место занимают  поиск и наем экскаватора, т.к. их трудно найти в сезон работы, наемные рабочие, что связано с техникой бороздкового полива и ручным сбором хлопка , а также цены на ГСМ"
3769,MX,Sistemas de prácticas de MST en suelos con escasa precipitación en el semidesierto de Zacatecas,other,Pesos Mexicanos,19.4,Este salario varia de acuerdo con el tipo de actividad que se realice en el sistema; cuyo rango va de los $150.00 a $250.00 por jornal,area,5 hectáreas,{'es': 'N/A'},121.13,2000.02,463.91999999999996,283.51,,20.62,2889.2,18,,,121.13,2000.02,231.95999999999998,283.51,,20.62,2657.24,17,,,SLIGHTLYPOSITIVE,SLIGHTLYPOSITIVE,SLIGHTLYPOSITIVE,SLIGHTLYPOSITIVE,"Falta de equipo, altos costos de insumos y mano de obra"
3839,MX,Microcuencas de captación de agua para el cultivo Milpa en La Mixteca Oaxaqueña,other,Pesos mexicanos,19.13,$150.00 por día o jornal,area,1521 m2,{'es': 'N/A'},98.0,133.3,1.57,14.37,,,247.24,14,,Para el caso del inoculante el costo fue pagado por PROTIERRAS,98.0,133.3,1.57,14.37,,,247.24,14,4730.0,"Solamente el inoculante no fue pagado por el productor, Este fue otorgado por PROTIERRAS",NEUTRAL,POSITIVE,SLIGHTLYPOSITIVE,SLIGHTLYPOSITIVE,"Los escasos ingresos del productor, la falta de mano de obra para el tequio, personas de la tercera edad con mala salud, el errático temporal de lluvias, la emigración y otros"
3848,TJ,Создание биоценоза сельхозкултурь с целю увеличение плодородия почв для получение высокого и допольнительного урожая,USD,,,1 ам.долл.,area,на одного га,,80.0,190.0,1255.0,162.0,,,1687.0,12,,Все расходы оплачивается со строны землепользователей,100.0,170.0,1255.0,162.0,,,1687.0,10,,Землепользователь оплачивет польный стоимост мероприятий.,VERYPOSITIVE,VERYPOSITIVE,VERYPOSITIVE,VERYPOSITIVE,Нестойчивость рынок и перемены стоимости семена и удобрений
3850,TJ,Подпокровный посев многолетных трав в склоновых землях горного региона,USD,,9.2,2.17 ам.долл. в день,area,1 га,,94.0,43.4,144.5,189.0,,140.0,610.9,10,,Все затраты покрываются за счёт фермеров,94.0,43.4,144.5,189.0,,43.4,514.3,10,,Всяе расходы с использование технологии  покрываются за счёт фермера,POSITIVE,POSITIVE,POSITIVE,POSITIVE,Повышение  стоимости горюче-смазочные материалы на рынках Таджикистана
3852,BD,Application of balanced fertiliser to improve soil productivity,,,83.0,500 TAKA,unit,1 hectare,,120.47999999999999,66.27000000000001,13.49,97.16,,,297.4,14,,Agricultural Extension department as government subsidy for input cost,60.239999999999995,,,26.99,,115.66000000000001,202.89,7,,,VERYPOSITIVE,POSITIVE,POSITIVE,POSITIVE,Labour cost is very high. but other input cost is also increasing day by day.
3854,TJ,ЭФФЕКТИВНАЯ ПРАКТИКА БОРЬБЫ С КОЛОРАДСКИМ ЖУКОМ КАРТОФЕЛЬЯ НА ПРИУСАДЕБНОМ УЧАСТКЕ,USD,,9.2,2.7 ам.долл.,unit,1 га,,256.0,85.0,1330.0,221.5,,,1892.5,11,,Все затраты покрываются за счёт фермера,10.0,,,15.0,,,25.0,2,,Фермер оплачивает общего стоимости мероприятия,VERYPOSITIVE,POSITIVE,VERYPOSITIVE,POSITIVE,Перемены стоимсти товаров на рынок
3855,TJ,Эффективность обработки почвы в борьбе  против   вредителей сельхозяйственных культур,USD,,9.2,2.7,unit,га,,162.0,33.0,1330.0,189.0,,,1714.0,8,,Все затраты покрываются за счёт фермера,162.0,33.0,1330.0,189.0,,,1714.0,8,,Все затраты покрывались за счёт фермера,VERYPOSITIVE,POSITIVE,VERYPOSITIVE,POSITIVE,Изменение цен товаров на рынок
3856,TJ,Сафлор-рекомендованная масличная култьтура в условиях изменение климата,USD,,9.2,2.72,,,,140.0,44.0,33.0,162.0,,,379.0,8,,Все затраты на производство сафлора покрывает фермер,140.0,45.0,33.0,162.0,,,380.0,8,,Все затраты связанное производство сафлора покрывается за счёт фермера,VERYPOSITIVE,VERYPOSITIVE,VERYPOSITIVE,VERYPOSITIVE,Изменение цена на топливо
3866,KE,Cut-stump treatment,other,Kenyan Shilling,100.0,300 per person,unit,Plot,,30.0,,,106.89,,,136.89,4,,"In some cases, development projects may cover the costs for the herbicide.",,,,,,,,0,,,NEGATIVE,SLIGHTLYNEGATIVE,POSITIVE,POSITIVE,
3898,CO,Sistema Silvopastoril,other,Colombian Pesos (COP),3000.0,1 Jornal/Persona = 19000 COP,area,1 hectarea,,200.0,100.0,129.17000000000002,133.33,,,562.5,5,,El Proyecto Conectividades Socio-Ecosistemicas,160.0,,,42.5,,,202.5,3,,,POSITIVE,POSITIVE,VERYPOSITIVE,POSITIVE,La mano de obra requerida para mantenimiento de la tecnología.
3993,BJ,Fabrication et utilisation du compost,other,FCFA,450.0,5000,unit,Tas,,77.77,,,,,,77.77,2,35000.0,,48.89,,,,,,48.89,2,22000.0,,POSITIVE,POSITIVE,VERYPOSITIVE,VERYPOSITIVE,"Disponibilité suffisante de résidus de paille
Proximité du lieu de compostage avec un point d'eau"
4010,UZ,Lining the bottom of the channel with polyethylene film,USD,,2100.0,about 10 USD,area,1 km,,14279.0,,,,1045.0,,15324.0,2,,paid by project,100.0,,,,,,100.0,2,,,SLIGHTLYNEGATIVE,NEGATIVE,VERYPOSITIVE,VERYPOSITIVE,There are no special costs for maintaining the technology.
4035,UZ,Cultivation of  Indigofera (Indigofera tinctoria) to restore marginal lands and to increase local communities incomes,USD,,1800.0,about 10 USD,unit,1 ha,,77.0,244.0,316.0,346.0,,,983.0,4,,The cost of seeds paid for by the project,77.0,244.0,316.0,346.0,,,983.0,4,983.0,,VERYPOSITIVE,VERYPOSITIVE,VERYPOSITIVE,VERYPOSITIVE,"The highest costs relate to the use of machinery, including fuels and lubricants, the purchase of seeds"
4037,UZ,Pasture shelterbelts in the desert zone,USD,,4500.0,for about  10 USD,area,1 ha,,35.0,135.0,55.0,,,,225.0,3,,Funds from the budget of the Institute/project,,,,,,,,0,,,SLIGHTLYPOSITIVE,SLIGHTLYPOSITIVE,VERYPOSITIVE,VERYPOSITIVE,"The most costs are related to the tillage and the cost of sowing, including fuel. All costs relate to the first year, in subsequent years there are practically no costs."
4040,UZ,Creation of improved autumn-winter pastures in the foothill zone of Uzbekistan,USD,,4500.0,about 10 USD,area,1 ha,,35.0,135.0,55.0,,,,225.0,3,,costs were covered by the project,13.0,44.0,,,,,57.0,2,57.0,,POSITIVE,POSITIVE,POSITIVE,VERYPOSITIVE,"Maintenance of Technology practically does not require imputs, it is nessessary to provide optimum management and pasture capacity. The competent management will ensure pasture productivity for 20-25 years"
4042,UZ,Counter watering method of furrow irrigation,USD,,4150.0,about  10 USD,area,1 ha,,30.0,255.38,,,,96.5,381.88,4,381.8,paid  by the project,30.0,48.2,,,,,78.2,2,78.2,,SLIGHTLYPOSITIVE,POSITIVE,POSITIVE,POSITIVE,The Technology does not require high imputs. The most costs relate to the levelling. This measure is very important to ensure the equability of field area moisture  when watering on low slope lands
4043,EC,Prácticas de restauración y manejo sostenible en los páramos de La Esperanza,USD,,,10-20 USD,unit,Unidad,,7480.0,32400.12,922.5,1150.0,322.0,840.0,43114.62,10,,Las entidades cooperantes para la aplicación de la práctica fueron: CONDESAN y FMPLPT.,3600.0,,,,,,3600.0,1,,CONDESAN,VERYPOSITIVE,VERYPOSITIVE,VERYPOSITIVE,VERYPOSITIVE,"Según la percepción de las personas que realizan el monitoreo, los principales inconvenientes se presentan por la presencia de las vicuñas en la conducción del agua, teniendo que con cierta frecuencia cambiar tuberías y accesorios que se obstruyen y se afectan. El cercado también se ha visto afectado en ciertos puntos por parte de los pobladores o por el ganado que no respetan los acuerdos realizados."
4044,EC,Protección de fuentes de agua en la comunidad de Llimpes,USD,,,10-20,unit,,,3867.25,,207.29,,13272.41,,17346.95,8,17346.95,"Las entidades cooperantes para la aplicación de la práctica fueron: CONDESAN, FMPLPT y la Mancomunidad de FSO",2582.46,886.08,,,,6300.0,9768.54,7,,No aplica,VERYPOSITIVE,VERYPOSITIVE,VERYPOSITIVE,VERYPOSITIVE,"Según la percepción de los operarios que manejan y revisan continuamente el sistema, los principales inconvenientes se presentan en la conducción del agua, teniendo que con cierta frecuencia que cambiar tuberías y accesorios que se obstruyen y se afectan. El cercado también se ha visto afectado en ciertos puntos por parte de los pobladores o por el ganado que no respetan los acuerdos realizados."
4046,EC,Protección de fuentes de agua para consumo humano para la Comunidad de Puñachizag,USD,,,10-20 dólares,area,,,1900.0,,842.71,,3493.0,,6235.71,4,6235.71,"Las entidades cooperantes para la aplicación de la práctica fueron: CONDESAN, FMPLPT y la Mancomunidad de FSO",540.0,120.0,,,,,660.0,3,,No aplica,VERYPOSITIVE,VERYPOSITIVE,VERYPOSITIVE,VERYPOSITIVE,"Según la percepción de los operarios que manejan y revisan continuamente el sistema, los principales inconvenientes se presentan en el cercado que se ha visto afectado en ciertos puntos por parte de los pobladores o por el ganado que no han acatado las disposiciones realizadas a nivel de toda la comunidad."
4048,EC,Rehabilitación del sistema de abrevaderos en la comunidad de Santa Lucia Arriba.,USD,,,10-20,area,,,400.0,,,,9801.24,,10201.24,2,10201.24,Las entidades cooperantes para la aplicación de la práctica fueron: CONDESAN y la Mancomunidad de FSO,1080.0,382.46,,,,,1462.46,6,,No aplica,SLIGHTLYPOSITIVE,SLIGHTLYPOSITIVE,POSITIVE,POSITIVE,"Según la percepción del operario que maneja y revisa continuamente el sistema, los principales inconvenientes se presentan en la conducción del agua, teniendo que con cierta frecuencia cambiar tuberías y accesorios que se obstruyen y se afectan. Otro de los inconvenientes se presenta por parte de los pobladores que no respetan los acuerdos realizados en cuanto al uso del agua que está disponible por el sistema, por lo que se observa que no hay un reparto equitativo."
4050,EC,Implementation of a fog water capture system in a conservation area in the community of Shaushi.,USD,,,10-20,area,,,26676.33,6562.53,,,,,33238.86,4,33238.86,"The cooperating entities for the application of the practice were: CONDESAN, Ministry of Environment MAE (Project GIDACC), FMPLPT, Autonomous Decentralized Municipal Government of the canton Santiago Quero and the Commonwealth of FSO.",,,,,,,,0,4900.0,The costs so far have been assumed by the Technical Unit of the Commonwealth of Southern Western Front.,VERYPOSITIVE,VERYPOSITIVE,VERYPOSITIVE,VERYPOSITIVE,"According to the perception of the beneficiaries, the most important factor that can affect the system and therefore the costs, are the environmental conditions of the area, especially the presence of strong winds that could mainly affect the water capture panel fog."
4051,TN,Plantation d’arbustes fourragers,,,,10 Dinars Tunisien.,area,1 hectare,,,,,,,,,2,,,,,,,,,,3,,,SLIGHTLYPOSITIVE,SLIGHTLYPOSITIVE,SLIGHTLYPOSITIVE,SLIGHTLYPOSITIVE,Coût de la Main d'oeuvre.
4053,TN,Resemis d’espèces pastorales locales,other,Dinars Tunisien (DT),2.5,10 DT,area,1 hectare,,440.0,,,,,,440.0,2,,,,,,,,,,0,,,SLIGHTLYNEGATIVE,SLIGHTLYNEGATIVE,SLIGHTLYNEGATIVE,SLIGHTLYPOSITIVE,Coût de la main d'oeuvre.
4055,TN,Travail minimum des sols pour une agriculture de conservation,other,Dinars Tunisien (DT),2.5,10 DT,area,1 hectare,,20.0,68.0,48.0,172.0,,,308.0,4,,,,,,,,,,0,,,SLIGHTLYPOSITIVE,SLIGHTLYPOSITIVE,POSITIVE,POSITIVE,Coûts de la main d'oeuvre.
4086,CO,Reforestación Protectora,other,Pesos Colombianos (COP),3000.0,25000,area,1 hectárea,,766.67,376.65999999999997,378.33,235.0,270.0,83.33,2109.99,15,,"El PROYECTO ""APOYO A LOS PROCESOS DE RESTAURACIÓN DE BOSQUE EN LAS ZONA DE RECARGA DE ACUÍFEROS EN LA JURISDICCIÓN DE CARSUCRE""",166.67,,,151.67000000000002,,,318.34,4,,"El PROYECTO ""APOYO A LOS PROCESOS DE RESTAURACIÓN DE BOSQUE EN LAS ZONA DE RECARGA DE ACUÍFEROS EN LA JURISDICCIÓN DE CARSUCRE""",SLIGHTLYPOSITIVE,POSITIVE,VERYPOSITIVE,POSITIVE,Mano de obra: la construcción de la cerca para exclusión y la limpieza de malezas requieren mucha mano de obra.
4087,CO,Cultivo Asociado de Algodón y Maíz,other,Pesos Colombianos (COP),3000.0,30000,area,1 hectárea,,250.0,32.67,600.42,331.67,,,1214.76,12,,El Proyecto + Algodón,,,,,,,,0,,El Proyecto + Algodón,SLIGHTLYPOSITIVE,,POSITIVE,,El elevado costo de las semillas genéticamente modificadas.
4089,CO,Agricultura Anfibia,other,Pesos Colombianos (COP),3000.0,25000,unit,3 estanques con camellones por todo el perímetro,,2916.67,14000.0,350.0,,6666.67,,23933.34,7,,Central Hidroeléctrica Urrá,6083.33,176.67,375.0,,,,6635.0,6,,,NEUTRAL,NEUTRAL,POSITIVE,SLIGHTLYPOSITIVE,"Durante la implementación los costos mas altos son causados por el pago de maquinaria para el movimiento de tierra. Luego en el mantenimiento de la tecnología, la mano de obra para el constante cuidado y operación del sistema representa la mayor parte de los costos."
4092,AM,Slope erosion control using wooden pile walls,USD,,,"ca. 20 USD per worker and day (unskilled local workers), 120 USD per day (local expert)",area,0.15 ha,,3085.0,1264.0,64.0,,1747.6,,6160.6,18,,GIZ Project,420.0,,,,,,420.0,4,,,NEGATIVE,NEGATIVE,NEUTRAL,SLIGHTLYPOSITIVE,"Grazing (if fencing is needed it is the most costly part)

Wooden logs (if bought). This can be turned to zero by either using local wood (if permitted) or bundles of branches of specific species (e.g. willows)."
4099,TH,Planting Eucalyptus on rice bunds to lower saline groundwater,other,THB,32.0,300 THB,area,own by one selected land user,{'en': '1 hectare = 6.25 rai'},18.75,,2.5,9.379999999999999,,,30.63,4,,Land Development Department,9.38,,,1.62,,,11.0,2,,,SLIGHTLYPOSITIVE,POSITIVE,VERYPOSITIVE,VERYPOSITIVE,"Maintenance cost of weeding, pruning, thinning and fertilizer application was 428 THB/rai/yr. Calculation is based on 7 years of planting. Four years after planting, the logs were sold for additional income 5,714.3 THB/rai. On the 7th year, the logs were sold at 4,285.7 THB/rai.
  
(Income from 2 times of Eucalyptus sale; 4th year = 40,000 THB, 7th year = 30,000 THB. Therefore, total income for 7 years = 10,000 THB/rai. Benefit from Eucalyptus planting = 10,000–2,388 (planting cost + 4 years of maintenance cost) = 7,612 THB/7 years = 1,087 THB/rai/yr.)

Compost and rice husk are from farm by-products and the labour costs are from land users. The income thereore will be higher than 1,087 THB/rai as estimated."
4101,AM,High-altitude afforestation for erosion control,USD,,,,area,1 ha,,3024.3,141.8,812.5,,2197.76,1069.7,7246.06,15,,GIZ Project,151.0,,612.0,,,5.6,768.6,6,,GIZ project,NEGATIVE,SLIGHTLYNEGATIVE,SLIGHTLYPOSITIVE,POSITIVE,"With costs of approximately 5,700 USD/ha including fencing (30%), planting (30%) and seedlings (40%) afforestation is very intensive in financial resources. It is very likely that these high costs will limit the upscaling of the afforestation process. There are some options to reduce costs:
•Fence large areas and try to have sites in square or circle shape
•Increase number of seedlings planted by person by using soil-drillers
•Use cheaper fencing material (e.g. game protection fence, poles without concrete)
•Reduce seedling number to 2000-3000 seedlings/ha
•Using seeds (e.g. oak) instead of seedlings
•Regrow seeds in local low-cost nurseries (e.g. Lusagyugh)"
4112,BD,Pitcher irrigation for the management of moderately saline soils,other,Taka (tk),82.0,500 Taka,area,1 bigha,{'en': '0.134 hectare'},97.57000000000001,113.42999999999999,4.88,9.479999999999999,,,225.36,17,,,67.08,,,,,,67.08,2,,,POSITIVE,POSITIVE,POSITIVE,VERYPOSITIVE,Labour costs affect the total technology cost. Labour scarcity is severe in coastal areas of Bangladesh.
4114,TH,Small Irrigation System for Highland Rice Terraces,other,Baht (THB),32.0,300,area,0.48 hectare for each farmer,,2409.37,112.5,321.88,221.87,,,3065.62,12,98100.0,ผู้ใช้ที่ดินรับภาระทั้งหมด 100 %,56.25,,,,,,56.25,1,1800.0,Land user spend their money for 100% of costs,,,VERYPOSITIVE,VERYPOSITIVE,"The most important factors that aﬀect the costs is the labour factor, where farmers need to hire labourers for rice cultivation such as planting, fertilizer application, maintaining the system and harvesting, including, the excavation and restoration of the small dam, water channels and terraces."
4115,TH,Integrated Land Management: The Khok-Nong-Na Model,other,Baht (THB),32.0,300 THB,area,25 Rai,"{'en': '6.25 Rai', 'th': '4 เฮกตาร์'}",187.5,681.25,,,468.75,1646.87,2984.37,7,,"least than 10%, where Royal forest Project supported more than 90%",,,,,,,,0,,-,NEUTRAL,,VERYPOSITIVE,,-
4120,CO,Sistema Agroforestal,other,Colombian Pesos (COP),3000.0,25000,area,1 hectárea,,375.0,60.0,1168.32,24.93,134.17000000000002,,1762.42,12,,Proyecto Conectividades Socio-ecosistémicas en alianza con Parques Nacionales Naturales de Colombia y Gobernación del Departamento de Bolivar.,933.3399999999999,30.0,36.6,,,,999.94,7,,,NEUTRAL,NEUTRAL,POSITIVE,POSITIVE,"Para la implementación de la tecnología, el costo más alto es la compra de plántulas de cacao injertado. En las actividades de manutención el costo mas alto proviene de la mano de obra."
4123,TH,Water Storage Ponds in Small-Scale Agricultural Areas,,,32.0,300 Baht per day,area,6 rais,,150.0,,,,,,150.0,2,,,,37.5,,,,,37.5,1,,,VERYPOSITIVE,VERYPOSITIVE,VERYPOSITIVE,VERYPOSITIVE,The amount of sediment
4126,BA,Cultivation of blueberries on infertile/degraded soils using plant pots,USD,,,29.25 USD,area,1 ha,,1696.5,280.8,14728.0,,,41516.0,58221.3,7,,,292.5,344.08,,,,20644.57,21281.15,3,,,NEGATIVE,POSITIVE,VERYPOSITIVE,VERYPOSITIVE,"The prices of blueberry plantings, containers, and multi functional substrate for blueberries on the market."
4134,ET,Closed Area Management in Abagerima Learning Watershed,USD,,,3.7,area,31 ha,,912.0,672.0,4559.0,,,,6143.0,5,,"Water and Land Resource Centre (WLRC), Agricultural Office and in the Abagerima watershed the communities are involved in all types of SLM activities",629.0,,,,,,629.0,2,,,POSITIVE,SLIGHTLYPOSITIVE,VERYPOSITIVE,VERYPOSITIVE,"Establishment of the technology at the initial stage (digging of trenches, cut-off drains and waterways) causes high costs."
4135,ET,Community-Based Closed Area Management,USD,,,3.0,area,11 ha,,195.0,396.0,1450.0,,,,2041.0,6,,Water and Land Resource Centre (WLRC) and Government,45.0,,104.0,,,,149.0,2,,Water and Land Resource Centre (WLRC) and Government,NEGATIVE,SLIGHTLYPOSITIVE,POSITIVE,VERYPOSITIVE,labour availability and timing
4136,ET,Integrated Farm Land Conservation,USD,,1.0,3 USD,area,300 ha,,65100.0,,,,,3173.2799999999997,68273.28,6,,"Government-led community free labor mobilization for the natural resource conservation measures, supported by Water and Land Resource Centre, Addis Ababa University and Centre for Development and Environment, University of Bern.",30600.0,,,,,,30600.0,2,,The community contributed free labor contribution. The WLRC provided capacity development and input support.,NEGATIVE,SLIGHTLYPOSITIVE,POSITIVE,POSITIVE,"The season, as especially during sowing, weeding and harvesting times the labour costs are scarce and hence, high."
4138,ET,Homestead Development,USD,,1.0,5,area,0.81 hectares,"{'en': 'Other homestead development areas can be larger, the largest in Abagerima Watershed being 2.3 ha.'}",195.0,24.0,15.0,34.0,30.0,,298.0,7,,Remaining costs were covered by the Agricultural Office,155.0,,8.0,41.0,,,204.0,6,,Remaining costs were covered by the Agricultural Office,SLIGHTLYNEGATIVE,SLIGHTLYNEGATIVE,VERYPOSITIVE,POSITIVE,Inflation rate fluctuations
4143,TN,Les « Meskats » : système d’exploitation des eaux de ruissellement dans le Sahel tunisien,other,DT,2.5,10 Dinars Tunisien.,unit,Mescat,,80.0,,480.0,,,,560.0,3,,,,,,,,,,0,,,POSITIVE,POSITIVE,VERYPOSITIVE,VERYPOSITIVE,Le coût de la main d'oeuvre élévé.
4146,TH,The new theory of agriculture for mixed farming systems,other,Baht,33.0,300 Baht,area,5.3,{'en': '6.25'},545.45,1454.55,242.43,75.76,546.96,75.76,2940.91,10,,Government agencies,4727.28,,,75.76,,1515.16,6318.2,5,,Government agencies support some inuts,NEUTRAL,POSITIVE,POSITIVE,POSITIVE,"Water - if there is a lack of water during the dry season, some agricultural activities may not be practiced. This leads to a reduction of agricultural cost; however, this also leads to a reduction of a household income during that period."
4149,TH,Planting of Acacia ampliceps to control severely salt-affected land.,other,THB,32.0,300 THB/day,area,45 rai,"{'en': '1 ha = 6.25 rai', 'th': '1 ha = 6.25 rai'}",18.75,,3.75,19.38,,,41.88,5,,-,9.38,,,,,,9.38,1,,,SLIGHTLYPOSITIVE,POSITIVE,VERYPOSITIVE,VERYPOSITIVE,"Land Development Department supports the operational budget particularly cost of Acacia ampliceps plantation at first year, then users are in charge of maintenance and forest fire control.
At the ﬁrst year, the initial cost for Acacia ampliceps plantation is about 1,340 THB. This includes: the cost of hired labour on planting process, 600 THB/rai; the cost of young seedlings, approximately 120 THB/rai and the cost of compost, rice husk and chemical fertilizer, about 620 THB/rai. For the expenditure part on the 1st year, there is a hired labour for harvesting fodder in a period of 6 months, approximately 300 THB/rai (from the early to the end of rainy season). However, land user can produce fodder and have grazing land for 14 cattle for around 180 days/yr. Each cattle needs about 30 kg of fodder a day. The cost for the fodder is 1 THB/kg. Land user can save the cost for cattle feeding approx. 5,400 THB/cattle/yr. In conclusion, land user can save the cost for fodder production and grazing land approximately 1,680 THB/rai. For the expenditure part on 2nd and 3rd year, there is fodder harvesting, trimming process and charcoal production. Land users may obtain approx. 10 bags of charcoal that costs 120 THB/bag. Thus, there is a direct income from charcoal production (about 26.7 THB/rai/yr) and an increase of rice production (up to 5%). Land users can have increased income from selling rice at 100 THB/rai. 
In conclusion, there is a cost of maintenance during 3 years for approx. 900 THB/rai. Part of the income, the land user can have income from the increased rice yield approx. 100 THB/rai/yr. Otherwise, charcoal production can reduce fuel’s expenditure in daily life for approx. 26.7 THB/rai/yr. Fodder production and grazing land can reduce cost of cattle feeding for approximately 1,680 THB/rai/yr. The land user, however, wants to leave the branches of Acacia ampliceps for watertable control and for cattle shading."
4158,TH,"Planting a Halophyte (Sporobolus virginicus, ""Dixie grass"") to rehabilitate severely saline soil.",other,Baht,32.0,300,area,,,37.5,,25.0,121.25,,,183.75,5,,Land Development Department,,,,,,,,1,,,NEGATIVE,NEUTRAL,SLIGHTLYPOSITIVE,POSITIVE,The government policy on minimum labor wage is an important factor affected cost of the project.
4161,TH,Land Use Change from Rice to Vegetables,other,THB,32.0,300,area,1 rai,{'en': '1 ha = 6.25 rai'},150.0,,25.16,57.87,,,233.03,7,,Land Development Department,263.66999999999996,,,46.88,,,310.55,3,,,POSITIVE,POSITIVE,VERYPOSITIVE,VERYPOSITIVE,Drilling a pump well because water is the most important factor for the production.
4167,TN,Valorisation des eaux de crues à travers la technique des « Mgouds »,other,Dinars Tunisien (DT),,10 DT,unit,Oued ou ravin,,,,,,,,,4,,,,,,,,,,2,,,SLIGHTLYPOSITIVE,POSITIVE,VERYPOSITIVE,VERYPOSITIVE,Le coût de la main d'oeuvre élévé.
4168,TN,Fixation des dunes de sables avec les feuilles de Palmes,other,Dinars Tunisien (DT),2.5,10 DT,unit,tabia,,600.0,600.0,600.0,,,,1800.0,3,,,200.0,600.0,600.0,,,,1400.0,3,,,SLIGHTLYPOSITIVE,SLIGHTLYPOSITIVE,VERYPOSITIVE,VERYPOSITIVE,Le coût  de la main d'oeuvre.
4169,TN,Amélioration pastorale par la mise en repos,other,Dinars Tunisien (DT),2.5,10 DT,area,ha,,48.0,,,,,,48.0,3,,,,,,,,,,0,,,SLIGHTLYPOSITIVE,SLIGHTLYPOSITIVE,POSITIVE,POSITIVE,
4172,TN,Irrigation déficitaire à l’eau salée en milieu aride,other,Dinars Tunisien (DT),2.5,10 DT,area,ha,,136.0,260.0,280.0,79.2,,,755.2,4,,,,,,36.8,,,36.8,1,,,SLIGHTLYPOSITIVE,SLIGHTLYPOSITIVE,VERYPOSITIVE,POSITIVE,"L’agriculture irriguée dans les régions arides est soumise au danger d’accumulation de sels dans les sols vu la qualité des eaux utilisées et la forte demande climatique. Les parcelles irriguées ne sont pas équipées de système de drainage artificiel et les agriculteurs comptent essentiellement sur les précipitations pour le lessivage naturel du sol. Les quantités d'eau d'irrigation délivrées par les agriculteurs sont le résultat de pratiques empiriques locales qui ne tiennent pas nécessairement compte des besoins réels de la plante; l’application de l’eau dépasse souvent les besoins de la culture ce qui réduit la productivité de l’eau. Cette sur-irrigation aide à lessiver les sels de la zone racinaire durant les premières années de culture, mais elle augmente le risque d’une salinisation rapide du sol suite à l’augmentation de la quantité de sels apportée au sol."
4176,TH,Use of Organic Fertilizers for Organic Crop Pproduction on Infertile Soil,other,THB,32.0,300 THB,area,1 rai,{'en': '1 ha = 6.25 rai'},75.0,114.07,204.69,,,,393.76,4,,Naso Rice Farmer Group,9.38,,,,,,9.38,1,,Land Development Department,SLIGHTLYPOSITIVE,,POSITIVE,,Most of the costs depend on raw material price and wages cost (both labour and equipment)
4223,TH,Irrigation branch canals in acid sulfate soils,USD,,,10,area,1-2 ha,,349.0,3.5,5.050000000000001,4.17,2.17,,363.89,14,,,33.0,,,,,,33.0,1,,,POSITIVE,POSITIVE,POSITIVE,POSITIVE,current labor costs
4227,BD,Dyke and Ditch multi-cropping system,other,BDT,84.0,BDT 500,area,1 acre,,2142.86,32.14,83.33000000000001,93.31,,,2351.64,14,,,392.86,9.52,,,,,402.38,3,,,SLIGHTLYPOSITIVE,POSITIVE,VERYPOSITIVE,VERYPOSITIVE,Labor cost
4233,TH,Bio-fermentation for Soil Improvement (Thailand),other,THB,32.0,300 baht,area,1 rai,"{'en': '6.25 rai', 'th': '-'}",37.5,312.5,,107.94,,,457.94,9,,Prachinburi Land development Station,37.5,62.5,,61.059999999999995,,,161.06,6,,-,POSITIVE,NEUTRAL,VERYPOSITIVE,VERYPOSITIVE,Raw material of bio-fermentation solution products as molasses
4242,TH,Organic Farming on a Moderate Hillside Slope,other,(THB),32.0,300 THB,area,39 Rai,{'en': '6.25rai'},225.0,6293.75,3624.35,1290.63,,6890.62,18324.35,24,,-,1031.25,,,,,187.5,1218.75,5,,-,SLIGHTLYNEGATIVE,NEUTRAL,POSITIVE,POSITIVE,"Utility bills, electricity, drilling an artesian well and system, labour and transportation cost"
4252,TH,Moo Lum Pig Farming: A Zero-Waste Management Technology,other,Thai Baht (THB),32.0,300 THB,area,27 rai,"{'en': 'Costs are calculated: per Technology area (size and area unit: 27 Rai; conversion factor to one hectare: 1 ha = 6.25 rai)', 'th': '-'}",6468.75,,,,2625.0,14906.25,24000.0,7,,-,5343.75,,,,,,5343.75,3,,-,POSITIVE,POSITIVE,VERYPOSITIVE,VERYPOSITIVE,ค่าแรง
4273,GE,Pasture-weed control by thistle cutting,USD,,,,area,2 ha,,311.0,850.0,,,,,1161.0,4,,"The equipment (brush cutters) and labour costs have been carried by international project (GIZ-IBiS Program, GEF funded SML Project)",120.0,96.0,,,,,216.0,2,,,SLIGHTLYNEGATIVE,NEUTRAL,POSITIVE,,The investment in the brush cutter will only pay off if large parts of pastures are managed.
4274,GE,Rehabilitation of Windbreaks,other,GEL,2.7,15 USD,area,3 ha,,5155.56,6585.18,3220.6500000000005,,,1111.11,16072.5,15,,GEF-Funds have been used to finance all of the activities,3683.34,2259.26,,,,,5942.6,5,,The full costs were covered by the project,NEGATIVE,NEGATIVE,SLIGHTLYPOSITIVE,POSITIVE,"How often weeds need to be cut, survival rate of trees"
4275,GE,Introduction of Crop Rotation,USD,,,20,area,100 ha,,9464.0,,13393.0,536.0,,,23393.0,6,,60% of the cost have been added as a subsidy payed from GEF project funds.,,,,,,,,0,,,POSITIVE,NEUTRAL,POSITIVE,NEUTRAL,"It was a challenge to organised the high amount of pea-seeds, as they are not commonly available in the region."
4276,GE,Establishment of a paddock system and improvement of degraded pastureland.,USD,,,13 USD/day,area,ha,,286.0,3347.0,450.0,,,,4083.0,8,,"The equipment, renting cost of machines and labor was financed by the GEF SLM project.",26.0,800.0,,,,,826.0,2,,,NEGATIVE,SLIGHTLYNEGATIVE,POSITIVE,POSITIVE,The most important factor was the equipment for the electric fence. Electric fencing material is not common in Georgia and there are no relevant national suppliers.
4281,TH,Continuous bench terrace in high sloping area for tea plantation,other,Baht,15448.6,175.82,area,The area of continuous bench terrace 3 meter board,"{'en': '15.43', 'th': '15.43'}",0.97,0.03,,,,,1.0,7,,Land Development Department by Center of land development for Royal Project supported the budget by conduct the bench terrace in this area.,0.03,,,,,,0.03,1,,"All maintenance cost of bench terrace are supported by Center of Land Development for Royal Project, Land Development Department.",POSITIVE,POSITIVE,VERYPOSITIVE,VERYPOSITIVE,"construction of continuous bench terrace and maintenance cost, which it is all invested by government sector, Land Development Department."
4283,TH,Integrated Soil Management for Organic Vegetables on the Highland Watershed in the Northern Region,other,Baht (THB),32.0,300,area,70 rai,"{'en': '1 ha = 6.25 rai', 'th': '1 ha = 6.25 rai'}",665.63,40.63,21.88,34.540000000000006,509.38,,1272.06,15,,"Construction greenhouse cost, land users support 40%, and Organic Vegetable Production Fund support 60% of this cost.",56.24,,,,115.62,,171.86,3,,Land users purchase 100%,,,VERYPOSITIVE,VERYPOSITIVE,"The most important factor that aﬀects other costs is seed. Manure must be purchased from standard organic source. The Royal Project provides standard seed, and animal manure must be purchased from other provinces that require natural cultivation farming. The source of the materials used can be traced back to the original provider. Labor factors are not impacted because they can help each other, and land users work together in each greenhouse."
4284,BD,Soil Conservation Through Bench Terrace Technology in Highly Degradable Hilly Slopy Areas of Bangladesh,other,Taka( Bangladeshi currency),80.0,500 taka,area,1 acre,,106.25,168.75,36.88,24.87,26.25,,363.0,22,,Department of Agriculture Extension and other Government and non Government organisation,12.5,,,,,,12.5,1,,,POSITIVE,VERYPOSITIVE,VERYPOSITIVE,VERYPOSITIVE,Labour cost is the most important factor that affects the total cost.
4285,BA,Addressing shallow landslides by using wooden pole structures.,USD,,,29.24 USD,unit,Landslide on Borak locality - Kladanj municipalitay,,814.04,935.6,876.0,,1862.0,,4487.64,10,,"So far, introduction of the technology in Kladanj municipality is supported from the municipality's budget (contribution in purchase of materials and hiring of heavy machinery).",,,,,,,,0,,,SLIGHTLYNEGATIVE,POSITIVE,POSITIVE,VERYPOSITIVE,"Prices of the construction materials (poles, laths). 
Hiring costs of heavy machinery (dredge)."
4287,BD,Protection from land degradation through conservation of medicinal plants by involving ethnic communities.,other,BDT,83.0,BDT 500,area,1 hectare,{'en': '2.47 acres'},391.56,61.44,95.18,55.11999999999999,12.05,,615.35,15,,,180.71,,43.370000000000005,45.18,,,269.26,7,,"The project ""One Stop Service: facilitating conservation of medicinal plant and traditional health service to ethnic communities of Chittagong Hill Tracts (CHT) Bangladesh"" covered some maintenance cost of the plantation.",SLIGHTLYNEGATIVE,SLIGHTLYNEGATIVE,VERYPOSITIVE,VERYPOSITIVE,Labor cost
4295,TJ,Cultivation of local juniper species for rehabilitation of degrading woodland pastures,,,,,,,,,,,,,,,0,,,,,,,,,,0,,,NEUTRAL,SLIGHTLYPOSITIVE,SLIGHTLYPOSITIVE,POSITIVE,
4296,TJ,Onion production by greenhouse propagation and transplantation,other,TJS,8.0,20-50,area,hectare,,,,,,,,,0,,,127.5,6.25,532.5,751.88,,924.25,2342.38,22,,,POSITIVE,POSITIVE,POSITIVE,POSITIVE,"Transplanting is an important additional cost factor, compared to conventional sowing. However, costs for seeds is lower despite of use of higher quality seeds of certified sorts."
4300,BD,Afforestation with mangrove plants to protect land degradation,other,BDT,84.0,BDT 500,area,1 ha,{'en': '2.47 acres'},208.33,105.95,107.14,5.95,,,427.37,10,,,166.66,71.43,,2.98,,,241.07,4,,,NEGATIVE,NEGATIVE,POSITIVE,POSITIVE,Labor cost
4303,TJ,Applying zero tillage technology for climate change sensitive rain-fed arable farming,other,TJS,8.0,,area,ha,,,17562.5,,,,,17562.5,1,,,,78.75,80.0,116.25999999999999,,,275.01,9,,,POSITIVE,POSITIVE,POSITIVE,POSITIVE,The costs of machinery and fuel for cultivation of the soil are substantial. The zero tillage technology allows for saving of 75-80% of these costs.
4307,TJ,Applying drip irrigation for efficient irrigation water use in varying contexts,other,TJS,8.0,,area,ha,,1750.0,,,,6875.0,,8625.0,9,,All investment costs of trials had been covered by the project,,,,,,,,0,,,NEGATIVE,POSITIVE,POSITIVE,POSITIVE,"Water supply and storage systems, densities of drip irrigation pipes and drippers."
4311,TJ,Prevention of riverbank erosion by combination of green and grey measures,other,TJS,6.0,,,,,,,,,,,,8,124690.0,"GIZ: Transportation, procurement of materials (as specified) and lead worker fee:  87,940 TJS (13,224 EUR, 70 %); Community: Labour (manual works):  36,722 TJS (5,522 EUR; 30%)",,,,,,,,0,,,POSITIVE,VERYPOSITIVE,VERYPOSITIVE,VERYPOSITIVE,
4312,TH,The application of marl to improve acid soils,,,32.0,384 Baht,area,1 ha,,1.25,3.12,,8.09,,3.74,16.2,6,,-,,,,,,,,1,,-,POSITIVE,NEUTRAL,VERYPOSITIVE,NEUTRAL,"herbicide price, marl price, and labour cost"
4328,HT,Agro-silvo-pastoralisme on north facing slopes,other,HTG,62.0,200,area,0.5ha,,32.26,0.24,43.39,,,4.03,79.92,12,,,161.29,0.24,35.31,,,,196.84,9,,,SLIGHTLYPOSITIVE,POSITIVE,VERYPOSITIVE,POSITIVE,"The price of seeds: If some seeds from the last harvest are kept, there is no need to buy (many) new ones the next season. The price of the seeds varies seasonally. At the time of the harvest prices are low, and in March (beginning of the planting season), they are higher. By planting crops that regrow every season or trees with a long economic life, money can be saved on the cost of seeds.

If the land users take care of their tools, they can last up to 6 years."
4329,BD,Mixed plantation with slow growing indigenous species to protect land degradation,other,BDT,83.0,500,area,hectare,{'en': '2.47 acres'},554.21,192.77,12.05,171.81,12.05,,942.89,16,,,506.03,,60.24,12.05,,,578.32,6,,,SLIGHTLYNEGATIVE,SLIGHTLYNEGATIVE,VERYPOSITIVE,POSITIVE,Labor cost
4333,BD,Creating green shelter-belt through Jhau (Casuarina equisetifolia) plantation in coastal area,other,BDT,83.0,500,area,1 hectare,{'en': '2.47 acres'},277.11,55.42,,82.29,103.61999999999999,,518.44,15,,Cost are not borne by the forest department (land owner) but by the project of World Bank,289.15000000000003,24.1,,,,,313.25,5,,Cost are not borne by the forest department (land owner) but by the project of World Bank,SLIGHTLYNEGATIVE,SLIGHTLYNEGATIVE,POSITIVE,POSITIVE,Labor
4336,TH,Planting sunn hemp as green manure for soil improvement,USD,,,,area,4.45 ha,{'en': '6.25 Rai'},6.4,,,,,300.0,306.4,2,,,,,,,,,,0,,,POSITIVE,POSITIVE,POSITIVE,POSITIVE,
4337,VN,Устойчивое землепользование территории водосборного бассейна Суой Сап,USD,,23375.72,"8,3",area,5349 га,,2250.0,2250.0,444704.94,7920.0,,,457124.94,11,457124.94,В данной технологии оплата труда за счет землепользователя составляет 50%; использование оборудования - 50%; посадочный материал - 75%; остальные затраты покрываются за счет государственных субсидий.,1511.0,100.0,,2640.0,,,4251.0,6,4251.0,"Разница затрат, оплачиваемых землепользователем менее 100% компенсируются за счет государственных субсидий.",SLIGHTLYPOSITIVE,SLIGHTLYPOSITIVE,POSITIVE,POSITIVE,"Одним из основных факторов, оказывающих влияние на проведение мероприятий по реализации проекта является необходимость разъяснения землепользователям целесообразность более эффективного использования сельскохозяйственных территорий  с учетом сохранения их плодородия и экологического состояния в процессе интенсификации аграрного производства. Заинтересованность землепользователь и членов сельских общин во многом зависит от финансовых вложений и сроков окупаемости затрат. Общая стоимость запуска Технологии составляют 457125$ США. Кроме того, общая стоимость поддержания Технологии  составляет 4251$ США. Доля финансовых вложений землепользователей будет зависеть от уверенности в получении значимой прибыли после внедрения Технологии. Для этого необходимы экономические расчеты, дающие прогноз в эффективности Технологии на ближайшие 10 лет."
4367,BA,Afforestation of bare land in karst areas,other,BAM,1.65,,area,per 1 hectare,,1757.58,0.61,3909.09,87.88,320.61,3.03,6078.8,9,,,212.12,,,,212.12,,424.24,2,,,NEUTRAL,SLIGHTLYPOSITIVE,POSITIVE,SLIGHTLYPOSITIVE,"Character of terrain planned for afforestation, costs of labour and plant material. Prices are different every year."
4372,BD,Assisted Natural Regeneration,other,BDT,84.0,500 BDT,area,1 hectare,{'en': '1 ha = 2.47 acres'},113.09,42.85,,29.76,11.9,,197.6,9,,Bangladesh forest department is the land user and the total cost of the establishment borne by CREL project,327.39000000000004,11.9,,,,,339.29,5,,The 4th year weeding and 5th year climber cutting borne by forest department,SLIGHTLYNEGATIVE,SLIGHTLYNEGATIVE,VERYPOSITIVE,VERYPOSITIVE,The most important factor affecting the costs is labor
4391,TH,Using shallow wells for crops and lowering the saline groundwater table,other,THB,,300 THB,area,"21 rai own by one selected land user....(e.g. 24 acres, 4.5 hectares)",{'en': '1 hectare =…6.25 rai'},,,,,,,,20,,"The Land Development Department supports expenses for drilling shallow wells approximately 100,000 THB. The land users are involved in the maintenance of shallow wells at the 2nd year about 2,000 THB and pay for cost of maintenance and electricity bills about 1,200 baht per month for 9 months. Moreover, land users have to paid for farm pond construction under farm pond project of LDD about 2,500 THB.",,,,,,,,2,,,POSITIVE,POSITIVE,VERYPOSITIVE,VERYPOSITIVE,"Cost of shallow wells implementation at the 1st year consists of 100,000 THB of labor hiring, equipment, and installation. Besides, land users have to pay 2,500 THB for farm pond construction

The expenditure at the 1st year in 2014, pumping groundwater needs to use electricity 8 hours/ 270 day. The amount of water pumping has distributed to 13 rai of rice fields, 1.5 rai of sugar cane fields, 1 rai of chilies, galangal and lemongrass fields. The expenditure at the 1st year with 19 rai is 42,050 THB combine with electricity charge 10,800 THB. Thus, the grand total of expenditure is 52,850 THB. 
The income from crop production at 1st year, land users sold rice yield and got 109,200 THB (the average amount of yield is 560 kg/rai, totally gain yield is 7,280 kg, price of rice yield is 15 THB/kg). Land users got 40,500 THB from sugar cane production (the average amount of yield is 30 ton/rai, totally gain yield is 45 ton, price of sugar cane yield is 900 THB/ton). Moreover, land users also got 2,000 THB/month or 24,000 THB/year from chilies, galangal,  and lemongrass production. Thus, the grand total of income is 173,700 THB and net income is 120,850 THB
Cost and income at 2nd year in 2015 are described as following;
The expenditure at 2nd year in 2015, pumping groundwater needs to use electricity 8 hours/ 270 day. The amount of water pumping has distributed to 13 rai of rice fields, 1.5 rai of sugar cane fields, 1 rai of sweet bamboo, 1 rai of chilies, galangal and lemongrass fields and 0.5 rai of reed fields. The expenditure at the 2nd year is 40,475 THB combine with electricity charge 10,800 THB and 2,000 THB of water pump modifying fee Thus, the grand total of expenditure is 51,275 THB. 
The income from crop production at the  2nd year, land users sold rice yield and got 109,200 THB (the average amount of yield is 560 kg/rai, totally gain yield is 7,280 kg, price of rice yield is 15 THB/kg). Land users got 40,500 THB from sugar cane production (the average amount of yield is 30 ton/rai, totally gain yield is 45 ton, price of sugar cane yield is 900 THB/ton). Moreover, land users also got 3,500 THB/month or 42,000 THB/year from reed, sweet bamboo, chilies, galanga, and lemongrass production. Thus, the grand total of income is 191,700 THB and net income is 140,425 THB

The expenditure at the 3rd year in 2016, pumping groundwater needs to use electricity 8 hours/ 270 day. The amount of water pumping has distributed to 13 rai of rice fields, 1.5 rai of sugar cane fields, 1 rai of sweet bamboo, 1 rai of chilies, galangal and lemongrass fields and 1 rai of reed fields and 0.5 rai of reed. The expenditure at the 3rd year is 40,800 THB combine with electricity charge 10,800 THB and 2,000 THB of water pump modifying fee Thus, the grand total of expenditure is 51,600 THB. 
The income from crop production at 3rd year, land users sold rice yield and got 109,200 THB (the average amount of yield is 560 kg/rai, totally gain yield is 7,280 kg, price of rice yield is 15 THB/kg). Land users got 40,500 THB from sugar cane production (the average amount of yield is 30 ton/rai, totally gain yield is 45 ton, price of sugar cane yield is 900 THB/ton). Moreover, land users also got 3,500 THB/month or 42,000 THB/year from reed, sweet bamboo, chilies, galangal, and lemongrass production. Thus, the grand total of income is 191,700 THB and net income is 140,100 THB

The expenditure at the 4th year in 2017, pumping groundwater needs to use electricity 8 hours/ 270 day. The amount of water pumping has distributed to 13 rai of rice fields, 1.5 rai of sugar cane fields, 1 rai of sweet bamboo, 1 rai of chilies, galangal and lemongrass fields and 1 rai of reed fields and 0.5 rai of reed. The expenditure at the 4th year is 37,125 THB combine with electricity charge 10,800 THB and 2,000 THB of water pump modifying fee Thus, the grand total of expenditure is 47,925 THB. 
The income from crop production at 4th year, land users sold rice yield and got 109,200 THB (the average amount of yield is 560 kg/rai, totally gain yield is 7,280 kg, price of rice yield is 15 THB/kg). Land users got 40,500 THB from sugar cane production (the average amount of yield is 30 ton/rai, totally gain yield is 45 ton, price of sugar cane yield is 900 THB/ton). Moreover, land users also got 3,500 THB/month or 42,000 THB/year from reed, sweet bamboo, chilies, galangal, and lemongrass production. Thus, the grand total of income is 191,700 THB and net income is 143,775 THB

The expenditure at the 5th year in 2018, pumping groundwater needs to use electricity 8 hours/ 270 day. The amount of water pumping has distributed to 13 rai of rice fields, 1.5 rai of sugar cane  fields, 1 rai of sweet bamboo, 1 rai of banana, 1 rai of chilies, galangal and lemongrass fields,1 rai of reed"
4571,NI,Cercas vivas,other,cordobas,33.13,190,unit,Metros lineales,,40.14,18.72,43.76,,83.30000000000001,,185.92,9,,"Las plantas forestales, grapas y alambre de púas lo facilitó el PGCCRD",11.47,,12.98,,,,24.45,3,,,SLIGHTLYPOSITIVE,NEUTRAL,POSITIVE,POSITIVE,"Los costos son afectados debido al precio de la mano de obra; asi mismo porque en la zona alta de la cuenca del Río Dipilto, no hay postes, estos tienen que ser llevados desde la zona media de la cuenca, o desde municipios vecinos del corredor seco; lo que se altera por el costo de transporte."
4572,NI,Obras de bioingeniería para evitar erosión de suelo,other,córdobas,33.13,,area,50 hectáreas,,,12387.12,,,121337.75,103477.95,237202.82,4,,,1358.2900000000002,,,,,,1358.29,2,,,,,,,Escases de materiales ty mano de obra calificada
4574,NI,Sistema de recolección de agua de lluvia,other,Córdoba,33.0,300,unit,"Tanque plástico de almacenamiento, canales pvc con sus accesorios, pega pvc, cemento, arena, mano de obra",,45.45,,,,256.96999999999997,,302.42,8,,Programa de Gestión Comunitaria de la Cuenca del Río Dipilto,24.24,,,,,0.91,25.15,3,,,POSITIVE,POSITIVE,POSITIVE,POSITIVE,"La pobreza
La falta de empleo"
4576,NI,Hornos mejorados,USD,,,,unit,Horno mejorado,,46.0,78.0,2.0,,277.0,282.45,685.45,18,,"El resto de los costos no cubiertos por el usuario, fue asumido por el Programa Gestión Comunitario de la Cuenca del Río Dipilto",,,,,,,,0,,,SLIGHTLYPOSITIVE,POSITIVE,SLIGHTLYPOSITIVE,POSITIVE,Ninguno
4577,NI,Barreras vivas,,,,210 cordoba,unit,metros lineales,,,,,,,,,9,,,,,,,,,,5,,,POSITIVE,VERYPOSITIVE,POSITIVE,VERYPOSITIVE,
4578,NI,Ecofogón Modelo Justa,other,Cordoba,33.0,,unit,Ecofogón,,54.54,,,,136.13000000000002,5.16,195.83,12,,El Programa Gestión Comunitaria de la cuenca del rió Dipílto,43.64,,,,,,43.64,1,,,POSITIVE,POSITIVE,POSITIVE,POSITIVE,
4579,NI,Sistema de tratamiento de aguas mieles,other,Córdoba,32.59,150,unit,metros cuadrados,,32.22,,,,557.66,171.82999999999998,761.71,13,,Programa de Gestión comunitaria de la cuenca del río Dipilto.,4.6,,,,16.880000000000003,,21.48,5,,,POSITIVE,POSITIVE,POSITIVE,POSITIVE,La disponibilidad de los materiales que sirven como filtro en el sistema de tratamiento de aguas mieles pueden no estar disponibles en todas las zonas de los usuarios de la tierra por lo que se requiere de un costo adicional de transporte para obtenerlos.
4582,NI,Sistema de captación de agua pluvial en techo,other,Córdoba,32.68,300.00,unit,Sistema de Captación de agua y almacenamiento,,301.40999999999997,,,,587.6700000000001,91.49000000000001,980.57,17,,Programa de Gestión comunitaria de la Cuenca del Río Dipilto,39.78,,,,15.91,,55.69,6,,,POSITIVE,POSITIVE,VERYPOSITIVE,VERYPOSITIVE,Materiales que no poseen las familias.
4584,NI,Caldo Sulfocalcico,,,32.6,C$ 150.00 ciento cincueta cordobas por dia de trabajo,unit,Cuenca Rio Dipilto,,99.05,,,,,,99.05,6,3229.0,El Programa de Gestion Comunitaria de la Cuenca del Rio Dipilto,,,,,,,,0,,,SLIGHTLYPOSITIVE,POSITIVE,SLIGHTLYPOSITIVE,POSITIVE,
4585,NI,Biofiltro para tratamiento de aguas grises,,,33.3,C$ 150.00 (ciento cincuenta cordobas netos),unit,"3 mt de largo por 0.4 mts de ancho por 0.4 mt de alto, dividido en 4 compartimentos  de 0.75 mts cada uno.",,24.02,80.42,,,153.29999999999998,,257.74,12,257.75,Programa de gestión comunitaria de la cuenca del rió Dipilto,27.03,,,,31.53,,58.56,3,58.56,,POSITIVE,POSITIVE,,POSITIVE,Solamente el costo de transporte de los materiales desde el mercado hasta la finca/hogar
4591,LS,In-field rain water harvesting,USD,,,4.6 US dollars,area,0.2 ha,{'en': 'N/A'},5.0,36.0,26.0,,40.0,,107.0,6,,Government,18.0,,,,,,18.0,2,,Government,NEUTRAL,SLIGHTLYNEGATIVE,POSITIVE,NEUTRAL,Government annual budget affects inputs and labour
4594,LS,Brush Layering,USD,,,4.6,area,0.25ha,{'en': 'N/A'},5.0,16.0,,,,,21.0,2,21.0,Government,,,,,,,,1,,Government,SLIGHTLYPOSITIVE,NEUTRAL,POSITIVE,NEUTRAL,"The technology is a free one, anybody even a layman does implement it. Herders at cattle post do implement it. There are no costs incurred to implement it.
The implementation as well as maintenance are least cost effective"
4595,LS,Gully head structure,USD,,13.0,4.6,area,0.01ha,{'en': 'N/A'},5.0,875.0,6.0,,150.0,,1036.0,7,,Government,5.0,,,,,,5.0,1,,Government,NEUTRAL,NEUTRAL,SLIGHTLYPOSITIVE,SLIGHTLYPOSITIVE,National budget
4670,BD,"Strip tillage wheat production in degraded terraces of High Barind Tract, Rajshahi",USD,,,USD 4.7,area,Bigha,{'en': '1 Hectare = 7.48 Bigha'},,,,,,,,0,,,37.6,18.21,10.62,31.78,,,98.21,10,,,POSITIVE,VERYPOSITIVE,VERYPOSITIVE,VERYPOSITIVE,"Time of seed sowing: the yield will reduce after 30 November
Irrigation: it is critical in tillering and penicle initiation stage, the yield may reduced. The source of irrigation is BMDA deep tubewell and from canal."
4671,BD,Alternate wetting and drying (AWD) method in rice cultivation,USD,,,USD 5.0,area,1 Hectare,,5.0,12.8,,,,,17.8,2,,,345.0,111.0,19.5,142.7,,205.0,823.2,16,,,POSITIVE,VERYPOSITIVE,POSITIVE,VERYPOSITIVE,- Irrigation according to wetting and drying regimes
4732,BD,Mound plantation in coastal area with non-mangrove plant species for land stabilization,other,BDT,84.0,500 BDT,area,1 ha,{'en': '1 ha=2.47 acres'},1142.86,133.93,71.43,52.62,11.9,11.9,1424.64,14,,,291.66999999999996,,8.33,26.79,,,326.79,6,,,NEGATIVE,NEGATIVE,VERYPOSITIVE,VERYPOSITIVE,Labor
4830,BD,Coppice management of Sal (Shorea robusta) forest,other,BDT,84.0,500 BDT,area,1 ha,{'en': '2.47 acres'},130.95000000000002,23.81,,95.24,,,250.0,5,,,214.29000000000002,23.81,,,,,238.1,5,,,SLIGHTLYNEGATIVE,SLIGHTLYNEGATIVE,VERYPOSITIVE,VERYPOSITIVE,Labor cost
500,RS,New patented technology of raising forest and orchards in the extremely unfavorable environmental conditions,other,€ (Euro),,35€ (gross amount),area,1ha,,,,,,,,,10,,,,,,,,,,1,,,SLIGHTLYPOSITIVE,POSITIVE,SLIGHTLYPOSITIVE,VERYPOSITIVE,
5012,GB,Reduced tillage - Non-inversion and shallow cultivation in organic systems,other,GBP,0.82,£90,area,4 ha,{'en': 'Approx. £45/ha – about 25% less than ‘deep ploughing’'},109.76,13634.14,,,,73.17,13817.07,4,,,,,,,,,,0,,,SLIGHTLYPOSITIVE,NEUTRAL,POSITIVE,SLIGHTLYPOSITIVE,"Most important factors affecting cost are decreased time spent ploughing and lower diesel cost, reducing establishment costs by £15 per ha."
507,KE,Farmer Managed Natural Regeneration (FMNR),other,KES,100.0,400 Kenyan Shillings,area,1,{'en': 'ha'},160.0,106.0,60.0,,,,326.0,13,32600.0,The farmer harvest wood and non-wood products like honey and grass. Often FMNR is combined with agriculture or animal husbandry. As the crop yield increases the farmer can invest in more equipment and tools.,40.0,32.0,,,,,72.0,6,14600.0,The farmer harvest wood and non-wood products like honey and grass. Often FMNR is combined with agriculture or animal husbandry. As the crop yield increases the farmer can invest in more equipment and tools.,POSITIVE,SLIGHTLYPOSITIVE,POSITIVE,VERYPOSITIVE,Size of the FMNR site and the density and age of trees. Important precondition is fencing off the sites/ protection of trees against livestock. Most of the equipment needed is part of the normal agricultural tool set.
513,BO,Dynamic agroforestry systems,other,BOB,,100 BOB,area,1 hectare,,,,,,,,,0,,,,,,,,,,0,1000.0,,SLIGHTLYNEGATIVE,VERYPOSITIVE,POSITIVE,SLIGHTLYPOSITIVE,Available labor
514,BO,"Defensivo de piedra tipo ""acantilado""",USD,,,20 USD/dia,area,10 ha.,{},1310.0,6660.0,,,2700.0,584.0,11254.0,7,,El Proyecto reducción del riesgo de desastres financió el proyecto y la comunidad dio la mano de obra y el acopio de materiales.,,,,,,,,0,,,POSITIVE,POSITIVE,POSITIVE,POSITIVE,"Distancia y tiempo donde a la que se encuentra el banco de materiales, específicamente las piedras o rocas."
5150,MA,Limitation du cheptel dans les parcours,other,Dirham Marocain,10.0,,,,,,,,,,,,0,,,,,,,,,,0,,,,POSITIVE,,POSITIVE,"La limite du cheptel ne coûte rien, sauf en cas de non-respect qui nécessite l'intervention de l'autorité locale."
5166,MA,Agdal,other,DH marocains,10.0,,,,,,,,,,,,0,,,,,,,,,,0,,,,NEGATIVE,,SLIGHTLYPOSITIVE,"Des coûts existeraient pour implémenter de nouveaux agdals car il faudrait organiser des ateliers de négociations impliquant toute la population. Une fois qu'un agdal est en place, les coûts dépendent des discussions et des situations avec les utilisateurs des terres, allant d'aucune discussion à des discussions sans ﬁn."
5171,BD,Mainstreaming river water to facilitate irrigation in Barind,other,BDT,85.0,800 BDT,unit,"1 Pontoon, Pumps, Pipes, weir construction etc",,,,,,990588.23,1020176.48,2010764.71,9,1439.02,none,,235.29,,,0.0,10529.41,10764.7,8,11.0,Land users share their participation in kinds and allowing installation of pipelines and other infrastructure,SLIGHTLYNEGATIVE,NEGATIVE,VERYPOSITIVE,POSITIVE,"Pontoon construction, power supply and lining of the underground piping system."
5172,KG,Application of crop rotation in farming conditions,other,soms,69.7,"500 soms in remote areas, 1000 soms in the city",area,1 ha,,147.06,215.20000000000002,555.24,200.86,,,1118.36,19,,"Contribution from Land user - 55.1%, contribution from project  - 44.9%",22.96,,,,,,22.96,2,22.96,"FAO/GEF Project ""Sustainable Management of Mountain Forests and Land Resources under Climate Change""",POSITIVE,VERYPOSITIVE,VERYPOSITIVE,POSITIVE,"Selection of agricultural crops that are suitable for the application of technology. Timely irrigation, spraying, weeding and fertilization will have a positive effect on crop yields and income."
5173,KG,Применение зеленых (сидератов) удобрений для повышения плодородия почв и предотвращения деградации,other,Сом,69.7,"500 сом в отделаенных регионах, 1000 сом в городе",area,1 га,,63.129999999999995,,53.8,21.52,,76.60000000000001,215.05,13,,Проект поддерживал внедрение данной технологии и покрыл все расходы 100%,35.34,,54.88,21.52,,,111.74,7,,"от общего расхода по поддержанию технологии затраты землепользователя составляет 16,4%, остальные затраты покрывались проектом",POSITIVE,POSITIVE,VERYPOSITIVE,POSITIVE,"Получение урожайности, улучшение социально-экономических условий землепользователя, улучшение качества почвы и повышение влагостойкости почвы."
5176,MA,"Plantation de frêne (Fraxinus dimorpha) pour la lutte contre l'érosion, comme fourrage, et comme bois de feu",other,DH marocains,10.0,70 DH de salaire minimum en agriculture.,unit,ha,,74000.0,2625.0,15000.0,,8200.0,,99825.0,13,,"La FAO a financé les travaux, les services forestiers ont fourni les arbres et arbustes.",,,,,,,,0,,,NEGATIVE,,,,"Les facteurs qui aﬀectent le plus les coûts sont la volonté et l'engagement de la communauté locale. Si cet engagement n'est pas là, tout eﬀort de reforestation est vain."
5181,MA,Parcelle agroforestière expérimentale à Flilou,other,Dirham,9.56,Entre 80 DH et 100 DH,area,"0,8 hectare",,19811.710000000003,2876.57,3138.08,,16621.45,470.71,42918.52,11,,"La FAO a financé les travaux, les services forestiers ont fourni les arbres et arbustes.",,,,,,,,0,,,,,,,Le taux de réussite de la végétation plantée (le taux des plantes desséchés qui doivent être remplacées) est ce qui aﬀecte le plus les coûts en plus des travaux pour mettre en place les banquettes.
5182,NP,Gravity-Fed Multiple Use Water System (MUWS) : Odaltaal,other,NPR,110.0,N/A ( voluntary labour from each household),area,5-6 dhurs,{'en': '1 ha = 590 dhurs'},,5454.55,,,,,5454.55,6,,"1.Village Developmment Committee:NPR. 2,63,000 2.Sundar Nepal NGO: ~ NPR. 2,77,000 3.Water – Users : NPR. 60,000",,1136.3700000000001,,,,,1136.37,3,,The non-governmental organizations and government offices (Village Development Committee) have expressed an interest to help financially in the construction of another drinking water tank and GI pipes laying should the need arise.,POSITIVE,POSITIVE,,,"The construction materials- rods, concrete, cement, bricks and Galvanized Iron (GI) pipes would cost the most"
5185,NP,Odaltaal-10 Single Use Water System,other,NPR,113.0,N/A,area,10 Dhurs,{'en': '1 ha= 590.70 dhurs'},,,,,,,,3,1400.0,"Village Development Committee contributed 100% of costs, pipeline contributed by a NGO ( RRN), DFID helped with other miscellaneous costs and Newasanstha helping with other running costs.",,,,,,,,2,700.0,"Non-Governmental organizations like DFID, NewaSanstha and Village Development Committee contributed from time to time",SLIGHTLYPOSITIVE,SLIGHTLYPOSITIVE,SLIGHTLYPOSITIVE,SLIGHTLYPOSITIVE,"The construction materials, pipelines were the ones which costed the most."
5186,GB,Silvopastoral Agroforestry – Perry pears and timber with mob grazed young dairy stock,other,British pound,0.73,Approx. £150,area,19 hectares,{'en': '1 ha = 2.47 acres'},,,,,,,,0,14500.0,,,,,,,,,0,1500.0,,NEUTRAL,NEUTRAL,,,"Type of tree, type of fencing and weather related impacts."
5187,NL,Field Margin Strips,other,Euro,0.89,100 euro,unit,1 ha,,280.9,308.97999999999996,808.99,224.72,,,1623.59,7,,,84.27,84.26,,,,,168.53,3,,,SLIGHTLYNEGATIVE,SLIGHTLYNEGATIVE,NEUTRAL,NEUTRAL,Seed mixture choice can vary in price and weed control can be challenging
5193,IN,Recharge Ponds and Recharge Trenches,other,INR,70.0,400 INR,unit,"2 Ponds, 1 Overflow Canal, 20 Recharge trenches",,685.71,265.71,,,,,951.42,9,,,91.43,,,,,,91.43,2,,,NEUTRAL,NEUTRAL,VERYPOSITIVE,VERYPOSITIVE,"-Amount of siltation accumulated in the recharge structures (more debris/soil accumulation requires more maintenance and labor days) 
-Labor availability"
5200,NP,Multiple Use Water System ( Gravity-Fed ),other,NPR,110.0,N/A ( voluntary labour from each household),area,5-6 dhurs,{'en': '1 hectare = 590.70 dhurs'},2105.45,2174.39,,,,,4279.84,4,470783.0,"Village Developmment Committee, Anukulan Project (under UK-AID) NGO, Sundar Nepal (NGO)",,109.09,,,,,109.09,2,,,POSITIVE,POSITIVE,,,PVC Pipes costs.
5201,IN,Stone Wall Fencing and Firebreak for Forest Protection,other,INR,70.0,400 INR / person,unit,Protective stone wall,,25428.57,942.8700000000001,,,,,26371.44,10,,,857.1399999999999,583.59,,,,,1440.73,10,,"Uttarakhand Forest Department, JICA",SLIGHTLYPOSITIVE,POSITIVE,POSITIVE,POSITIVE,"Labor availability, extent of structural damage to the wall"
5210,IN,Stone Check Walls and Check Dams for Soil and Water Conservation,other,INR,70.0,400 INR per head/day,unit,1. Small Check Dams 2. Large Check Walls 3. Water Diversion Wall 4. Bhind Check Walls/Retainment wall,,794.2799999999999,942.8700000000001,64.29,,1007.5,,2808.94,19,,"Uttarakhand Forest Department (Government), JICA (Japan International Cooperation Agency)",85.71000000000001,16.130000000000003,,,,,101.84,11,,,POSITIVE,POSITIVE,VERYPOSITIVE,POSITIVE,"Size of the check dam/check wall
Frequency and intensity of the damage to the structures
Labor availability"
5243,IN,"Broadleaf Plantations, Assisted Tree Regeneration and Fodder Nurseries for Sustainable Forest Management",other,INR,70.0,400 INR,area,"Afforested Community Forest: 7 hectares, G.B. Pant Plantation: 2 hectares, Fodder Nursery: 1 hectare",,2842.85,528.5799999999999,1030.8600000000001,199.99999999999997,,704.28,5306.57,14,,"UTFD (Forest Department): funds mobilized by the MNEGRA (Mahatma Gandhi National Rural Employment Guarantee Act), JICA, G.B. Pant, NGO Himalayan Sewa Samiti (Sir Ratan Tata Trust's Contribution)",100.0,,,,,,100.0,2,,"UTFD (Forest Department): funds mobilized by the MNEGRA (Mahatma Gandhi National Rural Employment Guarantee Act), JICA, NGO Himalayan Sewa Samiti (Sir Ratan Tata Trust's Contribution)",POSITIVE,SLIGHTLYPOSITIVE,VERYPOSITIVE,VERYPOSITIVE,"-Length and amount of available funding, as plantation projects require substantial investment and long term care.

-Damage or survival rate of the saplings/trees/fodder species can be severely affected by climatic, anthropogenic, or wildlife disturbances. The success and cost of a plantation and nursery project can vary widely depending on size, topographic characteristics, access, labor availability and overall appropriateness of site selection."
5246,TH,Biochar application for land improvement,,,31.9,10,unit,Klin,,22.45,1.88,,,,,24.33,7,,,4.14,0.31,0.94,,,1.7000000000000002,7.09,6,,,SLIGHTLYPOSITIVE,SLIGHTLYNEGATIVE,POSITIVE,SLIGHTLYNEGATIVE,construction materials
527,HT,Traitement des ravines,USD,,,environ 4 dollars,unit,par seuil,,64.0,46.0,,,,,110.0,5,,Les coûts restants sont subventionnés par le projet.,15.0,,,,,,15.0,1,,subventions par le projet,SLIGHTLYPOSITIVE,SLIGHTLYPOSITIVE,POSITIVE,SLIGHTLYPOSITIVE,"La main d’œuvre, s'il elle est importante, et que les exploitants ne sont pas propriétaires du terrain, peut être un facteur de coût significatif."
5380,NL,Increasing organic matter content on arable land,other,Euro,0.85,150,area,1ha,{'en': '1ha = 2.47 acres'},2470.58,,1411.76,1411.76,,,5294.1,7,,,,,,,,,,0,,n/a,POSITIVE,POSITIVE,POSITIVE,POSITIVE,"The cost of the mushroom compost, yet this is a waste product and so could become a cheaper option."
5381,NL,Flower strips on paths within crops to support functional agrobiodiversity,other,Euro,0.85,150,area,0.5m wide 'micro-strip',,105.88,,352.94,,,,458.82,3,,The EU Interreg FABulous Farmers project,,,,,,,,0,,,SLIGHTLYPOSITIVE,SLIGHTLYPOSITIVE,SLIGHTLYPOSITIVE,SLIGHTLYPOSITIVE,"The price of seed mix required. 
If implementing this technology in a new area the cost of equipment would also be required, but not required at this site as the general practice of wildflower strips is already being used."
540,PK,Sub-surface water harvesting for an efficient use of water resources,USD,,,"Skilled labour: 12 USD/day, unskilled labour: 6 USD /day",unit,"Infiltration gallery: conveyance, collection chamber and tank",,4098.0,2950.0,,,6992.5,6550.0,20590.5,9,,"Project / Government partner - i.e. on Farm Water Management department & public Health engineering Department, shared the cost at the ratio of 80 % : 20 %.",,,,,,,,0,,,POSITIVE,POSITIVE,VERYPOSITIVE,POSITIVE,"- Length of the infiltration gallery
- Length of the conveyance line
- Size of storage tank (not alway included)"
542,AF,Gully treatment,USD,,67.0,5.2-5.3 USD,unit,gully,,127.19999999999999,62.2,43.0,,44.94,,277.34,14,,Livelihood Improvement Project Takhar  (LIPT) implemented by Terre des hommes (Tdh) Switzerland,111.5,,,,,,111.5,2,,,VERYPOSITIVE,,VERYPOSITIVE,,"Due to the remoteness of the villages where the technology has been implemented, all the inputs for establishment, such as agricultural equipment, plant material, fertilizers, construction material, etc., are purchased in Rustaq town. The expenses for traveling and delivering the inputs affect the establishment costs."
5488,GE,Remote Sensing as a Tool for Land Degradation Neutrality Monitoring,USD,,,100,area,1000 km2,,24000.0,,,,,,24000.0,4,,,8000.0,,,,,,8000.0,3,,,NEUTRAL,NEUTRAL,POSITIVE,SLIGHTLYPOSITIVE,"Field sample collection; 
Remote sensing experts."
5494,SI,Conservation tillage with incorporated mulched plant residues (mulch-till),other,EUR,0.9,50 EUR,area,30 ha,,,47513.89,,,,,47513.89,7,,50% - Agency for agricultural payments (EU funds); 25% - sharred among farmers,118.06,216.67,,,,,334.73,8,,,SLIGHTLYNEGATIVE,SLIGHTLYPOSITIVE,POSITIVE,POSITIVE,"The starting cost - The type of machinery is needed that has to be robust and heavy to much-till and seed into the soil.
The machinery must be in use to return a profit. Working hours are reduced now (no ploughing). Machine operators with more competences can reduce costs."
550,BD,Pond Sand Filter (PSF) with Raised Embankment,USD,,,5 $ per day for labor,unit,Pond Sand Filter with raised earthen embankment,,1225.0,150.0,,27.0,914.5,185.0,2501.5,13,,"The project requested 10% contribution in kind (materials, transport, labor) from each community. The remaining costs were covered by the project.",120.0,,,10.0,,,130.0,3,,,SLIGHTLYPOSITIVE,NEUTRAL,POSITIVE,POSITIVE,"Comparatively, construction materials costs was reflected as the most expensive consideration."
5504,BD,Minimizing soil erosion through Natural Vegetative Strip (NVS) practice in slope cultivation,other,BDT,84.0,600 BDT,area,1 acre,{'en': '1 acre = 0.4 ha'},235.71,59.52,64.28,244.04000000000002,35.71,23.81,663.07,14,,,35.71,,,,,,35.71,1,,,SLIGHTLYPOSITIVE,POSITIVE,VERYPOSITIVE,VERYPOSITIVE,"The cost depends on the slope. Steep slopes require more natural vegetative strips to reduce soil erosion. Hence, the cost is higher for steep slopes."
5578,BE,Crop rotation,other,€,0.91,,area,,,,,,,,2197.8,2197.8,1,,NA,,,,,,,,0,,,SLIGHTLYNEGATIVE,SLIGHTLYNEGATIVE,POSITIVE,POSITIVE,
5610,PK,Solar Power Water Lifting and  Application to Orchard through Drip Irrigation,USD,,,US$ 14.5 for skilled person and US$ 7.5 for unskilled person,unit,"Technological package at two sites ( solar  system, water storage tank, drip,  orchard establishment, and mulch) , same package is applied in two sites separately.  Total  area of two sites  is 5 ha",,7698.98,,287.1,,36585.8,,44571.88,10,,The technological package was designed and implemented by ICIMOD's Indus Basin Initiative  with partners and contributes to the sustainable Development Investment Portfolio and is supported by the Australian Aid program.,200.2,,28.71,,,,228.91,4,,,NEGATIVE,NEGATIVE,POSITIVE,VERYPOSITIVE,Equipment and labor
5613,BD,Sorjan - growing vegetables on raised beds in waterlogged areas,other,BDT,85.0,100-200 BDT,area,acre,{'en': '1 acre = 0.4 ha'},94.12,,,,352.94,,447.06,3,,,,,,,,,,4,400.0,,POSITIVE,POSITIVE,VERYPOSITIVE,VERYPOSITIVE,Number of labour-days required to establish and repair earthworks and netting structure
5617,LU,Common Agricultural Policy (CAP) agri-environment-climate measure: Rotation program,other,€,0.91,,area,7006 ha,,75.82,,142.86,339.56,,40.66,598.9,5,,,,,,,,,,0,,,SLIGHTLYNEGATIVE,NEUTRAL,POSITIVE,POSITIVE,"Yields, market prices, logistical difficulties"
5620,BE,Flower strips on field margins to attract beneficial insects,other,€,0.91,240,area,1 ha,{'en': '1ha - 2.47 acres'},791.21,,989.01,,,549.45,2329.67,6,,,,,,,,,,0,,,POSITIVE,,POSITIVE,,"Cost of seed mix
Cost of machines to embed and maintain the flower strips if not already available to farmer"
5621,LK,Individual platforms and contour platforms,USD,,,840 USD per 1/4 acre of land,area,0.25 acre,,615.0,,120.0,75.0,120.15,,930.15,6,,The project on Rehabilitation of Degraded Agriculture Lands implemented by Food and Agriculture Organization of the United Nations and funded by Global Environmental Facility,120.0,,,,,,120.0,2,,,POSITIVE,POSITIVE,POSITIVE,POSITIVE,"Steepness of the slope is greatly determining the labour cost requirement for the construction of individual platforms and contour platforms. The cost of coconut husk is another cost component for conservation.
Maintenance is mostly depending on ground grass cover and periodical maintenance."
5644,FR,Hedgerows as shelter belts along agricultural fields,other,€,0.9,120,unit,per 1 km of new / replanted hedgerow,,1560.0,5.56,4222.219999999999,,,,5787.78,8,,local community / subsidy,26.67,11.11,,,,,37.78,2,,,NEGATIVE,NEUTRAL,SLIGHTLYPOSITIVE,NEUTRAL,"Time necessary for maintenance,
Good training to do quality work"
5645,FR,Alley cropping - Agroforestry,other,€,0.9,120,area,1 ha,{'en': '1ha = 2.47 acres'},173.34,16.67,166.67000000000002,,66.67,,423.35,8,,Local community and grant funding,400.0,55.56,,,,,455.56,3,,,NEGATIVE,SLIGHTLYNEGATIVE,SLIGHTLYPOSITIVE,NEUTRAL,"Time necessary for maintenance.
Good training to do quality work."
5673,KZ,Conservation Agriculture for cereal production in rainfed areas of Kazakhstan,USD,,,22 USD,area,330 ha,,5339.4,18879.9,6930.0,11550.0,,4250.4,46949.7,10,,"The contribution from land users (4 Farms) were amounted to 18 767,7 USD. The remaining costs were covered by the funds of the project FAO / TCP / KAZ / 2801 (T) Project “Conservation Agriculture for Sustainable Crop Production in Northern Kazakhstan”",5339.4,18879.9,6930.0,10477.5,,4250.4,45877.2,10,,The contribution from land users (4 Farms) amounted to 18767.7 USD. The remaining costs were covered by the funds of the project FAO / TCP / KAZ / 2801 (T) Project “Conservation Agriculture for Sustainable Crop Production in Northern Kazakhstan”,NEUTRAL,SLIGHTLYPOSITIVE,POSITIVE,VERYPOSITIVE,"CA technology shows some clear economic advantages compared to the traditional system.  Production costs for CA are slightly higher, associated primarily with the cost of glyphosate. But they are partially reimbursed by lower costs fot labor, fuel and ownership costs associated with a slight reduction in equipment use. However, additional revenue associated with the higher yields experienced for CA compensates for the higher production costs."
5676,FR,Strip till to improve maize establishment,other,€,0.9,120,area,30 ha,{'en': '1 ha = 2.47 acres'},333.33000000000004,15694.449999999999,,,,,16027.78,4,,,333.33000000000004,250.0,,,,,583.33,4,,,VERYPOSITIVE,VERYPOSITIVE,POSITIVE,POSITIVE,"The initial investment to buy the strip till is high, but its cost by passage is lower than ploughing or other simplified techniques of implantation."
5678,FR,Rotation 2+2 of cereals in a no-tillage system,other,€,0.9,Not known,area,1 ha,{'en': '1 ha = 2.47 acres'},,,,,,,,0,,,444.44,86.67,55.56,107.78,,,694.45,11,,,VERYPOSITIVE,VERYPOSITIVE,POSITIVE,POSITIVE,There is no change in cost between the initial rotation (wheat-maize-wheat-maize) and the rotation 2+2.
5680,FR,"Vegetation cover management on an organic, mixed livestock-crop farm",other,€,0.9,"Gross hourly minimum wage: €10.15 on 1 January 2020, i.e. €1,539.42 monthly on the basis of the legal working week of 35 hours.",area,1 ha,,,11431.11,27995.559999999998,,,,39426.67,7,,,,,,,,,,0,,,SLIGHTLYPOSITIVE,NEUTRAL,SLIGHTLYPOSITIVE,NEUTRAL,"Direct sowing equipment, destruction with 2 passes of rolling spade, cost of purchasing ""biomax"" mixture"
5681,FR,Hedgerow establishment on an agro-pastoral farm for dairy cows,other,€,0.9,"€10.15 on 1 January 2020, i.e. €1,539.42 monthly on the basis of the legal working week of 35 hours.",unit,meter,,9075.01,2750.0,,,,,11825.01,7,,,458.33,641.67,,,1100.0,733.3299999999999,2933.33,5,,,SLIGHTLYNEGATIVE,SLIGHTLYNEGATIVE,SLIGHTLYPOSITIVE,POSITIVE,"- consistency of management
- hedge width
- Existence of outlets for wood (self-consumption, local industries, etc.)"
5684,NP,Soil Cement Water Collection Pond for Supplemental Irrigation Purpose in Dry Season,USD,,,5.68,area,0.0024 ha,{'en': '1 ha = 10000 square metres'},153.38,53.0,,,105.28,,311.66,14,,"The Center for Environmental and Agricultural Policy Research, Extension and Development (CEAPRED) covered the remaining cost",31.04,,,,37.2,,68.24,3,,,POSITIVE,VERYPOSITIVE,VERYPOSITIVE,VERYPOSITIVE,"Cost of cement and sand 
Members of a household contributed as labour in all sites."
5687,CO,Increase in plantain production through split application of fertilizer,other,COP,4402.0,27604,area,Hectárea,{'en': '1 ha = 10000 m2'},281.69,,,489.49999999999994,,155.61,926.8,12,,,263.52,,,214.33999999999997,,155.61,633.47,11,,,POSITIVE,POSITIVE,VERYPOSITIVE,VERYPOSITIVE,Los costos de los fertilizantes
5740,PK,Hydraulic Ram Pump assisted river water lifting and application of stored water through drip irrigation for alley cropping,USD,,,US$ 14.5 for skilled person and US$ 7.5 for unskilled person,unit,Technological package at pilot site covering 2.5 acre (1 ha),,1743.0,19054.0,3165.0,30.0,,1873.0,25865.0,8,,ICIMOD through fundings from Department of Foreign Affairs and Trade under Sustainable Development Investment Portfolio,78.0,70.0,15.0,82.0,,,245.0,9,,,SLIGHTLYPOSITIVE,NEUTRAL,VERYPOSITIVE,VERYPOSITIVE,"Since the most of the material (drip irrigation etc) is imported thus cost varies with foreign currency exchange rates. Moreover, the costs are also higher in Gilgit Baltistan comparing to plains of Pakistan owning to expensive transportation."
5750,IS,Seeding lupine for land reclamation and to protect the soil against wind erosion,other,ISK,138.0,,area,Project costs in Thorlákshöfn,,,,,,,217.39,217.39,1,,,,,,,,,,0,,,POSITIVE,POSITIVE,POSITIVE,POSITIVE,"workers, seeds, machinery"
5756,IS,Seeding lyme grass for land reclamation and to protect the soil against wind erosion,other,ISK,138.0,,area,Project costs in Thorlákshöfn,,,,,,,1474.92,1474.92,1,,,,,,413.04,,,413.04,3,,,POSITIVE,POSITIVE,VERYPOSITIVE,VERYPOSITIVE,"workers, seeds, fertilizer, machinery"
5761,BD,Organic agro-ecotourism in the low hills of the Chittagong Hills Tract,other,BDT,105.0,BDT 500/day /person,area,61 ha,,,,,,,,,0,12000000.0,100%,,,,,,,,0,3000000.0,100%,SLIGHTLYNEGATIVE,SLIGHTLYPOSITIVE,VERYPOSITIVE,VERYPOSITIVE,Labor availability
5762,GE,Community Land Use Planning in Arkhiloskalo,USD,,,national expert 100 USD,area,50 km²,,,,,,,,,0,15000.0,"REC-Caucasus, GEF-funded Project",,,,,,,,0,,,NEGATIVE,NEUTRAL,POSITIVE,NEUTRAL,The field work of mapping and analysis of results took a lot of time as well as the stakeholder meetings.
5763,CO,Agroforestry system of cacao and gallery forest,other,Colombian Pesos,3750.0,45000,area,4 hectares,,773.33,,702.67,138.67000000000002,,,1614.67,6,,,804.0,0.04,,1056.0,,,1860.04,7,,,VERYNEGATIVE,NEGATIVE,VERYPOSITIVE,VERYPOSITIVE,"The plant material from seeds to seedlings are the highest cost for the technology establishment. Then, the fertilization is an important maintenance cost."
5769,BD,Choi cultivation- a profitable crop for saline areas of Bangladesh,other,BDT,84.95,500,area,approximately 0.01ha,,23.54,,2.35,0.59,,,26.48,3,2250.0,100%,,,,,,,,0,500.0,100%,POSITIVE,VERYPOSITIVE,VERYPOSITIVE,VERYPOSITIVE,not applicable
5770,JO,Marab - Water Harvesting Based Floodplain Agriculture,USD,,,35,area,10 ha,,3130.0,5500.0,,,2000.0,2300.0,12930.0,14,,ICARDA and National Agricultural Research Centre (NARC),310.0,250.0,,,100.0,,660.0,4,,,SLIGHTLYNEGATIVE,POSITIVE,POSITIVE,VERYPOSITIVE,"The special and heavy machinery affect the cost significantly, since these were not available in the area. The implementation of the technology is labour intensive, therefore labour costs are significant as well. However, these costs are initially, so these specific costs are almost zero after establishment. In addition, all the maintenance is payed for by the land users. So, only the establishment was payed for by external parties."
5775,KE,Conservation agriculture for maize-legume systems with velvet bean as a dense cover crop,other,KES,107.08,300,area,1 ha,{'en': '2.47 acres'},,135.42,,,,,135.42,6,,,224.13,,65.37,192.62,,70.04,552.16,11,,,SLIGHTLYPOSITIVE,SLIGHTLYPOSITIVE,POSITIVE,POSITIVE,"1. Prevailing market prices of the inputs, equipment and labour."
578,PH,Mangroves as Buffer against Natural Hazards,other,Philippine peso,50.0,250,area,1 hectare,,50.0,,100.0,,,,150.0,2,,The cost was funded by the government through the Department of Environment and Natural Resources (DENR),15.0,,5.0,,,,20.0,2,,The cost was funded by the government through the Department of Environment and Natural Resources (DENR),,,,,
5797,CO,Sustainable traditional native bee (Melipona favosa) keeping,USD,,,$ 15,unit,bee nest,,67.5,63.5,,,128.0,,259.0,13,,,75.07,99.2,29.0,,,,203.27,13,,,SLIGHTLYPOSITIVE,SLIGHTLYPOSITIVE,VERYPOSITIVE,VERYPOSITIVE,The way they manage the bee productive system is fairly cheap and most materials are already accessible within the farms.
580,KE,Rock catchment,USD,,,15 dollars per day for skilled labour and 3 dollars per day for unskilled labour.,unit,"A unit comprises the key component of the Technology. The rock catchment technology has four components - the weir, piping, tanks and water kiosk",,15034.5,,,,75407.0,,90441.5,3,1.0,Caritas Switzerland,,,,,,500.0,500.0,2,1.0,,NEUTRAL,VERYPOSITIVE,VERYPOSITIVE,VERYPOSITIVE,"1. Availability of parts, whether they can be bought locally or from far 
2. Quality of parts
3. Extent of the system exposed to vandalism and/or destructive weather events
4. Early detection of broken/spoilt parts"
5801,ZA,"Ponds to establish micro catchments, harvest runoff water and reduce soil erosion.",other,South African Rand,15.0,ZAR 150 - ZAR 262,area,600 ha,,24037.0,960.0,166.67,,,26744.399999999998,51908.07,7,,"Living Lands NGO working in the Baviaanskloof. In certain cases, depending on availability of external inputs, farmers could contribute by providing labour for example or use there own tools or transport for workers.",,,,,,,,0,25000.0,Living Lands NGO working in the Baviaanskloof,NEGATIVE,POSITIVE,SLIGHTLYPOSITIVE,VERYPOSITIVE,"For manually constructed ponds: Climatic conditions, particularly heat. Productivity (labour) is approximately 34% greater in the cooler winter months (April-October) and reduce during summer months with regular temperatures above 30°C. The activity is generally stopped when temperatures exceed 32°C. Soil structure (Clay, Sand and rock proportions particularly) effect production rate and longevity. High rock content and dense silt and clay soils reduce productivity (rate at which ponds are dug manually). 
When constructing ponds mechanically, soil structure appears to have the greatest effect on production rates."
5804,EG,Mechanized Raised Bed (MRB) Technology in a wheat based production system.,USD,,,6.31,area,1 acre,{'en': '2.47 acres'},,6000.0,,,,,6000.0,1,,,54.0,175.0,27.0,62.5,160.0,91.0,569.5,17,,,VERYPOSITIVE,VERYPOSITIVE,VERYPOSITIVE,POSITIVE,"The most impacting cost factor is the purchase of a MRB-machine. Whereas, the High Yield Seeds are also significant, but the increased yield justifies this. In addition, farmers could also choose to use diﬀerent seeds. Additionally, the High Yield Seeds are hybrid and can be reproduced for three years on the farm."
5819,TN,Conservation Agriculture in Dryland Mixed Systems,USD,,,5.3,area,1 hectare,,,20000.0,,,,,20000.0,1,,,,194.0,121.6,314.41,,63.6,693.61,19,,,NEGATIVE,POSITIVE,SLIGHTLYPOSITIVE,VERYPOSITIVE,"The initial purchase of the zero-tillage machine (20 000 USD) is dominantly aﬀecting the costs of the technology. However, it should be taken into account, that this machine serves the long term. Because the area under description is dominated by small-scale farmers, access to zero-tillage machines is ensured through hiring private entrepreneurs or through the purchase of machines by farmers’ associations rather than individual farmers. Also, it is important to note that the additional costs of conservation agriculture mainly consists of the machine, the weeding control and the seeding of the legumes. Other costs are either similar or reduced with respect to conventional agriculture. For example, conventional agriculture requires three hours of ploughing and 1 hour of sowing. While conservation agriculture only needs half an hour for chemical weeding, 1 hour for sowing and does not require ploughing. This relates to reduced inputs such as fuel."
5820,IN,Supplemental Irrigation in a Legume-Cotton Production System,other,INR,73.52,37.5,area,6.4 hectares,,2884.0800000000004,1133.03,,,4080.32,519.04,8616.47,6,,,326.44,803.87,3454.84,618.11,,21.76,5225.02,17,,,NEGATIVE,POSITIVE,POSITIVE,POSITIVE,"The most important factor that affects the cost is the establishment of the reservoir. However, this reservoir is able to irrigate 6.4 hectares."
583,HT,Protection of water resources,USD,,,5,area,"from 0,1 to 5 ha (reference unit 1 ha) - protection of one spring",,1800.0,80.0,100.0,,200.0,500.0,2680.0,6,,The supporting project,25.0,,,,,,25.0,1,,,SLIGHTLYNEGATIVE,NEUTRAL,VERYPOSITIVE,POSITIVE,"The maintenance operations depend on the meteorological conditions (in particular heavy rainfall) and on the type and quantity of structural measures. The topography and geomorphology influence the stability of the structures and hence the maintenance. The maintenance costs are carried by the farmers, or in certain cases by the committee for the provision of drinking water. The control on the restrictions of use of the protected zones is carried out by the local authorities together with the committee for the provision of drinking water. Hence, the costs are distributed over the community funds and financial resources from the water services."
5837,CH,Biologische Weidewirtschaft von Kühen in einer Tierarche,other,CHF,0.92,186,area,2 Hektaren,,,,,,,,,0,,,,,,,,,,0,,,NEGATIVE,SLIGHTLYNEGATIVE,SLIGHTLYPOSITIVE,SLIGHTLYNEGATIVE,"Es wurde für diesen Beschrieb keine Kostenrechnung vorgenommen, da ein Status-Quo beschrieben und keine Technologieveränderung vorgenommen wurde. Ausserdem lagen die Daten für die genaue Berechnung der Kosten für die Drainagen nicht vor."
5838,CH,Ackerbau Fruchtfolge auf anmoorigem Boden,other,CHF,0.92,186,area,1.9 Hektaren,,,,,,,,,0,,,,,,,,,,0,,,NEGATIVE,NEUTRAL,POSITIVE,NEUTRAL,"Es wurde für diesen Beschrieb keine Kostenrechnung vorgenommen, da ein Status-Quo beschrieben und keine Technologieveränderung vorgenommen wurde. Ausserdem lagen die Daten für die genaue Berechnung der Kosten für die Drainagen nicht vor."
5839,CH,Ökologische Ausgleichsfläche,other,CHF,0.92,186,area,1.03 Hektaren,,,,,,,,,0,,,,,,,,,,0,,,NEGATIVE,NEUTRAL,NEUTRAL,NEUTRAL,"Es wurde für diesen Beschrieb keine Kostenrechnung vorgenommen, da ein Status-Quo beschrieben und keine Technologieveränderung vorgenommen wurde. Ausserdem lagen die Daten für die genaue Berechnung der Kosten für die Drainagen nicht vor."
5844,CH,Gemüse- und Ackerbau im auf organischen Böden,other,CHF,0.92,186,area,2.08 Hektaren,,,,,,,,,0,,,,,,,,,,0,,,NEGATIVE,SLIGHTLYPOSITIVE,VERYPOSITIVE,SLIGHTLYPOSITIVE,"Es wurde für diesen Beschrieb keine Kostenrechnung vorgenommen, da ein Status-Quo beschrieben und keine Technologieveränderung vorgenommen wurde. Ausserdem lagen die Daten für die genaue Berechnung der Kosten für die Drainagen nicht vor."
5847,JO,Cactus Fruit Plantation in Arid Dry Lands,other,JOD,0.71,20,area,9.1 hectare,,6619.72,16197.17,704.23,,21408.45,,44929.57,9,,,12563.369999999999,,,4507.04,,7382.389999999999,24452.8,9,,,SLIGHTLYNEGATIVE,SLIGHTLYPOSITIVE,SLIGHTLYPOSITIVE,SLIGHTLYPOSITIVE,"On the farm most work (e.g. weeding) is done manually. Therefore, the cost of labour contributes significantly to the total cost."
5858,CO,Agronomic management recommendations for guava fruit trees (Psidium guajava),USD,,3625.0,,area,1 hectárea,,,,,,,,,2,,,,,,,,,,0,,,POSITIVE,POSITIVE,POSITIVE,POSITIVE,Los factores más importantes que afectan los costos de esta tecnología son la mano de obra y los insumos agropecuarios.
5860,JO,Mechanized micro water harvesting through ‘Vallerani’ tractor plough for central Jordanian Badia,USD,,,,area,1ha,,115.0,60.0,150.0,,,20.0,345.0,9,,,,,,,,,,0,,,SLIGHTLYNEGATIVE,VERYPOSITIVE,POSITIVE,VERYPOSITIVE,The most important cost is the high-quality seedlings and the local labor costs. Both can be reduced.
5861,KG,Tree windbreaks within irrigated agriculture in Central Asia,other,KGS,68.87,750,area,1 ha,,60.980000000000004,3.05,40.949999999999996,,,,104.98,5,,,101.39,739.54,73.33,126.85,,14.72,1055.83,12,,,NEUTRAL,POSITIVE,POSITIVE,POSITIVE,"Labour costs are the largest single cost item. In fact, in the cotton system a lot of labour is unpaid family labour or mutual help among neighbours. All labour was calculated in monetary terms, as the share of unpaid labour differed much between farms. This cotton tree wind break system is wide spread in the south of Kyrgyzstan. In the north of the country, tree wind breaks are combined with wheat, barley, corn, or alfalfa (lucerne). There, labour costs are lower as more machines are used (e.g. for harvest)."
5862,JO,Gully plug,USD,,,,unit,Gully plug,,325.0,10.0,5.0,,40.0,10.0,390.0,8,,International research for the development project.,57.5,,,,5.0,,62.5,4,,It is 100% covered by the research project,NEGATIVE,NEGATIVE,POSITIVE,SLIGHTLYPOSITIVE,The most distinct cost factor is labor – which is especially significant when using local (community) labor; some technical training is required.
5872,CO,Fríjol biofortificado Corpoica rojo 39 para la subregión natural del Caribe seco colombiano,other,Pesos colombianos,3576.0,,area,1 hectárea,"{'en': '1 hectárea= 2.47 acres', 'es': '1 hectárea= 2.47 acres'}",559.28,356.26,83.89,327.17999999999995,,27.96,1354.57,16,4736000.0,,,,,,,,,0,,,SLIGHTLYPOSITIVE,SLIGHTLYPOSITIVE,VERYPOSITIVE,POSITIVE,
5873,CO,Bacteria-based nitrogen biofertilizer: Monibac®,other,Peso colombiano,3585.0,,unit,Envase,,,,,,,,,0,,,,,,,,,,0,,No aplica.,POSITIVE,,POSITIVE,,"Para la aplicación de este incoculante no se requieren implementos o productos adicionales, por lo cual la implementación está sujeta netamente al valor para adquirir el producto."
5874,CO,A Soybean variety with high protein content and disease tolerance,other,COP,4048.67,,area,1 hectárea,,103.0,293.92999999999995,178.82,433.61,120.61,194.38,1324.35,37,2820625.0,,,,,,,,,0,,,POSITIVE,,,,"Entre los factores que más afectan los costos se presentan:
Factores bióticos (enfermedades: roya -Phakopsora sp.)
Factores abióticos (ambiental: estrés hídrico)."
5876,CO,Variedad de arroz Llanura 11,,,3553.0,,area,1 hectárea,,246.42000000000002,246.94,154.79999999999998,675.2099999999999,171.42000000000002,90.38999999999999,1585.18,31,5632116.0,,,,,,,,,0,,,POSITIVE,,,,
5878,CO,Improvement of blackberry (Rubus glaucus) production by integrated fertilizer application,,,3553.0,,area,1 hectárea,,298.33,1829.4299999999996,9019.95,305.75,4453.65,119.15,16026.26,42,27892722.0,,934.4199999999998,2658.17,,454.94,217.44,9.85,4274.82,25,15188477.0,,VERYPOSITIVE,SLIGHTLYPOSITIVE,VERYPOSITIVE,POSITIVE,"Es importante mencionar que esta tecnología permite disminuir el porcentaje de costos asociados a la práctica de fertilización y el aumento de los costos totales mediante su uso, se debe a la implementación de BPA en el cultivo."
5879,CO,Tecnología para la recuperación y el manejo de praderas en la Orinoquía,other,Pesos Colombianos,3800.0,$40.000,area,1 hectárea,{'es': '1 hectárea = 10.000 metros cuadrados'},25.66,115.78999999999999,76.32,157.64,,34.74,410.15,17,1508500.0,,8.55,21.05,,111.57,,6.58,147.75,7,561500.0,,VERYPOSITIVE,POSITIVE,POSITIVE,POSITIVE,"El estado de degradación de lo suelos determina el grado de intervención. En praderas con alto grado de degradación los costos son más altos por mayor uso de maquinaria y semillas.
El incremento de los costos de los fertilizantes que está condicionado al valor del petróleo y el aumento del dólar"
5914,UG,Piggery-Banana-Coffee technology,other,Uganda Shilling,3750.0,no labour was hired,area,one hectare,,,,,,,,,0,5300000.0,The Euregio project contributed two pigs and some starter coffee seedlings and banana suckers (roughly 35 % of total establishment costs were catered by the project).,,,,,,,,0,500000.0,,POSITIVE,POSITIVE,VERYPOSITIVE,SLIGHTLYPOSITIVE,Most costs are connected to the piggery in particular the maintenance of the pigs. Animal diseases and the resulting costs for the treatments are unplanned expenses.
5916,UZ,Winter Chickpea Planting in Cold Dry Areas,USD,,,10,area,1 hectare,,,,,,,,,0,,,76.0,113.5,114.0,43.0,,71.5,418.0,13,,,POSITIVE,POSITIVE,VERYPOSITIVE,VERYPOSITIVE,The cost of the chickpea seeds significantly contributes to the costs.
5917,OM,Liquid Pollination for Date Palm Production,other,Omani Riyal,0.39,10,area,1 hectare,,,20512.82,,,,,20512.82,1,,,,,,,,,,0,518.0,,SLIGHTLYNEGATIVE,VERYPOSITIVE,VERYPOSITIVE,VERYPOSITIVE,
5919,TN,Native Drought-Tolerant Forage Species for Enhanced Dryland Pasture Restoration,USD,,,7,area,1 Hectare,,8.75,11.25,45.0,,,,65.0,3,,The seeds are often provided by other parties such as ICARDA or national parties,,,,,,,,0,,,VERYPOSITIVE,VERYPOSITIVE,VERYPOSITIVE,VERYPOSITIVE,
5925,BE,Maintenance of forest cover in headwaters,other,Euro,1.0,280,area,0.01 sq. km (1 ha),,7560.0,,4000.0,,,,11560.0,2,,From subsidies,,,,,,,,0,,,POSITIVE,POSITIVE,VERYPOSITIVE,VERYPOSITIVE,"The replanting of trees, in general, and in particular eliminating softwoods (coniferous) and replanting of hardwoods (deciduous)."
5929,DE,Freezing winter cover crops,other,€,0.91,18.70€ per hour,area,1 ha,,,,,,,,,0,,,,,71.87,,,75.16,147.03,2,,"78€/ha were covered by the state of Saxony as a subsidy, AL_4 planting of cover crops (SMUL Sachsen, 2015)",,SLIGHTLYNEGATIVE,,POSITIVE,Seeds are the most relevant cost of this technology.
5930,HU,Afforestation of arable land,USD,,,50,area,hectare,,450.0,700.0,400.0,,1000.0,400.0,2950.0,9,,,50.0,300.0,,,,,350.0,2,,,NEGATIVE,SLIGHTLYNEGATIVE,NEUTRAL,NEUTRAL,"tree species, existing vegetation, soil type"
5933,SI,Retention ponds,other,EUR,0.97,90.90,unit,pond,,,,,,,,,0,73600.0,"The construction of a water reservoir can be subsidized from various sources (EU, state, municipalities, etc.). The largest share of support can be obtained through the Rural Development Program, where an investment can receive support ranging from 30% to 50% of eligible project cost (establishment cost).",,,,,,,,0,3000.0,,NEUTRAL,POSITIVE,POSITIVE,POSITIVE,"Construction costs are affected by the shape, size, depth and microlocation of the pond layout. In addition, the cost is also influenced by the purpose of use (e.g. if pool is intended only to contain high water, sediment or debris laoding, will it be inhabited by aquatic animals, will water be used for irrigation, drinking, etc.). Geomechanically conditions are also important, because ponds and reservoirs can affect slope stability and induce landslides. The value of the investment can vary greatly depending on the design of the pond, location, water content of the area, soil structure, climate conditions,... so it is impossible to determine the exact values for pond construction, but we can only give an estimation."
5934,CZ,Grassing of Recharge Areas,other,EUR,0.92,60,area,3.5 hectares,,1239.12,1413.05,217.39,489.13,,978.26,4336.95,9,,Czech Ministry of Agriculture,135.87,1413.05,108.7,298.90999999999997,,815.22,2771.75,7,,Czech Ministry of Agriculture,SLIGHTLYNEGATIVE,NEUTRAL,SLIGHTLYNEGATIVE,NEUTRAL,"Fuel prices, level of subsidies"
5935,DE,Grassed waterways,other,€,0.91,18.70 € per hour,area,1 ha,,43.71,,35.6,,,,79.31,3,,,50.04,,7.12,,,,57.16,4,,,SLIGHTLYNEGATIVE,SLIGHTLYNEGATIVE,SLIGHTLYNEGATIVE,SLIGHTLYNEGATIVE,Landowners complained that the additional yield (grass as fodder) would have no impact on their income. The loss of income due to the loss of arable land is greater and should be compensated by subsidy programs.
5939,CZ,Constructed wetland with tile drainage,USD,,22.0,Around 1 500 USD per person per month; i.e. 75 USD/person/day,unit,m2,,,,,,,,,0,48000.0,Municipality,,,,,,,,0,500.0,"In our case research support; in practice could be Munucipality, Regional government, River Basin Management Authority",SLIGHTLYNEGATIVE,SLIGHTLYNEGATIVE,VERYPOSITIVE,NEUTRAL,"CW size, construction, equipment. Design of the whole CW - if designed as a more natural or rather a technical unit."
5940,NO,Small constructed wetland,other,NOK,8.89,1440,unit,constructed wetland - area of water surface,,,,,,,,,0,87500.0,"The landowners can apply for subsidies to establish and maintenance constructed wetland (70% support of the cost), within SMIL system (Special Environmental measures in Agriculture). Local county authorities are responsible for the administration of these schemes.",,,,,,,,0,41000.0,"The landowners can apply for subsidies to establish and maintenance constructed wetland (70 % support of the cost), within SMIL system (Special Environmental measures in Agriculture). Local county authorities are responsible for the administration of these schemes.",SLIGHTLYPOSITIVE,SLIGHTLYPOSITIVE,SLIGHTLYPOSITIVE,SLIGHTLYPOSITIVE,"The most important factor affecting the costs of constructed wetland is the size. Larger constructed wetlands have lower establishment costs per m2 of water surface area. In terms of operating costs for capture ponds - mainly emptying the sedimentation pond - it is assumed that the cost per emptying is more or less independent of the size of the sedimentation pond. This is because a large component in the emptying cost is assumed to be the transport of the machinery and the removal of the excavated mass.

The landowners can apply for subsidies to establish and maintenance constructed wetland (70% support of the cost), within SMIL system (Special Environmental measures in Agriculture). Local county authorities are responsible for the administration of these schemes."
5967,MA,Diversified Cropping System: Relay Intercropping of Lentil with Quinoa,other,Moroccan Dihram (MAD),9.0,75,area,1 Hectare,,,,,,,,,0,,,333.33,164.45000000000002,55.56,118.88,,,672.22,16,,,VERYPOSITIVE,POSITIVE,POSITIVE,POSITIVE,
5968,GB,Organic matter application to enhance soil health,other,£GBP,0.85,£150,area,36 hectares,,,,,12832.94,,,12832.94,1,,,,,,,,,,0,,,SLIGHTLYPOSITIVE,VERYPOSITIVE,VERYPOSITIVE,VERYPOSITIVE,"The cost of contractor haulage and spreading, which is partly driven by current fuel costs."
5982,GB,Herbal leys in an organic dairy rotational grazing system,other,GBP,0.75,150,area,ha,{'en': '1ha = 2.47 acres'},,149.34,290.67,,,,440.01,5,,Supporting projects such as Fabulous Farmers,,,,,,,,0,,,SLIGHTLYPOSITIVE,NEUTRAL,POSITIVE,NEUTRAL,"Seed cost, success of establishment. If establishment fails or is patchy then reseeding or over seeding will be required.
Additionally longevity of sward is an important factor in cost – how many years will the sward last before reseeding is required. Aim minimum 4 -5, but can be up to 9 years"
5992,MA,Diversified Cropping System: Relay Intercropping of Lentils with Onions,other,MDH,8.92,75,area,1 Hectare,,,,,,,4484.3,4484.3,1,,The Moroccan Government,714.68,86.33000000000001,309.42,81.28,,67.26,1258.97,16,,,SLIGHTLYNEGATIVE,POSITIVE,POSITIVE,POSITIVE,
5994,TN,Cactus Cultivation,USD,,,,area,1 Hectare,,80.06,30.0,180.0,110.0,,,400.06,5,,,35.0,10.0,,,,,45.0,2,,,SLIGHTLYNEGATIVE,VERYPOSITIVE,POSITIVE,VERYPOSITIVE,
5995,UZ,Winter Wheat - Mung Bean Production System,USD,,,,area,1 Hectare,,156.0,196.0,152.1,376.5,,242.75,1123.35,25,,,,,,,,,,0,,,VERYPOSITIVE,VERYPOSITIVE,VERYPOSITIVE,VERYPOSITIVE,
5996,LT,Wetland in the Stabė River,other,EURO,,,unit,wetland,,,,,,,,,15,,Total cost covered by the project.,,,,,,,,0,5000.0,"Since the wetland was established form the project funds, the project team UAB ""Aplinkos inžinierių grupė"" is responsible for the maintenance of the wetland until the end of the project. After the end of the contract - the successor or authorized person of its results, local farmers or members of rural communities will be responsible for the maintenance of wetland.",POSITIVE,VERYPOSITIVE,POSITIVE,VERYPOSITIVE,Inflation is one of the most affecting factors. The real costs of the last years are not publicly available.
6000,ZA,Use of sediment retention fibre rolls (SRFR) and erosion blankets to stabilise slopes after fire,other,Rand,15.0,R180,unit,ha,,1456.0,6.67,333.33,,12000.0,800.0,14596.0,7,,Government,416.0,6.0,96.0,,226.67,,744.67,5,,,POSITIVE,POSITIVE,POSITIVE,POSITIVE,"Labour availability, availability of material, transport cost"
607,AF,Terraces with improved seed and fertilizer application,USD,,67.0,5.2-5.3 USD,area,1 ha,,948.6,63.599999999999994,82.02999999999999,181.25,,,1275.48,16,,Livelihood Improvement Project Takhar  (LIPT) implemented by Terre des Hommes (Tdh),437.25,,58.8,181.25,,,677.3,9,,Livelihood Improvement Project Takhar  (LIPT) implemented by Terre des Hommes (Tdh),,,,,"Due to the remoteness of the villages where the Technology has been implemented, all the inputs for establishment, such as agricultural equipment, plant material, fertilizers, etc., are purchased in Rustaq town. The expenses for traveling and delivering the inputs affect the establishment costs."
613,BF,Anti erosion measures,other,F CFA,584.5,,unit,Meter of stone row,,1856.12,1972.8899999999999,76.65,,,,3905.66,5,,Financed by the project,,,,,,,,0,,,SLIGHTLYPOSITIVE,,,,
6156,NO,Small retention ponds in the forest,other,NOK,8.89,"c.a. 3000 NOK (it is only the cost of the time assuming 8h work per day, 320-500 NOK/hour;  person; machinery, equipment, materials not included)",unit,Pond,,,,,,,,,0,35000.0,"The landowners can apply for subsidies to establish and maintenance sedimentation pond, within SMIL system (Special Environmental measures in Agriculture). Local county authorities are responsible for the administration of these schemes.",,,,,,,,0,10000.0,"The landowners can apply for subsidies to establish and maintenance sedimentation pond, within SMIL system (Special Environmental measures in Agriculture). Local county authorities are responsible for the administration of these schemes.",NEUTRAL,SLIGHTLYPOSITIVE,POSITIVE,POSITIVE,"- The terrain setup, 
- Type of material used to construct the dam and its durability (establishment and maintenance costs).
- Need for maintenance

The landowners can apply for subsidies to establish and maintenance sedimentation pond, within SMIL system (Special Environmental measures in Agriculture). Local county authorities are responsible for the administration of these schemes."
616,UG,Bench Terracing,other,Ugandan Shilling,3300.0,USD 2.1,area,Acre,,0.21,0.0,0.17,,,,0.38,5,,Kigezi Diocese Water and Sanitation Programme,0.01,,,,,,0.01,2,,,POSITIVE,POSITIVE,POSITIVE,VERYPOSITIVE,"Establishment costs depend on the steepness of the slope, structure and deepness of the subsoil.

The maintenance costs depend of the degree of damage. Damages vary depending on the severity of rainfall. Soils that are more sandy are more likely to be swept than those that are clayey. The location of the terrace (whether up hill or down hill) will determine how badly the terrace will be damaged and hence the costs of repair. The steepness of the slope will also affect the extent to which the terraces are damaged"
6163,TJ,Modified stoves to improve household energy efficiency and reduce impact on forests,USD,,5.62,100 TJS,,,,36.4,,,,261.4,30.12,327.92,9,,all cost bared by user,4.0,,,,6.0,,10.0,2,,,SLIGHTLYPOSITIVE,VERYPOSITIVE,VERYPOSITIVE,VERYPOSITIVE,High inflation rate constantly increasing price for row materials.
6164,TJ,Drip irrigation for kitchen gardens in dry areas,other,TJS,9.2,100,area,300 m2,,217.39,121.74000000000001,25.0,18.91,,,383.04,6,,,10.87,,,,,,10.87,1,,The 51% of the initial cost was covered by FAO,POSITIVE,POSITIVE,VERYPOSITIVE,POSITIVE,
6165,TJ,Production of drought-resistant fruit seedlings by women's groups.,USD,,,,area,280 sq m,,259.0,20.0,113.0,31.71,,95.0,518.71,10,,FAO CACILM-2 project,109.0,,,31.71,,,140.71,5,,,POSITIVE,VERYPOSITIVE,VERYPOSITIVE,POSITIVE,High inflation rate
6169,NO,Grassed waterways,other,NOK,8.99,"c.a. 3000 NOK (it is only the cost of the time assuming 8h work per day, 320-500 NOK/hour/ person. Machinery, equipment, materials not included)",unit,length of grassed waterways,,,,,,,,,0,,Grassed waterways are eligible for subsidies in Regional Environmental Programme (RMP),,,,,,,,0,,Grassed waterways is a measure eligible for subsidies in Regional Environmental Programme (RMP).,NEUTRAL,NEUTRAL,NEUTRAL,NEUTRAL,"The costs of establishment and management of grassed waterways are connected to sowing the area and reduced area for cereal production (in case of cereal production farm). There is no general rule for harvesting. However, if farmers harvest the grass they can get the income. If the grass is not harvested then the production area is reduced. The subsidies should be a compensation for such costs.

The cost of the area management is dependent on:
- Location (priority areas) 
- Type of grass
- Possibility to use the grass as a fodder

Grassed waterways are eligible for subsidies in Regional Environmental Programme (RMP).
Within RMP for 2019-2022 the subside level for maintaining grassed waterways was at the level of 30 kr/m in Viken region."
6170,NO,Grass or stubble in areas prone to flooding and erosion,other,NOK,8.99,"c.a. 3000 NOK (it is only the cost of the time assuming 8h work per day, 320-500 NOK/hour/ person. Machinery, equipment, materials not included)",area,daa of flood prone area,{'en': '1 ha = 10 daa'},,,,,,,,0,,Grass cover or stubble on the areas prone to flooding  is a measure eligible for subsidies in Regional Environmental Programme (RMP),,,,,,,,0,,Grass cover or stubble on the areas prone to flooding  is a measure eligible for subsidies in Regional Environmental Programme (RMP),NEUTRAL,NEUTRAL,NEUTRAL,NEUTRAL,"The costs of establishment and management of grass cover on the areas prone to flooding  are not deviating for costs connected to regular crop land management. Therefore, implementation of grassed areas does not lead to any additional expenses for the land user.
The cost of the area management are depended on:
- area (daa) location and accessibility
- eligibility for subsidies in Regional Environmental Programme (RMP). For 2019-2022 the subside level for maintaining grass on areas prone of flooding is at the level of 210 kr/daa in Viken region- for areas with special regulations. For leaving such areas in stubble the subsidy level is 110 kr /daa for areas with special regulations (drinking water quality) and  70 kr /daa outside areas with special regulations."
6174,ZA,Silt fences to trap sediment in areas affected by gully erosion,other,Rand,16.0,R200,unit,silt fence,,105.0,106.25,,,360.63,,571.88,10,,"Department of Forestry, Fisheries and the Environment - South Africa",35.0,6.25,,,37.5,,78.75,3,,"Department of Forestry, Fisheries and the Environment",POSITIVE,POSITIVE,POSITIVE,POSITIVE,"1. Timing - during the raining season these areas could be inaccessible  due to clayey soils and water in gullies.
2, Availability of labour."
6184,LK,Recycling rice husks in Sri Lanka as a biochar-based slow-release urea fertilizer,other,LKR,275.0,1500,area,1ha,,13.64,,,196.36,46.36,,256.36,5,,Project funded by the National Research Council of Sri Lanka (Grant No. : NRC TO-16/07),16.36,,,,,,16.36,1,,,NEUTRAL,POSITIVE,SLIGHTLYPOSITIVE,SLIGHTLYPOSITIVE,Labour availability and finding raw materials are the major factors that affect the cost.
619,UG,Percolation pits,USD,,3300.0,USD 2.12,unit,Per pit,,8.48,0.27,1.21,,,,9.96,5,,Kigezi Diocese Water and Sanitation Programme,2.2,,,,,,2.2,2,,N/A,POSITIVE,POSITIVE,VERYPOSITIVE,VERYPOSITIVE,"The costs have been calculated basing on depth of top soil of 51 – 80cm. When the depth of the top soil is shallow, then the costs of breaking the underlying sub-surface layers, which are usually rock, are much higher. Also during the rainy season, the soil is more workable

The costs of maintenance will be less where the rest of the landscape also has other percolation pits, conservation channels, good vegetative cover and where the hill slope is gentle."
6190,UZ,Enriching pastures through phytomelioration,USD,,,10,area,60 ha,,900.0,6000.0,1500.0,,,,8400.0,3,,The costs were covered from the institute/project budget.,,,,,,,,0,,,SLIGHTLYPOSITIVE,SLIGHTLYPOSITIVE,VERYPOSITIVE,VERYPOSITIVE,"The highest costs of implementing the technology are associated with soil preparation and sowing/planting, which include labor and fuel and lubricants. All expenses are incurred in the first year; in subsequent years, costs are virtually nonexistent."
6192,UZ,Application of hydrogels for growing agricultural crops under low soil moisture conditions [Uzbekistan].,USD,,,Around 10 US dollars,area,193 ha,,19107.0,5095.2,5384.7,,,,29586.9,3,,The costs were covered from the institute/project budget.,,,,,,,,0,,,POSITIVE,POSITIVE,POSITIVE,POSITIVE,"The highest costs for implementing the technology are associated with soil preparation and sowing/planting, which include labor and fuel and lubricants."
6194,HU,Permanent grass cover in vineyards,USD,,,50,area,ha,,,,,,,,,0,,,,,,,,175.0,175.0,5,,,NEUTRAL,NEUTRAL,NEUTRAL,NEUTRAL,fuel prices
6195,HU,Meadows and pastures,USD,,,50,area,ha,,,210.0,262.0,420.0,,,892.0,10,,,,,,,,,,0,,,SLIGHTLYNEGATIVE,SLIGHTLYPOSITIVE,POSITIVE,POSITIVE,"prices of input materials (fertilizers, pesticides, fuel)"
6196,HU,Water retention/sediment capture pond,USD,,,50,unit,Pond,,,,,,,1420000.0,1420000.0,1,1420000.0,costs were covered by public and municipal funds,,,,,,40000.0,40000.0,1,40000.0,,POSITIVE,NEUTRAL,POSITIVE,POSITIVE,"amount of sediments, topographical conditions"
6197,HU,Coarse woody debris to slow streamflow,USD,,,35,unit,watercourse,,,,,,,,,0,,,50.0,,,,,,50.0,1,,,POSITIVE,POSITIVE,POSITIVE,POSITIVE,-
6199,HU,No-till agriculture,USD,,,50,area,ha,,,30.0,,,,,30.0,1,130000.0,,,,,,,,,0,,,NEGATIVE,POSITIVE,POSITIVE,POSITIVE,"An extra cost of 30 USD/ha applies, when implementing new direct driller machine, while in the same time 100-120 USD/ha reduction happens in tillage costs. Labour hours is also reduced to as low as 25-30% of conventional technologies."
620,BD,Floating Garden,other,BDT,,1 man-day cost BDT 300 (USD 3.85),area,1 decimal for 5 floating beds,{'en': '1 hectare =  247 decimals'},,,,,,,,5,,,,,,,,,,0,,,POSITIVE,VERYPOSITIVE,SLIGHTLYPOSITIVE,VERYPOSITIVE,"In case the inputs, mainly water hyacinths, are not available at the selected sites, this increases the material and/or labour costs for hyacinths to be transported from distant locations.
All indicated costs refer to yearly costs, since the beds ususally have to be restablished every year."
6201,HU,Peak flow control structures (leaky woody dams),USD,,,,unit,a single structure at multiple points in a watershed,,200.0,200.0,,,200.0,,600.0,4,,,100.0,100.0,,,,,200.0,3,,,POSITIVE,POSITIVE,POSITIVE,POSITIVE,"Width of the water course.
Availability of locally sourced wood logs.
Availablility of equipment.
Labour costs.
Procurement rules applicable to project owner."
6202,HU,Controlled traffic farming,USD,,,50,area,ha,,,10700.0,,,,1200.0,11900.0,3,,,,,,,,,,0,,,NEUTRAL,NEUTRAL,POSITIVE,POSITIVE,"Reduce compaction on the field, reducing overlapping during application of field work results in saving expenses (by ca. 10-20 %)"
6203,HU,Buffer strips and hedges around cropland,USD,,,50,area,hectare = 20 m x 500 m,,250.0,500.0,400.0,,,,1150.0,5,,"The cost can be covered by agricultural subsidy (it will be available as targeted support under the new Common Agricultural Policy from 2023, but the exact amount has not yet been defined)",100.0,200.0,,,,,300.0,3,,,NEGATIVE,NEGATIVE,SLIGHTLYPOSITIVE,SLIGHTLYPOSITIVE,"Steep of the slope, soil texture, kind of wood species adapted to the area"
6204,HU,Vegetative riparian buffers,USD,,,50,area,hectare (20X500 m),,250.0,500.0,400.0,,,,1150.0,5,,-,,,,,,,,1,,-,SLIGHTLYNEGATIVE,NEUTRAL,NEUTRAL,SLIGHTLYPOSITIVE,-
6207,TZ,Cut stump,other,Tanzanian Shilling,2400.0,"20,000",area,0.01 Hectares,,50.0,13.33,,25.0,,,88.33,6,,R4D Woody Weeds Project,41.67,,,12.5,,,54.17,2,,R4D Woody Weeds,SLIGHTLYNEGATIVE,NEUTRAL,POSITIVE,SLIGHTLYPOSITIVE,"(i) Availability of labor during farming seasons
(ii) Distance from and availability of agro-chemical stores
(iii) Size of Prosopis trees
(iv) Length of dry and wet seasons (long wet season makes many seed of Prosopis to germinate and long dry season makes it difficult to work out under the sun)"
6209,UZ,Agroforestry reclamation of rainfed areas,USD,,,around 10 US dollars,area,1 ha,,436.0,87.0,840.0,,349.0,,1712.0,4,,Project,200.0,60.0,,,,60.0,320.0,3,,,NEGATIVE,NEGATIVE,POSITIVE,POSITIVE,"The highest costs are related to making terraces, purchasing seedlings and fencing the area. However, fencing the area can be done in some other, cheaper ways, e.g., using other materials instead of metal fence"
6210,UZ,Внедрение нетрадиционных для богарных условий засухоустойчивых многолетних растений в целях повышения продуктивности богарного земледелия и животноводства,USD,,,"4, 75 долл. США",unit,1 га,,60.0,21.0,40.0,,200.0,,321.0,4,,Проектом,100.0,,,,,,100.0,2,,,SLIGHTLYPOSITIVE,SLIGHTLYPOSITIVE,POSITIVE,POSITIVE,Наибольшие затраты в первый год реализации технологии относятся к закупке семян и огораживанию участка от поедания скотом
623,TJ,Water points for livestock in daily pastures,other,Tajik Somoni,8.0,45 Somoni (5.5 USD per day),unit,one water point,,433.12,437.5,1283.5,,1283.5,,3437.62,9,15000.0,"Integrated Watershed Management Project, Caritas Switzerland",28.12,18.75,,,212.5,,259.37,7,2075.0,,POSITIVE,VERYPOSITIVE,VERYPOSITIVE,POSITIVE,"Cost for pipes and cement, i.e. the distance of the next suitable spring to the pasture area;
land ownership: state owned land rented to the Pasture Union"
6235,CH,Intercropping of grain legumes with cereals,other,CHF,1.13,240 CHF,area,ha,,,,,,,,,0,,,415.04,61946.90999999999,1061.95,,,,63423.9,8,,,POSITIVE,SLIGHTLYPOSITIVE,POSITIVE,SLIGHTLYPOSITIVE,"No exceptional investments are needed as existing machines are used.
The cost of seeds and the seed sorting costs by the mills.
Time and labour required for weeding, which can vary based on crop type.
The demand and price for the crops grown. E.g. soy having higher demand and price compared to peas."
6236,LK,Crop-livestock integration to enhance soil productivity,other,Sri Lankan Rupees,330.13,900.00 Sri Lankan Rupees,area,3.5 acre,{'en': '1 hectare = 2.47 acres'},152.07000000000002,15.15,12.12,18.94,541.3199999999999,48.53,788.13,14,,Rehabilitation of degraded agriculture land project (RDALP) and local funds,47.24999999999999,,,9.47,53.92,,110.64,5,,,POSITIVE,POSITIVE,POSITIVE,POSITIVE,The cost involved in intensive labour is higher than for inputs on a daily basis
6239,SI,5-Year Crop Rotation,other,EUR,0.85,114,area,28.6 hectares,{'en': '1 ha = 10.000 m2'},,7176.47,,,,,7176.47,1,,Part of the agricultural machinery intended for the implementation of environmental measures can be funded through non-repayable grants from European and national funds under the CAP.,,,,,,43891.25,43891.25,5,,,SLIGHTLYNEGATIVE,SLIGHTLYNEGATIVE,NEUTRAL,SLIGHTLYPOSITIVE,"The total area is theoretically divided into five equal parts, following the 5-year crop rotation system. However, in practice, this division is not perfectly even. Other important cost factors include variations in input prices (such as seeds, fertilizers, and plant protection products), machinery costs, labor availability, and weather conditions that impact yields and operational efficiency."
6241,SI,Mulch-till,other,EUR,0.97,90.90,area,1 ha,"{'en': '1 ha = 10,000 m2'}",,65463.899999999994,,,,,65463.9,5,,,643.72,6164.799999999999,2044.34,,,,8852.86,9,,,SLIGHTLYNEGATIVE,POSITIVE,POSITIVE,POSITIVE,"It very much depends on the type of soil, what is the structure of the soil. In addition, the planning of the crop rotation and cover crops also affect the costs. As a result, weed development and subsequent herbicide use may be different."
6246,SI,Riparian buffer strips,other,EUR,0.87,114,area,"31,2 hectares",,151.72,,105.64,,,,257.36,3,,,344.83,,,,,,344.83,3,,,SLIGHTLYNEGATIVE,NEUTRAL,SLIGHTLYPOSITIVE,POSITIVE,"Exact costs are difficult to estimate as they depend heavily on the specific location. If regular maintenance, such as mulching/mowing, is carried out, annual costs remain low, and pruning and clearing of overgrowth work is likely unnecessary. Costs are calculated for farm Ropič."
6248,CH,Revitalization of Riparian Zones,other,CHF,0.98,,area,33 ha (medium width of riparian area ((35+60)/2) * length of river reach (7km)),,3061224.49,,3061224.49,,15306122.45,510204.08,21938775.51,4,,"80% are paid by the federal government, 20% by the adjacent municipalities and local sponsors.",,,,,,,,0,,,POSITIVE,POSITIVE,POSITIVE,POSITIVE,"The most expensive feature of this project is the volume of earth that will be removed from the now steep riverbanks to widen the riverbed. The earth removed will directly be used again for small hills and what is not used directly in the riparian zone will be distributed on the agriculturally used fields next to the rivers. Also, there are several bridges that cross the Petite Glâne, and by enlarging the riverbed the bridges need to be rebuilt as well - which drives up the price greatly."
6250,PL,Subsoiling,,,4.45,300.00 PLN,area,ha,{'en': '-'},,,,,,,,6,,,6.74,39.33,,,,,46.07,4,,,VERYPOSITIVE,POSITIVE,POSITIVE,POSITIVE,"price of fuel, area needed to subsoling, moisture conditions in the fields, granulometric compisition of the soil"
6257,DE,Strip-till,other,€,0.91,18.70€ per hour,area,1 ha,,,74175.83,,,,,74175.83,3,,"Farmer stated that it is complicated to get subsidies. He said: ""equipment subsidies are like a lottery"".",,,,,,,,0,-73.0,"80€/ha are covered by the state of saxony, AL_2 Strip seeding/ direct seeding (SMUL Sachsen, 2015)",NEGATIVE,NEUTRAL,POSITIVE,POSITIVE,"If the work is done by a contracting company, the costs are 10-20% higher."
6258,DE,Riparian buffer strip with naturally recovered vegetation,other,€,0.91,18.70€ per hour,area,1 ha,,,,,,,,,0,,,27.47,,,,,,27.47,1,,"121€/ha were covered by the state of Saxony as a subsidy (AL 5b- self-vegetated perennial needs on arable land; SMUL Sachsen, 2015).",,SLIGHTLYNEGATIVE,,SLIGHTLYNEGATIVE,"A riparian buffer that developed from set-aside land with naturally recovered vegetation is not costly, as it requires only one mowing operation per year and nothing else. However, the buffer consumes agricultural land, leading to a reduction in agricultural production."
6259,CZ,Drainage Biofilter,other,EUR,0.92,150,unit,measure - one system of closed biofilter/bioreactor,,4239.13,1532.6100000000001,86.96,,8869.57,,14728.27,10,,co-financing from public sources,108.7,,86.96,,,,195.66,2,,,SLIGHTLYNEGATIVE,NEUTRAL,SLIGHTLYPOSITIVE,NEUTRAL,"The price of this measure is mostly influenced by its dimensioning for a certain water residence time of the drainage runoff (the above described example is dimensioned for a delay period of about 12 hours at a maximum drainage flow of 0.5 l/s). Another factor is the price of sorbents, where biochar and vermiculite in particular are quite expensive (approximately 250 EUR/m3). Alternatively, woodchips can be used (80 EUR/m3). The price can also be reduced by a simpler construction of the biofilter bed. The minimum price for this measure is estimated at EUR 3 200."
6265,DE,Detention ponds,other,€,0.91,18.70 € per hour,unit,Detention pond (as documented here),,,,,,,,,0,25250.0,The costs were covered by the road construction authority (compensation measure for the construction of a new road),,,,,,,,0,618.0,The costs are covered by the road construction authority (compensation measure for the construction of a new road),VERYNEGATIVE,SLIGHTLYNEGATIVE,NEGATIVE,NEUTRAL,From the government perspective: A budget must be set aside annually for necessary maintenance to ensure functional efficiency.
6266,DE,Hedges to subdivide fields and provide environmental benefits,other,€,0.91,18.70€ per hour,area,1 m²,,,,,,,,,0,25.0,"7.54 €/m² are covered by the state of Saxony, RL Ne/ 2014- Planting hedges, copses and riparian woods  (SMUL Sachsen a)",,,,,,,,0,11.73,"3.91 €/m² are covered by the state of Saxony, RL Ne/ 2014- Woody plant rehabilitation - Hard pruning (SMUL Sachsen b)",NEGATIVE,SLIGHTLYNEGATIVE,SLIGHTLYPOSITIVE,POSITIVE,"The implementation costs of a hedge are rather high and include the plants (trees, shrubs, grass seed), required materials (e.g. fencing, perches for birds of prey, anti-mole mesh, trunk protection, bark mulch), the rental of required machinery and irrigation."
6272,CH,Drought-resistant crops,USD,,,,area,18 ha,,,,,,,,,0,,,,,,,,,,0,22575.0,,SLIGHTLYPOSITIVE,NEGATIVE,POSITIVE,POSITIVE,"The greatest difficulty in terms of costs lies in the lack of knowledge in the cultivation of these crops. The fact that very little scientific and practical knowledge and experience is available means that farmers take a greater risk in cultivating these crops. If cultivation is not carried out correctly and the farmer suffers production losses as a result, he bears the consequences. This is why they have to look for inventive solutions."
6319,LB,Runoff Pond Al Yakloum,,,,,,,,,,,,,,,8,,"Project ""Saving Water Growing Crops"" the full costs of rehabilitation",,,,,,,,2,,,NEUTRAL,POSITIVE,POSITIVE,SLIGHTLYNEGATIVE,
6347,GB,Silvopastoral Agroforestry with Cattle,other,£GBP,0.85,£150,area,40 hectares,{'en': '1 ha = 2.47 acres'},,,,,,,,0,8000.0,100%,1811.76,,,,,,1811.76,4,,,SLIGHTLYNEGATIVE,SLIGHTLYNEGATIVE,POSITIVE,POSITIVE,"The cost of trees, establishment (i.e. planting & replacing trees) and fencing"
6349,KE,Biochar application by smallholder farmers,USD,,,,unit,one gasifier cooking stove and the resulting amount of biochar,,50.0,,,,,,50.0,1,,,,16.5,,,,,16.5,1,,,POSITIVE,POSITIVE,POSITIVE,POSITIVE,Purchase price of the gasiﬁer stove. Opportunity cost for collection and pre-processing of tree prunings and crop residues for the stove.
6397,TR,Traditional Cisterns,USD,,,10 USD,unit,Cistern,,,,,,,,,0,,,44.0,50.0,,,15.0,,109.0,5,,Tarsus Municipality,VERYPOSITIVE,VERYPOSITIVE,VERYPOSITIVE,VERYPOSITIVE,Skilled labor and cleaning the inside of the cistern from litter and debris
6415,ES,Organic agriculture in the cooperative orchards of Murcia University,other,euro,0.99,,area,20m2,,,,50.5,,,,50.5,10,60.0,University of Murcia covered the cost of  stablishment activities,,,,50.51,,,50.51,7,50.0,University of Murcia,SLIGHTLYPOSITIVE,SLIGHTLYPOSITIVE,SLIGHTLYPOSITIVE,SLIGHTLYPOSITIVE,Only the users bought the material plant and the selected pest control that they choose in their individual plot
6416,MA,Diversified Cropping System: Relay Intercropping of Lentils with Chickpeas,other,Moroccan Dirham,10.63,75,area,1 Hectare,,,,,,,,,0,,,211.68,209.77,146.76,86.55,,,654.76,17,,,POSITIVE,POSITIVE,POSITIVE,POSITIVE,
6435,ES,Maintaining a 15th century irrigation system for a small orchard,other,euro,0.99,,area,0.2 ha,,90.91,28.28,681.82,,,,801.01,10,,,,35.35,373.74,,,,409.09,12,,,SLIGHTLYPOSITIVE,NEUTRAL,VERYPOSITIVE,NEUTRAL,"The users has already the material and the plants, only the manure is a gift from a neighbour"
6437,PS,Rainwater Harvesting for Olive Production,USD,,,,area,1 Hectare,,,,,,,,,0,7000.0,The project met the total costs for establishment.,,,,,,,,0,300.0,,VERYPOSITIVE,VERYPOSITIVE,VERYPOSITIVE,VERYPOSITIVE,
6441,ES,Intercropping of orange orchard with vegetables in southern Spain,other,euro,0.99,,area,,,80.80999999999999,25.25,404.04999999999995,,,,510.11,9,,,70.71,10.1,101.00999999999999,,,40.4,222.22,10,,,SLIGHTLYPOSITIVE,SLIGHTLYPOSITIVE,VERYPOSITIVE,SLIGHTLYPOSITIVE,
6471,MG,Brachiaria Grass Strips,other,Ariary,4300.0,5000,area,1 hectare,,31.400000000000006,,,,,,31.4,4,,The Brachiaria seeds were procured by the Prosol project.,17.44,,,,,,17.44,1,,,POSITIVE,POSITIVE,VERYPOSITIVE,VERYPOSITIVE,
6472,MG,Crop Residue Management,other,Ariary,4300.0,5000,area,1 hectare,,,,,,,,,1,,,46.52000000000001,18.6,,,,,65.12,4,,,,POSITIVE,,POSITIVE,
6473,MG,Crop Exclosures,other,Ariary,4300.0,5000,area,1 hectare,,6.98,16.28,,,,,23.26,2,,The seedlings were procured by the GIZ ProSoil project.,81.39,,,,,,81.39,2,,,NEGATIVE,SLIGHTLYNEGATIVE,SLIGHTLYPOSITIVE,POSITIVE,
6474,MG,Intercropping of Maize and Cowpeas,other,Ariary,4300.0,5000,area,1 hectare,,,,,,,,,4,,The seeds used were paid for by the ProSol project.,144.19,25.36,,,,,169.55,6,,Seed costs covered by project,,POSITIVE,,POSITIVE,
6475,MG,Basket Composting,other,Ariary,4300.0,5000,area,1 hectare,,448.84,25.58,28.6,97.67,,,600.69,5,,"The Prosol Project has provided equipment such as wheelbarrows, shovels and cassava cuttings.",11.63,,,,,,11.63,1,,,POSITIVE,POSITIVE,POSITIVE,POSITIVE,
6476,MG,Cultivation of Rice Varieties Suited to Fields with Poor Drainage,other,ariary,4300.0,5000,area,1 hectare,,79.07000000000001,181.39999999999998,27.91,27.91,,,316.29,10,,GIZ ProSoil Madagascar,47.67,51.16,,44.65,,,143.48,5,,,POSITIVE,POSITIVE,VERYPOSITIVE,VERYPOSITIVE,Tillage equipment and planting tools
6478,MG,Employing Fascines (Vegetative Check Dams) in Land Management,other,ariary,4300.0,5000,unit,Fascine line,,2.32,,0.23,,,,2.55,3,,man-days,1.16,,,,,,1.16,1,,,SLIGHTLYPOSITIVE,SLIGHTLYPOSITIVE,POSITIVE,POSITIVE,Labor for installation and maintenance
6479,MG,Contour Farming,other,ariary,4300.0,7500,area,1 hectare,,,86.03999999999999,,,,,86.04,4,,,,46.51,,,,,46.51,1,,,SLIGHTLYNEGATIVE,POSITIVE,POSITIVE,VERYPOSITIVE,Equipment and labor for the implementation of the technology
6480,MG,Grass strips enriched with Cajanus cajan,other,ariary,4300.0,5000,area,1 hectare,,2.33,,3.26,,,,5.59,2,,GIZ ProSoil Madagascar,4.65,,,,,,4.65,1,,,SLIGHTLYPOSITIVE,SLIGHTLYPOSITIVE,POSITIVE,POSITIVE,Labour for implementation.
6481,MG,Soil Regeneration through Cajanus cajan  (pigeon pea) mini-forests,other,ariary,4300.0,7500,area,1 hectare,,52.32000000000001,48.83,18.6,,,,119.75,5,,GIZ ProSol Madagascar,6.98,,,,,,6.98,1,,,SLIGHTLYNEGATIVE,SLIGHTLYNEGATIVE,POSITIVE,POSITIVE,Labour for implementation
6482,MG,Reboisement Villageois Individuel (RVI),other,ariary,4500.0,5000,area,1 ha,,11.0,222.01,0.36,1.78,,26.11,261.26,19,,PGDRN,23.33,8.89,,,,,32.22,5,,,SLIGHTLYNEGATIVE,SLIGHTLYNEGATIVE,POSITIVE,POSITIVE,Main d'œuvre et équipements de mise en place
6483,MG,Liquid Compost,other,Ariary,4300.0,5000,unit,Volume of the liquid compost preparation container (litre),,,256.28000000000003,,,,,256.28,6,,"Each farmer was provided with the necessary equipment (1 watering can, 1 bowl, 1 bucket, etc.) by GIZ ProSoil.",22.090000000000003,,,,,,22.09,4,,,POSITIVE,POSITIVE,VERYPOSITIVE,VERYPOSITIVE,
6486,TN,Small-Scale Nutrient-Dense Pellet Production,other,Tunisian Dinar,3.0,25,unit,1 ton of Pellets,,,3000.0,,,,,3000.0,1,,,2.0,,190.47,,,3.0,195.47,6,,,POSITIVE,VERYPOSITIVE,VERYPOSITIVE,VERYPOSITIVE,
6489,IN,Legumes in rice-based cropping systems,other,Indian rupee,80.0,,area,1 hectare of lentil cultivation,,,,,,,,,0,,,210.0,131.25,68.44,114.07,,110.0,633.76,21,,,VERYPOSITIVE,POSITIVE,VERYPOSITIVE,POSITIVE,
6507,KZ,Fundamental Improvement of Low-Productivity Pastures through Strip Planting of Perennial Drought-Resistant Grasses in the Foothill Semi-Desert Zone of Southeastern Kazakhstan,other,tenge,429.3,,unit,ha,,15.509999999999998,34.7,76.87,,,13.42,140.5,14,,Part of the costs were covered by the FAO/GEF project “Integrated Natural Resources Management in Drought-Prone and Salt-Affected Agricultural Landscapes of Central Asia and Turkey” (CACILM-2),15.51,34.7,48.92,,,13.43,112.56,5,,,POSITIVE,POSITIVE,VERYPOSITIVE,VERYPOSITIVE,Purchase of seeds of perennial forage grasses
6518,BJ,Intercropping Pigeon Pea with Maize,other,CFA F,615.0,2500,area,1ha,,105.69000000000001,60.16000000000001,26.020000000000003,,,,191.87,9,,,24.39,,,,,,24.39,2,,,VERYPOSITIVE,VERYPOSITIVE,POSITIVE,POSITIVE,Labour scarcity
6536,BJ,Dry season grazing in cropland,other,CFA F,615.46,,area,1ha,,1.62,5.69,,,4.87,,12.18,4,,,,,,,,,,0,50000.0,,POSITIVE,VERYPOSITIVE,VERYPOSITIVE,VERYPOSITIVE,The manpower needed to install the fence
6563,ET,Panicum coloratum for irrigated fodder,other,Ethiopian Birr (ETB),53.438,It is variable based on the types of work (from 50 birr to 100) for half day before the sun gets too hot. That is equivalent to one day in dry lowland areas.,area,1 timad,{'en': '4 timad'},125.38,14.969999999999999,22.46,46.78,,74.86,284.45,10,,"Other than cost of labor, some inputs and material costs are covered by the RIPA project of the iDE.",119.75999999999999,37.43,,46.78,,,203.97,6,,NA,SLIGHTLYPOSITIVE,POSITIVE,POSITIVE,VERYPOSITIVE,"Economic crisis and increasing Inflation rate affect the establishment as well as maintenance costs. Particularly, fuel, fertilizer, and labor costs are consistently changing."
6599,GH,Farmer Managed Natural Regeneration(FMNR),other,Cedis,13.9493,N/A,area,10 acres,{'en': '1 hectare= 2.5 acres'},392.85999999999996,126.17000000000002,,,,,519.03,10,,The cost is covered by the projects,86.03,364.18,68.82,,,,519.03,11,,N/A,SLIGHTLYPOSITIVE,SLIGHTLYPOSITIVE,VERYPOSITIVE,VERYPOSITIVE,"Increase in fuel prices and government tax affects cost of sickles, cutlasses, Wellington boots, pruning knives, food and snacks and T-shirts in the markets"
6600,KE,Farmer managed natural regeneration in smallholdings,USD,,,$3,area,1 acre,{'en': '0.4 ha'},18.0,,,,,,18.0,13,,,3.0,,,,,,3.0,1,,,SLIGHTLYPOSITIVE,SLIGHTLYNEGATIVE,VERYPOSITIVE,VERYPOSITIVE,"1) density of the species
2) frequency and intensity of the rains
3) level of degradation
4) management objectives"
6601,TN,Individual Dry-Stone Basins,other,Tunisian dinars,3.1,17.664,unit,Individual dry-stone basin,,5.48,36.77,,,12.9,,55.15,5,,Directorate-General for Agricultural Land Planning and Conservation,,,,,,,,3,,,POSITIVE,POSITIVE,VERYPOSITIVE,VERYPOSITIVE,The key cost determinants in this process are the availability of labor and stones in the field.
661,NE,Improved millet variety HKP,other,CFA franc,617.0,1250 CFA francs per person-day,area,1 ha,,45.58,,4.86,68.07000000000001,,,118.51,6,,Project,45.58,,4.86,68.07000000000001,,,118.51,6,,,VERYPOSITIVE,VERYPOSITIVE,VERYPOSITIVE,VERYPOSITIVE,Fertiliser and biocides. 
6610,TN,Stone Lines,,,,25,,,,,,,,,,,4,,Directorate-General for the Development and Conservation of Agricultural Lands,,,,,,,,1,,,VERYPOSITIVE,VERYPOSITIVE,VERYPOSITIVE,VERYPOSITIVE,"- Availability of workers
- Availability of dry stones"
6615,SN,Régénération Naturelle Assistée (RNA) : une alternative pour inverser la dégradation des terres,other,FCFA,550.0,4000 FCFA,area,1hectare,,,7.640000000000001,,,,,7.64,4,,,,7.640000000000001,,,,,7.64,3,,,POSITIVE,POSITIVE,VERYPOSITIVE,VERYPOSITIVE,Le coût de la main d’œuvre
6619,KZ,Introduction of sweet sorghum into rice crop rotations to restore degraded saline lands and diversify agricultural production,other,tenge,426.03,,unit,ha,,56.67,52.26,8.8,55.589999999999996,,47.330000000000005,220.65,9,,Within the framework of the FAO-GEF project “Integrated Natural Resources Management in Drought-Prone and Salt-Affected Agricultural Production Landscapes in Central Asia and Turkey (CACILM-2)” (GCP/SEC/293/GFF),56.67,52.26,8.8,55.589999999999996,,47.330000000000005,220.65,9,,Within the framework of the FAO-GEF project “Integrated Natural Resources Management in Drought-Prone and Salt-Affected Agricultural Production Landscapes in Central Asia and Turkey (CACILM-2)” (GCP/SEC/293/GFF),POSITIVE,POSITIVE,VERYPOSITIVE,VERYPOSITIVE,"The cost of fuels and lubricants (F&L), mineral fertilizers and seeds."
6621,ET,Multistorey agroforestry,other,Ethiopian Birr,53.12,"In rural area wage rate vary by type of work: coffee harvest-80 ETB/day, weeding 60 ETB/day. About 70 birr/day, on average.",area,4Timad,"{'en': '4 Timad = 1 ha', 'fr': '4 Timad = 1 ha'}",108.25,28.240000000000002,1131.3999999999999,124.25,,,1392.14,13,,"In the past, coffee seedling was freely supplied to the farmer by the Ministry of Agriculture. The trend has changed recently. Apart from some tree seedlings that are freely supplied through government nurseries, virtually all costs for the establishment of Agroforestry are covered by the farmer themselves.",112.00999999999999,112.95,47.06,124.25,,,396.27,9,,,SLIGHTLYPOSITIVE,POSITIVE,VERYPOSITIVE,VERYPOSITIVE,"Economic crisis and the prevailing inflation in the country, and global changes in price of petroleum and other commodities such as chemical fertilizers."
6623,ET,Livestock Urine Collection and Use,other,ETB,53.6283,500,unit,,,37.3,74.59,,3.73,130.52,,246.14,9,,ISFM+ of the GIZ,108.14999999999999,,,,,,108.15,2,,NA,POSITIVE,POSITIVE,VERYPOSITIVE,VERYPOSITIVE,"Economic crisis, spiking inflation, and overall labour and material market cost instability."
6628,ET,Cover crops,other,ETB,53.6283,250,area,Timad = 0.25 ha,"{'en': '1 ha = 4 Timad', 'fr': '1 ha = 4 Timad'}",,,,,,,,0,,,97.89,,6.71,,,,104.6,4,,Agroecology/ Integrated Soil Fertility Management Project (ISFM+),POSITIVE,POSITIVE,VERYPOSITIVE,VERYPOSITIVE,The prevailing economic crisis and rising of inflation in the country contributes to inputs and other services price uncertainty.
663,NE,Improved cowpea variety (IT90k372-1-2),other,CFA franc,617.0,1250 CFA francs per person-day,area,the unit of the area is hectare (ha),,40.52,,12.16,50.25,,,102.93,5,,The project has financed the cost of seed and the management.,40.52,,12.16,50.25,,,102.93,5,,,POSITIVE,POSITIVE,POSITIVE,POSITIVE,The cost of the technology is most influenced by the chemical fertiliser.
6630,ET,Relay Intercropping,other,Ethiopia Birr (ETB),53.6283,400,area,4 Timad,"{'en': '4 Timad = 1ha', 'fr': '4 Timad = 1ha'}",,,,,,,,0,,,119.34,,44.75,41.96,,,206.05,6,,,,POSITIVE,,VERYPOSITIVE,"Usually, the cost is influenced by the economic crisis and high inflation rate experienced in the last few years in Ethiopia. It is also related to global fuel and fertilizer prices as well as other crises which are the potential causes."
664,BD,Emergency infrastructure including shelter and linked transport infrastructure,other,Bangladeshi Taka (BDT),79.0,350 BDT,unit,"flood shelter, raised school compound, disaster resilient tube well, concrete platform for (existing) tube well, wooden bridge, road construction/repair",,8402.18,,1702.9099999999999,,18687.4,2887.97,31680.46,20,,10% of all construction cost (except community resource center) is borne by the user. Another 15% is provided by the local government bodies. The remaining 75% is subsidised by the project.,87.21,,24.05,,47.85000000000001,,159.11,13,,"Maintenance costs are to date (2017) distributed as construction (10% by the users, 15% by the local government). A  cost transfer scheme to the users and local government for maintenance is developped to be applied in the follow-up phase.",VERYPOSITIVE,POSITIVE,POSITIVE,SLIGHTLYPOSITIVE,Transportation of raw material from the mainland to the sites on the 'Char' Islands varies across seasons. In the dry season it is much higher compared to monsoon as the delivery of material is easier in the latter due to extended river outreach.
6641,ET,Treating acid soils with lime,other,ETB,53.12,400,area,Sanga 4,"{'en': '1 ha = 8 Sanga', 'fr': '1 ha = 8 Sanga'}",109.19,,,188.25,,,297.44,4,,"ISFM+ of the GIZ covers input costs at the beginning of introducing the technology. Of course, the project covered input costs for 600m2 of the farmland just to demonstrate the technology.",90.36,,,188.25,,,278.61,3,,"Cost sharing of the land users is expected with the ISFM+ project to sustain independent uses of the inputs and avoidance of dependency on external actors. However, for the demonstration plots, the cost is covered by the project.",POSITIVE,SLIGHTLYPOSITIVE,VERYPOSITIVE,VERYPOSITIVE,Global increment of Fuel prices influences the corresponding increase in the price of inputs and other services costs in addition to the prevailing economic crisis and persistently rising inflation.
6643,ET,Vermicomposting,other,ETB,53.12,200,unit,"House, boxes, worms, labor...",,689.01,65.89,,,,583.58,1338.48,4,,ISFM+ project of the GIZ covered some minor costs of a farmer.,689.01,,,,,,689.01,1,,,SLIGHTLYNEGATIVE,POSITIVE,VERYPOSITIVE,VERYPOSITIVE,The cost is consistently changing. It might be attributed to the economic crisis and the growing inflation.
6644,ET,Crop Residue Management,other,ETB,53.12,,area,4 sanga,"{'en': '1ha', 'fr': '1ha'}",,,,,,,,0,,,,,,,,,,0,2500.0,,,POSITIVE,,VERYPOSITIVE,Change of the cost is related to the inflation and economic instability.
6645,ET,Green Manures,other,ETB,53.12,200,area,1.5 Sanga,"{'en': '1ha = 8 sanga', 'fr': '1ha = 8 sanga'}",22.6,,5.65,,,,28.25,4,,The initial cost for introducing green manure seed is produced by ISFM+ of the GIZ.,16.94,,5.65,,,,22.59,2,,,POSITIVE,POSITIVE,VERYPOSITIVE,VERYPOSITIVE,Cost is highly volatile in Ethiopia. It could be attributed to global and national economic crises and price changes.
6646,ET,Bioslurry,other,ETB,53.12,200,unit,Biogas structure,,225.9,148.72,,,320.03,,694.65,8,,ISFM+ project and District Water and Energy Office separately as well as jointly support the establishment of biogas/bioslurry technology.,,18.83,,,,,18.83,2,,ISFM+ project and District Water and Energy office.,SLIGHTLYNEGATIVE,POSITIVE,VERYPOSITIVE,VERYPOSITIVE,Economic crisis and price volatility of the labor and materials.
6648,KE,Compost for organic waste management and improved crop yields,other,KES,122.95,200,unit,Heap of compost,,4.88,10.899999999999999,6.51,8.989999999999998,19.52,0.16,50.96,20,,ProSoil project,14.64,5.199999999999999,4.88,8.989999999999998,,0.16,33.87,16,,ProSoil project,SLIGHTLYPOSITIVE,VERYPOSITIVE,VERYPOSITIVE,VERYPOSITIVE,"Rate of man-days vary from one place to another. It is not easy to attach monetary value to some of the input e.g., animal urine, cow dung, and water. 

Exchange rate for January 2023, source: European Commission/ InfoEuro online at https://commission.europa.eu/funding-tenders/procedures-guidelines-tenders/information-contractors-and-beneficiaries/exchange-rate-inforeuro_en"
6649,ET,Improved Compost,other,ETB,53.12,100,unit,Compost production structure,,9.41,36.9,,,18.259999999999998,,64.57,9,,"So far, the district/Woreda Office of Agriculture covered the cost of the spade for participating model farmers in the training as an incentive.",9.41,,,,15.059999999999999,,24.47,3,,,SLIGHTLYPOSITIVE,SLIGHTLYPOSITIVE,POSITIVE,POSITIVE,"Material prices are also variable because of economic instability and price fluctuation.  In general, the cost is inconsistent because of inflation."
6652,BJ,The Half-Moon Technique,other,CFA F,615.18,2000,unit,1 half moon,,203.2,5.69,,,1066.76,,1275.65,6,,,101.6,,,101.6,,,203.2,4,,,SLIGHTLYPOSITIVE,SLIGHTLYPOSITIVE,VERYPOSITIVE,POSITIVE,Salaried labour is a limiting factor affecting costs.
6655,TN,Mechanical Benches,other,Tunisian dinars,3.1,20,area,ha,,,,,,,,,0,2500.0,Directorate-General for the Development and Conservation of Agricultural Lands,,,,,,,,0,375.0,Directorate-General for the Development and Conservation of Agricultural Lands (DGACTA),VERYPOSITIVE,VERYPOSITIVE,VERYPOSITIVE,VERYPOSITIVE,"The cost of installing mechanical embankments is contingent on the site's condition. If the site is rocky or the soil is hard, construction may prove more challenging and time-consuming. Additionally, the size of a embankment bench influences the overall cost, as larger embankments require more materials, labor, and equipment.
Labour costs depend on the location and the availability of workers."
6660,IN,Eradication of Lantana Camara (invasive species) for Soil Rehabilitation on Private Land,other,INR,80.0,204,area,1 hectare,,,,,,,,,0,,,90.36,,,,,,90.36,1,,The remaning cost is being covered by the project funds routed through community participation.,VERYPOSITIVE,POSITIVE,VERYPOSITIVE,VERYPOSITIVE,"The density of lantana in the field is categorized into 3: more than 1500 bushes are considered high density, and between 500-1500 are considered moderately dense, while less than 500 is known as lowly dense."
6663,TN,Contour tillage,other,Tunisian dinars,3.1,20,area,1 ha,,,,,,,,,0,150.0,,,,,,,,,0,150.0,,VERYPOSITIVE,VERYPOSITIVE,POSITIVE,POSITIVE,Equipment and fuel costs
6664,BJ,Mulching and Cover Cropping,other,CFA F,619.68,2000,area,1 kanti,"{'en': '400 square meters', 'fr': '400 mètre carré'}",7.99,,2.02,,,,10.01,5,,,4.03,,,,,,4.03,2,,,POSITIVE,VERYPOSITIVE,SLIGHTLYPOSITIVE,POSITIVE,Searching for straw when farmers want to grow vegetables on a large scale
6665,BJ,Biochar Production and Application to Improve Soils,other,CFA F,618.0,2500,unit,Kilogram,,89.81,,8.09,,,,97.9,4,,,8.09,,,35.6,,,43.69,2,,,POSITIVE,POSITIVE,SLIGHTLYPOSITIVE,SLIGHTLYPOSITIVE,"Cob availability is the most important factor. Producers are becoming increasingly aware of the importance of recycling crop residues. Therefore, a large-scale application requires a large quantity of cobs or harvest residues."
6666,TN,Dry Stone Walls,other,Tunisian dinars,3.1,,area,ha,,645.16,64.52,,,64.52,,774.2,3,,Directorate-General of Agricultural Land Management and Conservation,77.42,,,,,,77.42,1,,Directorate-General for Agricultural Land Planning and Conservation,VERYPOSITIVE,VERYPOSITIVE,VERYPOSITIVE,VERYPOSITIVE,The two factors affecting costs are the availability of labour and stones in the field.
6667,TN,Meslin: Mixed crops of cereals and legumes,other,Tunisian dinars,3.1,20,area,1 ha,,,,,,,,,0,,Tunisian Environmental Agriculture Association (ATAE),,,,,,,,0,1595.0,Tunisian Environmental Agriculture Association (ATAE),VERYPOSITIVE,VERYPOSITIVE,VERYPOSITIVE,VERYPOSITIVE,"- Plowing and seeding
- Availability of seeds on the market"
6668,TN,Seed Cleaning and Treatment,other,Tunisian dinar,3.1,20,area,10 ha,,38.71,122.58,35.48,37.099999999999994,,167.74,401.61,9,,,25.81,,,,,25.81,51.62,2,,,VERYPOSITIVE,VERYPOSITIVE,VERYPOSITIVE,VERYPOSITIVE,Availability of workers
6669,TN,Small-Scale Seed Cleaning Unit,other,Tunisian Dinar,3.0,25,unit,100 kilogram cleaned and treated seed,,,4166.67,,,,,4166.67,1,,,0.33,0.07,,2.0,,,2.4,4,,,POSITIVE,VERYPOSITIVE,VERYPOSITIVE,VERYPOSITIVE,"The costs of purchasing the machine is substantial. However, this should be shared among farmers within the cooperation."
6671,BJ,Crop Residue Management with Minimum Tillage,other,CFA F,614.18,,area,1ha,,136.76999999999998,10.58,,,,,147.35,6,,,8.14,,,,,,8.14,1,,,VERYPOSITIVE,VERYPOSITIVE,SLIGHTLYPOSITIVE,POSITIVE,Labour for ploughing operations when necessary
6672,BJ,Gmelina-Based Agroforestry,other,Franc CFA,615.0,,area,1ha,,621.96,45.53,430.89,,,,1098.38,6,,,460.15999999999997,,,,,,460.16,2,,,NEGATIVE,NEGATIVE,VERYPOSITIVE,VERYPOSITIVE,Maintenance labour
6674,TN,Biological consolidation of mechanical benches with olive trees,other,Tunisian dinars,3.1,,area,1 ha,,,,,,,,,0,600.0,Directorate-General for the Development and Conservation of Agricultural Lands,,,,,,,,0,1000.0,,VERYPOSITIVE,VERYPOSITIVE,VERYPOSITIVE,VERYPOSITIVE,- Availability of workers
6675,KE,Retention ditches for soil and water conservation,other,KES,122.95,300,area,0.4 ha,,24.4,13.75,,,,16.27,54.42,8,,ProSoil project,,,,,,,,0,2000.0,,POSITIVE,VERYPOSITIVE,VERYPOSITIVE,VERYPOSITIVE,"Rate of man-days vary from one place to another and also depend on the kind of work.

Exchange rate for January 2023, source: European Commission/ InfoEuro online at https://commission.europa.eu/funding-tenders/procedures-guidelines-tenders/information-contractors-and-beneficiaries/exchange-rate-inforeuro_en"
6677,BF,Pit Composting,,,613.5,"CFA F 3,000",unit,Pit,,57.05,82.31,,,108.8,24.45,272.61,10,,,44.01,,,,,,44.01,3,,,POSITIVE,POSITIVE,POSITIVE,POSITIVE,Equipment price fluctuations are the most significant factors affecting costs.
6678,TN,Legume inoculation with Rhizobium,other,Tunisian dinar,3.1,25,area,1 ha,,,,,,,,,0,500.0,INGC/projet ProSol,,,,,,,,0,,,VERYPOSITIVE,VERYPOSITIVE,VERYPOSITIVE,VERYPOSITIVE,
6679,BJ,Production of Cassava - a Drought Tolerant Crop,USD,,613.0,2500,area,1h,,91500.0,,50000.0,,,,141500.0,4,,,115000.0,,,,,,115000.0,4,,,VERYPOSITIVE,VERYPOSITIVE,POSITIVE,POSITIVE,"The most substantial costs are associated with harvesting, primarily due to its labor-intensive nature. Significant expenditures also arise from purchasing cuttings and the process of taking cuttings. Therefore, the most important factors affecting costs are labor and the purchase of cuttings."
668,AF,Afforestation for firewood production,USD,,67.0,5.2-5.3 USD,area,1 ha,,318.0,47.1,371.25,262.5,,,998.85,13,,Livelihood Improvement Project Takhar  (LIPT) implemented by Terre des hommes (Tdh) Switzerland,159.0,,,,,,159.0,4,,,VERYPOSITIVE,,VERYPOSITIVE,,"Due to the remoteness of the villages where the technology has been implemented, all the inputs for establishment, such as agricultural equipment, plant material, fertilizers, etc., are purchased in Rustaq town. The expenses for traveling and delivering the inputs affect the establishment costs."
6680,BJ,Mucuna as a cover crop to improve soil fertility,other,CFA F,615.0,,area,1ha,,117.89000000000001,11.379999999999999,24.39,,,,153.66,9,,,93.51,,,,,,93.51,4,,,VERYPOSITIVE,VERYPOSITIVE,POSITIVE,POSITIVE,Paid labour for harvesting is a limiting factor.
6682,BJ,Contour ploughing and residue management,other,CFA F,615.0,,area,1ha,,95.93,11.379999999999999,,,,,107.31,5,,,40.650000000000006,,,,,,40.65,2,,,POSITIVE,POSITIVE,POSITIVE,SLIGHTLYPOSITIVE,"Workers required for ploughing work, especially on moderate slopes."
6683,BJ,Staggered Planting as a Climate Change Adaptation Strategy,other,CFA F,615.0,2500,area,1ha,,128.45000000000002,,,,,,128.45,4,,,24.39,,,,,,24.39,1,,,VERYPOSITIVE,VERYPOSITIVE,POSITIVE,POSITIVE,Labour
6685,KE,Vermicomposting: an effective liquid fertilizer and biopesticide,other,KES,122.95,300,unit,A half drum vermicomposting unit as described in 2.2,,,,,,,,,15,7000.0,The ProSoil project provided the worms,,,,,,,,0,2000.0,,POSITIVE,VERYPOSITIVE,VERYPOSITIVE,VERYPOSITIVE,"Rate of man-days vary from one place to another. It is not easy to attach monetary value to some of the input e.g., wastes and water.

Exchange rate for January 2023, source: European Commission/ InfoEuro online at https://commission.europa.eu/funding-tenders/procedures-guidelines-tenders/information-contractors-and-beneficiaries/exchange-rate-inforeuro_en"
6686,BJ,Short-Cycle Varieties of Maize,other,CFA F,,,area,1 ha,,,,,,,,,4,,,,,,,,,,5,,,VERYPOSITIVE,VERYPOSITIVE,POSITIVE,POSITIVE,Labourers for ploughing and weeding
6687,BF,Tiarako dyke,,,613.5,CFA F 106/linear meter,unit,Linear meter,,0.17,0.02,,,2.04,0.03,2.26,6,,The installations were financed by ProSol.,,,,,,0.02,0.02,1,,,SLIGHTLYPOSITIVE,VERYPOSITIVE,POSITIVE,VERYPOSITIVE,The most significant factors affecting costs are the proximity of loose stones and the availability of labour.
6689,IN,Community Based Soil Rehabilitation for Grassland on Common Lands after Eradication of the Invasive Lantana Camara,other,INR (2023 April),82.12,204,area,1,"{'en': 'ha', 'fr': 'ha'}",95.34,12.18,42.620000000000005,,,,150.14,6,,The remaining cost is being covered by the project funds routed through community participation.,29.23,,24.35,,,,53.58,2,,The Project and other Government agencies support by providing the planting material,POSITIVE,VERYPOSITIVE,VERYPOSITIVE,VERYPOSITIVE,"The density of lantana in the field is categorized into 3: more than 1500 bushes are considered high density, and between 500-1500 are considered moderately dense, while less than 500 is known as lowly dense. Such categories have a decicive impact on the costs."
669,AF,Establishment of improved orchards and vineyards,USD,,67.0,5.2-5.3 USD per day,area,1 ha,,185.5,47.1,476.1,1425.0,,,2133.7,15,,Livelihood Improvement Project Takhar  (LIPT) implemented by Terre des hommes (Tdh) Switzerland,106.0,18.0,,37.5,,,161.5,6,,Livelihood Improvement Project Takhar  (LIPT) implemented by Terre des Hommes (Tdh) Switzerland,VERYPOSITIVE,,VERYPOSITIVE,,"Due to the remoteness of the villages where the Technology has been implemented, all the inputs for establishment, such as agricultural equipment, plant material, fertilizers, etc., are purchased in Rustaq town. The expenses for traveling and delivering the inputs affect the establishment costs."
6690,IN,Biochar Production from the Invasive Species Lantana Camara,other,INR,80.0,204,area,,,,337.5,,,,,337.5,2,,The remaining cost is being covered by the project funds routed through community organisations,71.25,,,2.5,,,73.75,6,,,POSITIVE,SLIGHTLYPOSITIVE,VERYPOSITIVE,VERYPOSITIVE,Cost of the biochar kiln
6691,BF,Filtering dyke,,,613.5,4333.67 FCFA/linear meter,unit,Linear meter,,7.0600000000000005,1.36,,,16.3,1.36,26.08,6,,,,,,,,0.91,0.91,1,,,SLIGHTLYPOSITIVE,VERYPOSITIVE,POSITIVE,VERYPOSITIVE,The most important factors affecting costs are proximity to loose stone and labour availability.
6693,IN,Biochar Application on Homestead Land,other,INR,82.5,204,area,1 Ha,,,133.33,,,,,133.33,2,,Project has financially supported the local environment committes in purchase and setting up of the Biochar Kiln units,14.54,,,8.48,,,23.02,7,,,POSITIVE,POSITIVE,VERYPOSITIVE,VERYPOSITIVE,The primary factor affecting the cost is the labor cost for applying biochar to the field and the easy availability of biomass/crop residues/Lantana for biochar production
6695,IN,"Preparation of Bio-Inputs such as Vermicompost, Biofertilizers, and Biopesticides",,,82.0,3,unit,"Vermicompost unit is a pit, biofertilizer and pesticides unit in litre, Materials is in Kg",,121.95,36.59,9.89,126.55,35.379999999999995,219.51,549.87,19,,,152.44,,,48.790000000000006,,6.1,207.33,5,,,SLIGHTLYPOSITIVE,SLIGHTLYNEGATIVE,POSITIVE,VERYPOSITIVE,The availability of locally available raw materials and labor
6697,IN,Pre-Monsoon Dry Sowing (PMDS),other,"INR (March, 2023)",82.5,204 INR,area,1 acre,,,,,,,,,0,,,8.48,10.91,5.45,4.85,,,29.69,7,,,VERYPOSITIVE,VERYPOSITIVE,POSITIVE,VERYPOSITIVE,"Availability of seeds, bio-inputs, and rainfall pattern. Usually, there are rains during the pre-monsoon season in the project area, however, in case of no rains at all during the entire summer, farmers may not be in a position to achieve the desired results."
6699,KE,Permanent soil cover,other,KES,124.21,KES 250.00,area,1 acre,,,,,,,,,0,,,56.349999999999994,9.810000000000002,6.04,,,,72.2,9,,ProSoil through GFA,VERYPOSITIVE,VERYPOSITIVE,VERYPOSITIVE,VERYPOSITIVE,"Rate of man-days vary from one place to another, farmer to farmer, and with type of work.

Exchange rate for February 2023, source: European Commission/ InfoEuro online at https://commission.europa.eu/funding-tenders/procedures-guidelines-tenders/information-contractors-and-beneficiaries/exchange-rate-inforeuro_en"
670,AF,Contour hedgerows of alfalfa in annual cropland,USD,,67.0,5.2-5.3 USD per day,area,1 ha,,257.0,115.1,66.14999999999999,350.0,,,788.25,13,,Livelihood Improvement Program in Takhar (LIPT) implemented by Terre des hommes (Tdh),184.5,7.55,59.22,337.5,,,588.77,10,,Livelihood Improvement Program in Takhar (LIPT) implemented by Terre des hommes (Tdh),POSITIVE,,POSITIVE,,"Due to the remoteness of the villages where the Technology has been implemented, all the inputs for establishment, such as plant material, fertilizers and agricultural tools are purchased in Rustaq town. The expenses for traveling and delivering the inputs affect the establishment costs."
6701,KE,Push-pull crop pest control,other,KES,124.21,KES 250.00,area,0.0528 ha,,8.05,9.25,2.67,16.91,,,36.88,8,,ProSoil project through Welthungerhilfe.,16.11,2.33,,,,,18.44,6,,ProSoil project through Welthungerhilfe.,VERYPOSITIVE,VERYPOSITIVE,VERYPOSITIVE,VERYPOSITIVE,"Rate of man-days vary from one place to another, farmer to farmer, and with type of work.

Exchange rate for February 2023, source: European Commission/ InfoEuro online at https://commission.europa.eu/funding-tenders/procedures-guidelines-tenders/information-contractors-and-beneficiaries/exchange-rate-inforeuro_en"
6702,KE,Lime application to acid soils,other,KES,124.21352,,area,0.4 ha,,41.059999999999995,24.15,,48.3,,6.44,119.95,5,,,41.059999999999995,24.15,,7.25,,6.44,78.9,5,,,VERYPOSITIVE,VERYPOSITIVE,VERYPOSITIVE,VERYPOSITIVE,"Rate of man-days and costs vary from one place to another, farmer to farmer, and with type of work. Costs for maintenance are subject to change with time.

Exchange rate for February 2023, source: European Commission/ InfoEuro online at https://commission.europa.eu/funding-tenders/procedures-guidelines-tenders/information-contractors-and-beneficiaries/exchange-rate-inforeuro_en"
6704,BF,Organic Manure-Based Fertilization,,,613.5,"CFA F 2,000",unit,Pit,,57.05,117.35999999999999,211.9,,108.8,24.45,519.56,11,,,39.12,,,,,,39.12,2,,,POSITIVE,POSITIVE,VERYPOSITIVE,VERYPOSITIVE,"The successful deployment of this technology is influenced by factors such as labor expenses, costs related to small equipment, and transportation expenditures."
6705,KE,Vegetative cross-slope barriers,other,KES,124.21352,250,area,0.00761 ha,"{'en': '1 ha = 2.47 acres', 'fr': '1 ha = 2,47 acres'}",,,,,,,,0,8000.0,The ProSoil project through Welthungerhilfe purchased grass splits and tree seedlings for the farmer(s) and covered the cost of contour surveying.,10.07,5.5600000000000005,,8.05,,,23.68,6,,,VERYPOSITIVE,VERYPOSITIVE,VERYPOSITIVE,VERYPOSITIVE,"Rate of man-days vary from one place to another and also depend on the kind of work.

Exchange rate for January 2023, source: European Commission/ InfoEuro online at https://commission.europa.eu/funding-tenders/procedures-guidelines-tenders/information-contractors-and-beneficiaries/exchange-rate-inforeuro_en

The stated costs are estimates."
6708,BF,Establishment of Grassed Strips,,,613.5,"CFA F 2,000",unit,Linear meter,,0.03,0.01,1.09,,,0.03,1.16,6,,,,,,,,,,0,,,SLIGHTLYPOSITIVE,SLIGHTLYPOSITIVE,VERYPOSITIVE,VERYPOSITIVE,Seed and labour availability are the most significant factors affecting costs.
671,AF,Rotational grazing to restore degraded pastures,USD,,67.0,5.2-5.3 USD,area,1 ha,,1286.5,14.3,7.35,168.75,,,1476.9,10,,Livelihood Improvement Project Takhar  (LIPT) implemented by Terre des hommes (Tdh) Switzerland,920.5,,7.35,,,,927.85,3,,,VERYPOSITIVE,VERYPOSITIVE,,,"Due to the remoteness of the villages where the technology has been implemented, all the inputs for establishment, such as agricultural equipment, plant material, fertilizers, etc., are purchased in Rustaq town. The expenses for traveling and delivering the inputs affect the establishment costs."
6715,ET,Water Spreading Weirs,USD,,,8.414 USD,unit,1 WSW,,,,,,,,,0,27490.0,"So far, the project entirely cover the investment and maintenance costs.",,,,,,,,0,12154.0,The cost is borne by the project.,POSITIVE,POSITIVE,VERYPOSITIVE,VERYPOSITIVE,Economic crisis and frequently escalating material costs along with rising financial inflation.
6716,ET,Double Basin Masonry Check Dam,USD,,,8.5 - 16  USD based on their skills,unit,check dam,,,,,,,,,0,9200.0,The project is responsible to cover the cost.,,,,,,,,0,3244.0,"The project is expected to cover the entire maintenance cost. However, maintenance cost is attributed to various factors including the degree of damage, material costs at the time, etc. The figure merely represents an estimation of the cost, on average.",POSITIVE,POSITIVE,VERYPOSITIVE,VERYPOSITIVE,"Inflation and increasingly changing material prices, labor and transportation costs."
6719,BF,Producing and Using Agroforestry Tree Seedlings,,,608.0,"CFA F 1,000",area,Hectare,,82.24,95.38,16.2,1151.32,,9.87,1355.01,11,,,82.24,,,,,9.87,92.11,2,,,POSITIVE,POSITIVE,VERYPOSITIVE,VERYPOSITIVE,The most important factors affecting costs are seedling maintenance and equipment availability.
672,AF,Rehabilitation  of degraded pastures with alfalfa,USD,,67.0,5.2-5.3 USD,area,1 ha,,1003.5,10.3,7.35,168.75,,,1189.9,9,,Livelihood Improvement Project Takhar  (LIPT) implemented by Terre des hommes (Tdh) Switzerland,1265.0,7.55,,,,,1272.55,5,,,VERYPOSITIVE,,VERYPOSITIVE,,"Due to the remoteness of the villages where the technology has been implemented, all the inputs for establishment, such as agricultural equipment, plant material, fertilizers, etc., are purchased in Rustaq town. The expenses for traveling and delivering the inputs affect the establishment costs."
6721,IN,Improved Cattle Shed Flooring for Conservation of Cow Dung and Urine for Biofertilizer Production at Farm Level,other,Indian Rupee,82.24,240,unit,one cattle shed,,,,,,,,,0,28000.0,Gram Paryavaran Samiti and Prakritik Sansadhan Prabhandhan Samiti,,,,,,,,0,,,NEGATIVE,SLIGHTLYNEGATIVE,POSITIVE,VERYPOSITIVE,"Design and technical specifications: The cost of the technology can vary depending on the design and technical specifications of the cattle shed, including the size and materials used.
Construction materials and labor costs: The cost of construction materials and labor can vary depending on local market conditions and availability.
Location: The cost of transporting materials and labor to the construction site can vary depending on the location of the farm.
Maintenance and repair costs: The cost of maintaining and repairing the cattle shed can also add to the overall cost of the technology.
Training and capacity building: Providing training and capacity building to farmers and workers on proper cattle shed management techniques can add to the overall cost of the technology."
6722,BF,Gully Treatment,,,613.5,CFA F 4333.67/linear meter,unit,Linear meter,,7.0600000000000005,1.36,,,16.3,1.36,26.08,6,,,,,,,,0.91,0.91,1,,,SLIGHTLYPOSITIVE,VERYPOSITIVE,POSITIVE,VERYPOSITIVE,Proximity to stone blocks and availability of labor are the most important factors affecting costs.
6724,IN,Multilayer Farming Systems For Ensuring Food Diversity And Increasing Resilience,other,INR,80.0,200,area,1,"{'en': 'ha', 'fr': 'ha'}",12.5,62.5,62.5,75.0,,25.0,237.5,6,,,145.0,,3.12,46.88,,12.5,207.5,7,,,POSITIVE,POSITIVE,POSITIVE,POSITIVE,"1. Availability of family labour to manage the field operations
2. Availability of dairy animals at the household level to meet the FYM needs"
6728,IN,City Compost: A Solution For Waste Management And Soil Health Improvement,other,INR,80.0,200,area,Hectare,,,,,,,,,0,,,15.0,22.5,,37.5,,,75.0,4,,,,SLIGHTLYPOSITIVE,,VERYPOSITIVE,"The cost of city compost is available at a subsidised price of INR 1000 per ton incl. transportation. Non-subsidised prices range at INR 3000 per ton plus  transportation. Project farmers could get it at subsidised rates. However, the non-availability of required documents may be a hindrance for farmers to avail the subsidised prices."
6729,BF,Vegetation of contour stone bunds using herbaceous species,,,613.5,"CFA F 2,000",unit,Linear meter,,0.03,0.01,1.09,,,0.03,1.16,6,,ProSoil promotes this technology and finances its implementation.,,,,,,0.02,0.02,1,,,SLIGHTLYPOSITIVE,SLIGHTLYPOSITIVE,VERYPOSITIVE,VERYPOSITIVE,The most significant factor affecting costs is seed and labour availability.
673,AF,Improved livestock shed for better health and productivity,USD,,67.0,5.2-5.3 USD,unit,Building of the livestock shed,,136.8,,,,212.79999999999998,17.8,367.4,10,,Livelihood Improvement Project Takhar  (LIPT) implemented by Terre des hommes (Tdh) Switzerland,10.6,,,,,,10.6,1,,,VERYPOSITIVE,,VERYPOSITIVE,,"Due to the remoteness of the villages where the technology has been implemented, all the inputs for establishment, such as agricultural equipment, plant material, fertilizers, etc., are purchased in Rustaq town. The expenses for traveling and delivering the inputs affect the establishment costs."
6731,BF,Minimum Tillage,USD,,598.7,"CFA F 11,250",area,Hectare,,20250.0,32000.0,,,,500000.0,552250.0,4,,,17500.0,,,209900.0,,,227400.0,5,,,POSITIVE,POSITIVE,POSITIVE,VERYPOSITIVE,"The most important factor affecting costs is the availability of labor and fluctuating agricultural input prices. For example, a bottle of pesticide, which used to cost CFA F 2,250 over the last few years, now costs CFA F 3,700."
6735,IN,Sustainable Biochar Production Through Agroforestry Systems And Its Application,other,INR,80.0,204 Rupees,unit,200 L capacity,,,337.5,,,,,337.5,2,,The project paid towards the fixed investment costs of biochar kiln and pulverizier unit,7.5,,,5.63,,,13.13,4,,,POSITIVE,VERYPOSITIVE,VERYPOSITIVE,VERYPOSITIVE,"The investment towards the purchase of the kiln- and the pulveriser unit. In the documented project, the investment costs were borne by the project. Therefore, smallholder farmers may find it difficult to purchase the hardware units of kiln and pulveriser, given such investment costs."
6739,TN,Drought tolerant barley variety: 'Kounouz',other,Tunisian Dinar,3.0,25,area,1 hectare,,,,,,,,,0,,,66.67,142.82999999999998,26.0,85.33,,30.840000000000003,351.67,17,,,POSITIVE,POSITIVE,POSITIVE,POSITIVE,
674,AF,Community fodder bank for sustaining supplies,USD,,67.0,5.2-5.3 USD,unit,Building,,169.6,129.39999999999998,,,897.3000000000001,,1196.3,19,,Livelihood Improvement Project Takhar  (LIPT) implemented by Terre des hommes (Tdh) Switzerland,10.6,,,,,,10.6,1,,,VERYPOSITIVE,,VERYPOSITIVE,,"Due to the remoteness of the villages where the Technology has been implemented, all the inputs for establishment, such as agricultural equipment, plant material, fertilizers, etc., are purchased in Rustaq town. The expenses for traveling and delivering the inputs affect the establishment costs."
6742,MG,Pares-feux agricoles,other,ariary,4400.0,10000,area,1 hectare,,104.54,76.14,43.99,44.32,,,268.99,10,,"Une partie des équipements, le fumier, la main-d'œuvre et les semences de manioc, potiron, niébé et patate douce pour la mise en place ont été financés par LLandDev.",102.27,15.91,,54.55,,,172.73,5,,,SLIGHTLYNEGATIVE,SLIGHTLYNEGATIVE,SLIGHTLYPOSITIVE,POSITIVE,Main d'œuvre pour la mise en place.
6785,KZ,Creation of sown cultural pastures for summer-autumn use in the conditions of the foothill zone of south-eastern Kazakhstan,other,tenge,446.15,,unit,ha,,14.93,33.4,182.67,,,12.909999999999997,243.91,15,,"Part of the costs was covered by the FAO/GEF project ""Integrated Natural Resources Management in Drought-Prone and Salt-Affected Agricultural Landscapes of Central Asia and Turkey"" (CACILM-2)",2.18,,,,,1.13,3.31,2,,,POSITIVE,POSITIVE,VERYPOSITIVE,VERYPOSITIVE,"Purchase of seeds of perennial forage grasses, fuel and lubricants costs and operating costs for equipment maintenance. Inflation."
6788,KZ,Возделывание сахарного сорго в бинарных посевах с люцерной на засоленных почвах Кызылординской области,other,тенге,426.03,,unit,гектар,,56.67,52.26,83.91,55.589999999999996,,47.330000000000005,295.76,10,,В рамках проекта ФАО-ГЭФ «Комплексное управление природными ресурсами в подверженных засухе и засоленных сельскохозяйственных производственных ландшафтах в Центральной Азии и Турции (ИСЦАУЗР-2)» (GCP/SEC/293/GFF),56.67,52.26,8.8,55.589999999999996,,47.330000000000005,220.65,9,,,POSITIVE,POSITIVE,VERYPOSITIVE,POSITIVE,"Удобрения, ГСМ"
6804,MA,Drought tolerant durum wheat variety: Jawahir,other,Morrocan Dirham,10.0,80,area,1 Hectare,,,,,,,,,0,,,80.0,60.0,26.0,95.0,,,261.0,10,,,VERYPOSITIVE,VERYPOSITIVE,VERYPOSITIVE,VERYPOSITIVE,
6818,BT,Leaf Litter Collection for FYM Production,other,Ngultrum,82.0,800,unit,Cattle shed area,,146.34,,,,836.58,75.0,1057.92,12,,,97.56,,,31.71,132.5,50.0,311.77,12,,,,NEUTRAL,,NEUTRAL,"There are no additional off-farm income-generating activities besides vegetable production, which has an impact on the overall costs."
6820,NL,Soil improvement in orchards through use of bokashi (fermented clippings),other,EUR,0.95,250,area,1ha,{'en': '1ha = 2.47 acres'},221.05,52.63,,328.95,,,602.63,3,,,,,,,,,,0,,,SLIGHTLYPOSITIVE,SLIGHTLYPOSITIVE,SLIGHTLYPOSITIVE,SLIGHTLYPOSITIVE,Access to suitable machinery to reduce the labour costs.
6821,BT,Low-Cost Plastic-Lined Water Harvesting Pond,other,Ngultrum (Nu.),80.0,Ngultrum 350,unit,water harvesting pond,,50.0,,,,241.75,,291.75,5,,The cost were for plastic sheet and wire mesh and were funded by Food Security and Agriculture Productivity project and Green Climate Fund project.,93.75,,,,50.0,,143.75,2,,The cement was supported by the government.,POSITIVE,VERYPOSITIVE,SLIGHTLYPOSITIVE,VERYPOSITIVE,"The most important factors that affect the cost are the construction materials and labour. In this particular situation, cement wall is also one of the major factors affecting the cost although it is not usually required."
6822,BT,Traditional Soil Fertility Management through FYM Application,other,Ngultrum,82.0,800,unit,,,,,,,,,,0,,,36.59,,,,21.34,,57.93,9,,,NEUTRAL,NEUTRAL,POSITIVE,POSITIVE,Financial and labor charge including working lunch
6823,BT,Sexed semen technology,other,Ngultrum,79.62,600,unit,Number,,25.12,956.4399999999999,34.54,,565.18,5.65,1586.93,14,,The cost is normally covered by the Royal Government of Bhutan,,,,,,,,0,,The cost is mostly covered by the Royal Government of Bhutan,POSITIVE,,POSITIVE,,"Material cost, heat detection, distance"
6829,BT,Geocoding of Million Fruit Trees for Monitoring and Tracking,other,Ngultrum (Bhutanese Currency),82.62,800,unit,No of Seedlings,,96.83,1960.78,7685.780000000001,309.85,,,10053.24,13,,Almost all the cost were covered by the Million Fruit Tree Project of Desuung National Service and Ministry of Agriculture and Livestock jointly.,77.46,,8.47,,,,85.93,4,,,NEGATIVE,NEUTRAL,POSITIVE,POSITIVE,Most important factors affecting the costs are seedling and labour cost.
6830,BT,Securing Food Through Electric Fencing,other,Ngultrum (Nu.),80.0,250,unit,kilometre,,5000.0,2601.55,,,,12.5,7614.05,11,,"National Centre for Organic Agriculture, Yusipang",516.25,,,,,,516.25,1,145000.0,,VERYPOSITIVE,VERYPOSITIVE,VERYPOSITIVE,VERYPOSITIVE,"The primary factor incurring the cost, according to the beneficiaries, was the energizer set, which necessitates frequent replacement."
6836,BT,Mechanical Bench Terracing,other,Ngultrum,80.62,,area,2.4 acres,,607.79,507.52,,,,,1115.31,2,,The land owner bore about 32% of the total cost while the remaining cost was covered by the GEF-LDCF Project,,,,,,,,0,,,SLIGHTLYPOSITIVE,SLIGHTLYPOSITIVE,POSITIVE,SLIGHTLYPOSITIVE,
6839,BT,Rehabilitation of Fallow Land Through Agroforestry,other,Ngultrum (Nu.),80.0,Nu. 450,area,235 acres,,8118.0,9067.9,12239.62,,6237.549999999999,4682.8,40345.87,9,,,,,,,,,,0,,,VERYPOSITIVE,VERYPOSITIVE,VERYPOSITIVE,VERYPOSITIVE,The most important factors affecting the costs while implementing this technology is land preparation and plantation of seedlings.
6842,BT,Water Source Protection,,,82.08,1000,unit,Recharge zone of 638 acres (255 hectares),,,,,,,,,0,258500.0,The project was funded through Blue Moon in collaboration with Watershed Management Division of the Department of Forests and Park Services and Global Environment Facility (GEF) was also involved.,,,,,,,,1,,,POSITIVE,POSITIVE,POSITIVE,POSITIVE,None.
6844,BT,Vegetable Intercropping in Apple Orchards,other,BTN,81.0,Nu. 800,area,1 acre,{'en': '1 acre'},,,,,,,,0,23000.0,The land users bore 100% of costs.,,,,,,,,0,6000.0,The land users bore 100% of costs.,SLIGHTLYNEGATIVE,SLIGHTLYNEGATIVE,POSITIVE,VERYPOSITIVE,
6846,BT,Protected Agriculture for High Value Crops,other,Ngultrum (Nu.),79.0,500,area,3.75 acres,,284.81,3696.2000000000003,224.05,,6421.5199999999995,,10626.58,8,,Royal Government of Bhutan (RGoB),,,,,,,,0,,,VERYNEGATIVE,NEUTRAL,POSITIVE,VERYPOSITIVE,Infrastructure and machinery.
6847,BT,Citrus Canopy Management and Rehabilitation Program,other,Ngultrum (Nu.),80.0,500,area,2.47 acre,{'en': '1'},106.25,56.25,463.12,18.75,,,644.37,5,,The cost for sapling and biocide is borne by the Royal Government of Bhutan.,43.75,,,,,,43.75,1,,,SLIGHTLYNEGATIVE,POSITIVE,VERYPOSITIVE,POSITIVE,The land users mentioned that the equipment is the main factor affecting cost.
6849,BT,Climate Resilient Irrigation Scheme,other,Nu.,80.0,,unit,Irrigation line,,,,,,,,,0,18055180.0,Green Climate Fund,,,,,,,,0,48000.0,Royal Government of Bhutan (Gewog budget),VERYPOSITIVE,VERYPOSITIVE,VERYPOSITIVE,VERYPOSITIVE,
6853,BT,Springshed Revival through Trenches and Checkdams,other,Bhutanese Currency (Ngultrum),82.25,700,unit,,,333.13,418.24,,,,,751.37,7,,The cost was borne 100 % by the government.,,,,,,,,2,3.0,,NEUTRAL,NEUTRAL,POSITIVE,POSITIVE,The most important factor that contributed to the huge cost was from machine hiring charges. The community usually cost minimum of Nu. 15000 in an hour and some of them can hire it counting the number of days.
6854,BT,Contour Grass Hedgerows on Steep Slopes,other,Ngultrum,82.08,250,area,Ha,{'en': '0.4'},12.18,,85.28,,,91.37,188.83,3,,"The funding was provided by UNDP, with technical support from the National Soil Services Center and the Dzongkhag.",6.09,,24.37,,,,30.46,2,,,POSITIVE,VERYPOSITIVE,POSITIVE,VERYPOSITIVE,Labour cost and cost of the planting materials.
6855,BT,Managed Burning of Rangeland,other,Bhutanese  Ngultrum,82.08,1200,area,1 acres,{'en': '0.4 hectare'},131.58,237.57000000000002,,,,,369.15,4,,,,,,,,,,0,,,VERYPOSITIVE,VERYPOSITIVE,VERYPOSITIVE,VERYPOSITIVE,Labour cost
6857,BT,Lake Revival:  Towards Environmental Conservation,USD,,80.0,,unit,,,,,,,,,,0,46200.0,The whole of expenditures were borne by UNDP GEF SGP (US$33550) and the Loden Foundation (US$12650).,,,,,,,,0,,,SLIGHTLYNEGATIVE,,NEGATIVE,,
6859,BT,Cane and Bamboo Plantation to Sustain Raw Materials,other,Nu.,82.0,,area,45 acres,{'en': '45 acres = 18.2 ha'},,,,,,,,0,2200000.0,"The UNDP supported with the funds. Later, Bhutan Orchids too supported with Nu. 800,000.",,,,,,,,0,20000.0,The land users bore the cost (the estimated cost of maintaining the technology is Nu. 20000 [around USD 244),POSITIVE,VERYPOSITIVE,POSITIVE,VERYPOSITIVE,
6860,BT,Use of Dummy Tigers to Repel Wild Animals,other,Nu.,80.0,800,unit,,,10.0,,,,,67.25,77.25,3,,,,,,,,,,0,5346.0,,VERYPOSITIVE,VERYPOSITIVE,VERYPOSITIVE,VERYPOSITIVE,
6864,BT,Plastic mulching for cash crops,other,Ngultrum,82.1,Nu 400,area,1 acre,,160.79,60.9,0.91,,136.42,140.68,499.7,9,,,,,,,,,,0,29823.0,,POSITIVE,POSITIVE,SLIGHTLYPOSITIVE,SLIGHTLYNEGATIVE,Higher cost of plastic mulching and hiring a power tiller.
6865,BT,Biogas plant,other,Bhutanese Ngultrum,82.73,Nu 350,unit,"inlet tank (mixing tank), inlet pipes, Digester, gas holder, manhole, outlet, main gas pipe turret, main gas valve, pipeline, water outlet, pressure gauge, gas tab, gas stove, gas lamp, slurry pit",,221.20000000000002,22.400000000000002,29.25,,299.28,89.26,661.39,24,50000.0,Raw material for construction of the plant was supported by the government.,,,,,,,,0,,,VERYPOSITIVE,VERYPOSITIVE,VERYPOSITIVE,VERYPOSITIVE,"Raw materials, transportation cost, labour charges."
6869,BT,Stall-Feeding of Dairy Cows,other,Ngultrum,80.0,500,unit,Stall-feed unit,,937.5,100.0,,,4279.38,8666.88,13983.76,13,,,187.5,,,,39.0,,226.5,2,,,POSITIVE,POSITIVE,POSITIVE,POSITIVE,Lack of materials and procurement of materials is expensive
6871,BT,Terrace Consolidation by Machine,other,Ngultrum,80.0,500,area,2.5 acre,{'en': '1ha'},750.0,1500.0,,,,,2250.0,3,,This technology is been supported and funded by Green Climate Fund for land consolidation,,,,,,,,0,,,POSITIVE,POSITIVE,POSITIVE,POSITIVE,The major factor affecting the cost for implementing this technology is in hiring of excavator
6874,BT,Vermicomposting,other,Ngultrum,250.0,250,unit,,,7.0,,40.0,,634.0,,681.0,9,,National Organic Program,8.0,,,,86.88,,94.88,5,,NOP,POSITIVE,POSITIVE,VERYPOSITIVE,POSITIVE,Financial and availability of earthworms
6876,BE,Undersowing grass in maize as a cover crop,other,Euro,0.91,,area,ha,,,,,,,,,0,,,76.92,76.92,412.09,,,,565.93,3,,,,NEUTRAL,,SLIGHTLYPOSITIVE,"The way of sowing, the seed and the use of plant protection products"
6878,LU,Shallow rotary tillage with microbial digestion,other,Eur,0.91,280,area,1ha,{'en': '2.4 acres'},,,,,,,,0,,,,115.38,,247.25,,49.45,412.08,3,,Water fund grant,,SLIGHTLYNEGATIVE,,NEUTRAL,"Soil type defines speed of tractor and thus fuel, labour and recurrent maintenance costs."
6879,NL,Agroforestry on arable land,other,Euro,0.92,,unit,per 5.48ha field,,869.57,326.09,1326.0900000000001,,,,2521.75,4,,,1902.18,,,,,,1902.18,3,,,NEGATIVE,SLIGHTLYNEGATIVE,SLIGHTLYPOSITIVE,SLIGHTLYNEGATIVE,Climate impacting requirement of irrigation time will vary. Main future cost is harvesting and the net costs with nut crop yield.
689,NE,Rehabilitation and protection of the rangeland of Guidan Issa,other,CFA francs,550.0,1500 CFA francs,area,"29,5 ha",,376.36,6320.0,1881.8200000000002,,,,8578.18,6,,The Zamtapo project has financed the remaining costs.,,,,,,,,0,,,SLIGHTLYNEGATIVE,VERYPOSITIVE,VERYPOSITIVE,VERYPOSITIVE,"- The fencing
- The purchase of seeds"
6891,BT,Contour Stone Bunds,other,Nu,80.0,400,area,3 acres,,245.0,,,,,80.25,325.25,2,,,,,,,,,,0,,,POSITIVE,VERYPOSITIVE,POSITIVE,VERYPOSITIVE,The most important factor affecting the cost is labor.
6898,BT,Improved Dairy Shed,other,Nu,82.0,500,unit,,,128.05,,,,1562.8100000000002,,1690.86,8,140000.0,Government,,,,,,,,0,,,POSITIVE,POSITIVE,VERYPOSITIVE,VERYPOSITIVE,Materials and transportation cost
6933,MN,Conservation agriculture to restore abandoned cropland,other,Tugrik,3453.0,50000 - 100000,area,800 hа,,11439.33,589313.64,89834.93,5560.38,78192.88,115841.3,890182.46,16,,,3996.5299999999997,8271.07,17457.28,8.69,,790.62,30524.19,12,,,NEGATIVE,SLIGHTLYPOSITIVE,POSITIVE,POSITIVE,"Factors that mainly affect the cost are inflation and the MNT exchange rate (mainly relevant when purchasing imported products). In addition, in the event of extreme weather and disastrous conditions, extra labor may be required to mitigate damage."
698,TJ,River training dam,USD,,,,unit,Dam,,2325.0,4217.34,,,1041.6,151.8,7735.74,11,,Rent of bulldozer + bulldozer driving covered by local district government. All other costs covered by project.,32.0,,,,7.0,,39.0,2,,,VERYPOSITIVE,VERYPOSITIVE,,,"- Geography (steep hills to dig a diverting channel increases the establishment costs) 
- Geology (quality/type of soil affects the time needed for digging)"
700,NE,Multi-Nutritional Fodder Blocks for livestock,other,CFA franc,550.0,1000 CFA francs,unit,per 20 kilogram of MNDB,,7.27,8.46,5.63,,,,21.36,16,,The project has financed the equipment.,7.27,0.73,5.63,,,,13.63,10,,,POSITIVE,POSITIVE,VERYPOSITIVE,POSITIVE,"Ingredients, diesel"
7000,PH,Floating Vegetable Garden Using Water Hyacinth as Planting Medium,other,Pesos,55.0,350 Pesos,unit,one floating garden unit,,108.17999999999999,,81.82,,192.70999999999998,109.09,491.8,12,,The cost for the construction of the floating garden was subsidized by the Department of Agriculture,38.17,,81.82,36.36,145.45,,301.8,8,,The Department of Agriculture partially subsidized the seeds,NEGATIVE,POSITIVE,POSITIVE,POSITIVE,Availability of bamboo in the area which is heavily used as the floater
7002,TN,ICT2Scale – supporting smallholder farmers with cellphone-based services via SMS,USD,,,,unit,Whole project / infrastructure,,1000.0,1010.0,,,,1000.0,3010.0,3,,,,,,,,,,0,,,VERYPOSITIVE,VERYPOSITIVE,VERYPOSITIVE,VERYPOSITIVE,...
7094,NL,Alley cropping with nut trees,other,eur,0.9,200 euro,area,7.8 hectares,,,,,,,,,0,,,,,,,,,,0,,,SLIGHTLYNEGATIVE,SLIGHTLYNEGATIVE,POSITIVE,POSITIVE,"Estimating the costs of this project is difficult; the project budget not only includes implementation, but also soil analysis, earth observations, demonstration events and dissemination activities and products."
711,UG,Soil and Water Conservation Channels,USD,,3300.0,USD 2.12,unit,Per acre (each acre usually has 150meters of channels),,165.0,100.05000000000001,52.5,,,,317.55,7,,Kigezi Diocese Water and Sanitation Programme,0.29000000000000004,,,,,,0.29,2,,,POSITIVE,POSITIVE,VERYPOSITIVE,VERYPOSITIVE,"The costs have been calculated basing on depth of top soil of 51 – 80cm. When the depth of the top soil is shallow, then the costs of breaking the underlying sub-surface layers, which are usually rock, are much higher. Also during the rainy season, the soil is more workable

The costs of maintenance will be less where the rest of the landscape also has conservation channels, has good vegetative cover and where the hill slope is gentle."
7121,KE,Integrated soil fertility management (ISFM),other,KSH,135.0,500,area,hectare,,,,,,,,,1,,One or two days of workshop costs. Cost of exchanges with extension agents (mainly time),37.04,,83.33,148.15,,,268.52,4,,,NEGATIVE,SLIGHTLYNEGATIVE,POSITIVE,SLIGHTLYPOSITIVE,Local labor prices. Local availability of livestock. Local fertilizer and seed prices.
7125,ES,Reforestation of degraded agricultural land.,other,EUR,,500 €/day,area,10-50 has,{'en': '3000 €/ha (reforestation) + 1000 €/ha (maintenance every 2 years)'},,,,,,,,0,2999.0,"Subsidies from the Extremadura Regional Government, Spanish Government and EU (FEADER)",,,,,,,,0,3000.0,"Subsidies from the Extremadura Regional Government, Spanish Government and EU (FEADER)",SLIGHTLYNEGATIVE,SLIGHTLYNEGATIVE,VERYPOSITIVE,POSITIVE,Working personnel and plant protection
7126,PT,Monitoring and Management of Agroforestry using SmartAG,other,Euro (€),,3590 €,area,100 ha,,,,,,,,,9,,The costs are covered by AgroInsider,,,,,,,,0,,,SLIGHTLYPOSITIVE,POSITIVE,POSITIVE,SLIGHTLYPOSITIVE,"Human resources, farm area, and the quantity of carbon-emitting farm activities (i.e., agricultural activities)."
7129,DE,Improved Forest management,other,€,0.93,"39,50",area,1 ha,,,,,,,,,0,10000.0,,,,,,,,,0,2000.0,,,,POSITIVE,POSITIVE,"Availability of labor, availability of seedlings, density of deer population, costs for fencing."
7138,CH,Organic Agriculture (DOK Experiment),other,CHF,0.91,160-240,area,ha,{'en': '1 ha'},,,,,,,,0,,,,,,,,,,1,,,NEGATIVE,SLIGHTLYPOSITIVE,POSITIVE,SLIGHTLYPOSITIVE,Reduced yield without price premium during transition period.
7140,NL,Peatland Rewetting,other,EUR,,60 EUR per hour is the estimated average cost of labour in the Netherlands,area,8.4 ha,,,,,,,,,6,579000.0,There is local and national government involvement in sharing the costs. Farmers also contribute 25% of the installation costs and provide in-kind contributions through their time.,,,,,,,,5,578441.0,,NEGATIVE,NEGATIVE,POSITIVE,POSITIVE,"The most important factors affecting the costs are the installation of the drainage systems, monitoring equipment and activities, scale of implementation, types of drainage pipes, solar-powered pumping systems, project management and research activities, adaptation of surrounding water management, duration of the project, labor costs, and location-specific factors (such as the soil profile of the area of implementation)."
7142,ID,Agroforestry and Reforestation for Improved Livelihoods and Ecosystem Services,USD,,600.0,,area,20 ha as the pilot case,{'en': '1 ha = 2.47 acres'},20000.0,,20000.0,6000.0,14000.0,,60000.0,4,60000.0,Project donors and grants will cover all costs,750.0,,,360.0,,,1110.0,9,1110.0,The project donors and grants will cover all the cost,NEUTRAL,NEUTRAL,POSITIVE,POSITIVE,Climate or seasonal change will affect the fertilizing time and will affect the annual cost for fertilizer
716,EG,Calcareous soils management,,,18.0,80 LE (Egyptian Pound),area,,,,,,,,,,0,,,,,,,,,,0,,,SLIGHTLYPOSITIVE,SLIGHTLYNEGATIVE,POSITIVE,VERYPOSITIVE,
719,UG,Farming God's Way,USD,,3300.0,USD 2.12,area,Acre,,322.24,6.740000000000001,410.8,0.61,,,740.39,10,,Kigezi Diocese Water and Sanitation Programme,2.12,,,,,,2.12,1,,,POSITIVE,POSITIVE,VERYPOSITIVE,VERYPOSITIVE,"The most significant cost in this technology is mulch. In cases where land is very fragmented, it is inaccessible by road and all materials have to be carried to site which increases the costs of labour"
7197,AE,Solar Mobile Dryer (SMD),USD,,,,unit,,,,,,,,1000.0,1000.0,22,1000.0,,,,,,,750.0,750.0,2,,,SLIGHTLYPOSITIVE,VERYPOSITIVE,VERYPOSITIVE,VERYPOSITIVE,Material costs for drying such as packaging appeared to be a major cost.
723,HN,Huellas de concreto (rutas de evacuación),USD,,1.0,,area,180 metros lineales,,1500.0,26.0,,,4896.0,388.0,6810.0,10,,"Cruz Roja Hondureña/Suiza, alcaldía muicipal",32.0,,,,,,32.0,1,,,POSITIVE,VERYPOSITIVE,VERYPOSITIVE,VERYPOSITIVE,"Cemento, arena, piedra"
7254,TH,Ked Forest Park: : a Prototype for Community Indigenous Plant Management,USD,,,8.82 USD,area,2.56 ha,{'en': '6.25 rai'},880.0,3087.0,1500.0,,,588.0,6055.0,10,,,352.8,,,,,176.4,529.2,2,,,SLIGHTLYPOSITIVE,NEUTRAL,POSITIVE,NEUTRAL,"1. Labour cost
2. Agricultural materials costs
3. Construction materials costs"
7260,SA,Cross-Wadi Water Harvesting Structures,other,Saudi Riyals (SAR),3.77,The labourers were paid 70 (SAR) per each 1.0 cubic metre stone works,unit,Single structure with 5000 cubic metres stone work,,92838.2,,994.69,,,,93832.89,2,,Labour work costs were covered by a community-partnership donor,,,,,,,,0,9800.0,NCVC,SLIGHTLYPOSITIVE,NEUTRAL,VERYPOSITIVE,POSITIVE,"The exact construction costs are difficult to determine due to several factors:

(a) Much of the labor was contributed voluntarily through community-based efforts, making it challenging to assign standard labor costs.
(b) Earthwork expenses were covered by donors as part of their community engagement initiatives, rather than being recorded as direct project costs.
(c) The underlying technology and infrastructure are owned by the NCVC, whose staff are responsible for ongoing maintenance and plantation care as part of their institutional duties, rather than through contracted services.

These elements significantly reduce the traceability and quantification of conventional project expenditures."
7274,TH,SUNN HEMP  AS  A SOIL AMENDMENT AND FOR  MITIGATION OF SALINITY,other,Baht,34.0,300,area,1.12 ha,{'en': '1 ha=6.25 rai'},,,,,,,,8,,Land Development Department,9.82,,0.12,0.44000000000000006,,1.73,12.11,8,,"The Land Development Department does not provide financial support but instead supports agricultural production inputs, such as green manure seeds and raw materials for compost production.",NEUTRAL,NEUTRAL,NEUTRAL,NEUTRAL,"1. Labour costs
2. Fuel costs"
7276,TH,INTEGRATED AGRICULTURE-BASED LAND USE IN AREAS WITH SALINE SOILS,USD,,,8.82 USD,area,1.12ha,{'en': '6.25rai'},81.65,,,,,,81.65,13,,,174.38,75.0,58.8,132.23,,81.65,522.06,14,,,POSITIVE,POSITIVE,POSITIVE,POSITIVE,1. Labour costs
7303,AE,A Water-Energy-Food (WEF) efficient net house,other,Dirham,3.67,,unit,Net house,,,,,,,9540.880000000001,9540.88,4,,The project,435.97,,65.4,263.21,,50.59,815.17,8,,The project,SLIGHTLYNEGATIVE,VERYPOSITIVE,VERYPOSITIVE,VERYPOSITIVE,The most important costs factor making this innovation more cost effective than the conventionally cooled greenhouses is energy cost and water cost. For the conventionally cooled greenhouses these costs are respectively 302 and 680.
731,IN,Multigrain Nutrient Ball,other,Rupees,67.0,,unit,8Kg of nutritious multi-grain flower,,0.6,45.56,9.7,,,,55.86,7,,,,,,,,,,0,,,POSITIVE,POSITIVE,VERYPOSITIVE,POSITIVE,Investment costs
7346,IT,Reconstitution of Soils,other,EUR,0.89,"123.00, gross income",area,10 hectares,,32062.92,78651.69,,,,1544943.8199999998,1655658.43,5,,Costs related to the matrices to be used and transport (1125000.00 EUR) are covered by company producing waste used. The costs to dispose of  matrices II are much higher than taking them to the reconstitution plant.,15685.39,,,,,,15685.39,2,,,POSITIVE,POSITIVE,VERYPOSITIVE,VERYPOSITIVE,The most important factor affecting costs could be the transport of degraded soil or matrices I to be used to the restoration site in the case of soil sealed
7348,TN,Shallow tillage (15-20cm),other,TND,3.07,30-40,area,are,{'en': '1are = 100square meter'},,,,,,,,0,150.0,,,,,,,,,0,350.0,,SLIGHTLYPOSITIVE,SLIGHTLYPOSITIVE,VERYPOSITIVE,VERYPOSITIVE,"The most important factors affecting the costs are: the need to keep more moisture in the soil, good aeration for roots, improvement of soil texture and increase in organic matter."
735,HN,Curved and tiered live hedges,other,Lempiras,23.0,150 Lempiras,area,1250 linear meters,,160.87,1.26,271.74,,,,433.87,5,,Honduran / Swiss Red Cross,130.43,0.22,,,,,130.65,2,,,VERYPOSITIVE,VERYPOSITIVE,VERYPOSITIVE,VERYPOSITIVE,"- area extension
- purchase of plants for live hedge, if these are not locally available"
736,HN,V shaped catchment fence using Izote (Yucca sp.),other,Lempiras,23.0,150 Lempiras,unit,system of 3-4 containment fences,,86.96000000000001,7.83,9.78,,,21.74,126.31,5,,Honduran/ Swiss Red Cross,6.52,8.48,,,,,15.0,3,,,VERYPOSITIVE,VERYPOSITIVE,VERYPOSITIVE,VERYPOSITIVE,Transport plant material not previously available in the area.
7366,IN,Transforming a coconut monocrop into a multi-storey food forest,other,INR,84.07,600 INR,area,5.66 hectares,{'en': '1hectare = 2.47 acres'},1724.75,1724.75,1504.7,416.32,12251.689999999999,1486.85,19109.06,18,,,2854.76,475.8,17.84,59.47,95.16,297.37,3800.4,9,,,SLIGHTLYNEGATIVE,NEUTRAL,VERYPOSITIVE,VERYPOSITIVE,No factors significantly affected costs.
7380,SA,Tree Plantation Pits in Arid Zones,USD,,,33-50 dollars,area,hectare with 100 pits,,844.0,3171.0,800.0,,,,4815.0,5,,The costs are paid through the National Park: 90% from private donations/ volunteer work  and 10% by the National Center for Vegetation Cover NCVC. Seedlings supplied by NCVC.,500.0,,120.0,,,,620.0,2,,Local donors 100 % of workers costs and NCVC 100 % of the seedlings.,NEGATIVE,NEGATIVE,POSITIVE,SLIGHTLYPOSITIVE,"Type of soil, drought and flooding."
7387,VN,Multi-storey intercropping with coffee and fruit trees,USD,,,12,area,1 hectare,,,,,,,,,0,7000.0,,,,,,,,,0,4000.0,,NEGATIVE,NEGATIVE,POSITIVE,POSITIVE,"production inputs (fertilizers, pesticides), and hired labor. Initial establishment cost of irrigation systems is also costly."
7402,AF,Reseeding local fodder species in Bamyan rangelands using indigenous and scientific methods,other,AFN,69.0,350 AFN,area,539 hectares,,81.16,18.990000000000002,,,,,100.15,5,,The cost of collecting the plant material is paid by the project under the cash-for-work intervention (110 AFN/kg)),836.22,,,,,,836.22,3,,"Even when there is no cash for work from the project, the community collects seeds and does reseeding in some areas. The rest are sold in the open market depending on the demand for seeds.",SLIGHTLYPOSITIVE,POSITIVE,VERYPOSITIVE,VERYPOSITIVE,"The most important factors affecting the costs are the seed of local fodder types and their availability during the growing season, as well as the cost of rangers patrolling the technology area."
7419,SA,ري النباتات الصحراوية باعادة استخدام علب السماد السائل البلاستيكية,USD,,,100 دولار امريكي,area,10 هكتارات,,5000.0,6700.0,25000.0,,,2000.0,38700.0,6,,,4800.0,2145.0,2500.0,,,,9445.0,5,,,NEUTRAL,NEUTRAL,NEUTRAL,NEUTRAL,صعوبة نقل و توفير المواد و توصيل العاملين
7423,IN,TRANSFORMING VILLAGE WASTELAND INTO A RICH PASTURE,other,INR,84.35,250,area,10 acres,"{'en': '1 hectare = 2,47 acres'}",236.53,678.73,311.21000000000004,88.92,,,1315.39,16,,Project and other volunteers,167.75,99.59,248.97000000000003,88.92,,11.86,617.09,11,,The management committee covered the remaining costs using earnings from the previous year's fodder cultivation thus ensuring sustainability for the next cycle.,POSITIVE,POSITIVE,VERYPOSITIVE,VERYPOSITIVE,"Climate uncertainty, availability of land under the Revenue Office, irregular rains."
744,HN,Fascine drainage,other,Lempiras,21.0,150 Lempiras,unit,one fascine drainage system,,152.38,6.24,27.62,,140.48,23.81,350.53,9,,Honduran/ Swiss Red Cross,42.86,,,,,,42.86,1,,,VERYPOSITIVE,VERYPOSITIVE,VERYPOSITIVE,VERYPOSITIVE,Purchase and transportation of plants not available on site
7440,UA,Organic Agriculture with Reduced Tillage,USD,,,"depending on local conditions and the type of labor required (e.g., general farm work vs. skilled machinery operation)",area,"7000 ha, it represents a large typical farm in Ukraine. It’s also a convenient size for scaling up agricultural solutions or technologies.",,445000.0,1075000.0,560000.0,2450000.0,17500.0,157500.0,4705000.0,13,4705000.0,"The land user is responsible for 60% of the total costs, The remaining 40%  could be covered by government subsidies, agriculture support programs, or sponsorships from private companies involved in the agritech or sustainable farming sectors.",400000.0,200000.0,280000.0,700000.0,,315000.0,1895000.0,7,1895000.0,"remaining costs covering by government programs, investors, depending on the context and support mechanisms available.",NEUTRAL,NEUTRAL,POSITIVE,SLIGHTLYPOSITIVE,"The costs of implementing and maintaining organic agriculture combined with reduced tillage as a land management technology are influenced by a combination of local factors, including labor, equipment, inputs, land conditions, certification, environmental factors, and scale of operation. Understanding these factors helps in estimating costs more accurately and planning for efficient resource use.
1. Initial Soil Testing and Amendments: Costs are influenced by the condition of Chernozem soils and the need for specific amendments to support organic farming practices.
Labor for Establishment and Maintenance: Seasonal labor demand for planting cover crops, applying organic fertilizers, and managing pests affects overall costs.
2. Specialized Equipment: Upgrading or accessing reduced tillage equipment tailored to this technology adds to establishment expenses.
3. Certification Requirements: Transitioning to certified organic farming involves costs for documentation, inspections, and compliance with standards.
4. Material Inputs: Price and availability of cover crop seeds, compost, and organic pest control products impact both establishment and recurrent costs.
5. Weather-Driven Costs: Unpredictable weather can lead to increased use of inputs like organic pest management and irrigation.
6. External Support: Grants, subsidies, or cost-sharing arrangements can reduce the burden on land users but are variable depending on donor or government programs."
7443,AF,"Agroforestry to improve soil fertility, water retention, and sustainable income for local communities",USD,,,5 USD,area,0.1 ha,,90.0,20.0,62.0,100.0,,,272.0,11,,,147.0,3.0,,10.0,,,160.0,11,,,NEUTRAL,NEUTRAL,VERYPOSITIVE,POSITIVE,"Usually, the land users are farmers, and all the activities are performed by the land users. The project team provides technical support and capacity building. The most important factors affecting the cost in the project are the materials’ accessibility in the field such as saplings, chemical fertilizer, and pesticides."
7446,MN,Buryat sheepfold-style fencing exclosures,other,tugrug,3550.0,,unit,fence,,1239.44,126.75,,,830.99,,2197.18,8,,Promoting Dryland Sustainable Landscapes and Biodiversity Conservation in the Eastern Steppe of Mongolia project,70.42,67.61,,,208.45999999999998,56.34,402.83,5,,,NEUTRAL,SLIGHTLYPOSITIVE,POSITIVE,VERYPOSITIVE,"The establishment and maintenance costs are primarily driven by the procurement and long-distance transportation of metal posts and concrete bases to remote steppe locations with poor road access, and the logistics of seasonal construction and inspection in a harsh semi-arid climate with limited windows for work and occasional need for repair materials after extreme weather events. These cost drivers can be significantly reduced by maximizing the use of locally sourced"
7454,AF,Restoration in the High Conservation Value Forests (HCVF) through community-led initiatives in Paktya,USD,,,5 USD,unit,1 plastic tunnel,,90.0,12.0,270.5,76.0,720.0,,1168.5,16,,The project offered material support,125.0,,,,300.0,,425.0,7,,The project covered 100% of the costs for tools and services.,SLIGHTLYPOSITIVE,VERYPOSITIVE,VERYPOSITIVE,VERYPOSITIVE,The most important factors that affect the overall cost are the materials used to construct the plastic tunnel and the cost of seeds.
7459,AF,Implementing Site Quarantine to reduce rangeland degradation in the highlands of Badghis,USD,,,5 USD,area,1000 Ha,,3340.0,,,,141.0,,3481.0,4,,50% of the costs of guards for patrolling the area was paid by the FAO-GEF project,2030.0,,,,,,2030.0,1,,50 % cost of guard for patrolling the area paid by FAO/GEF,SLIGHTLYPOSITIVE,POSITIVE,VERYPOSITIVE,VERYPOSITIVE,Skilled and unskilled labour
7460,AF,Learning Site to promote Sustainable Land and Forest Management Practices in Khost,USD,,,5 USD,area,20 Hectares,,10379.0,5624.0,1990.8,,10930.0,7285.0,36208.8,34,,FAO under GEF-7 project,2880.0,,1230.0,,420.0,300.0,4830.0,12,,,SLIGHTLYPOSITIVE,SLIGHTLYPOSITIVE,POSITIVE,VERYPOSITIVE,Construction materials cost
7463,SI,Non-winter-hardy honey-producing cover crops,other,EUR,0.85,114,area,11.44 ha,{'en': 'ha = 10.000 m2'},,23529.41,,,,,23529.41,1,,Part of the agricultural machinery intended for the implementation of environmental measures can be funded through non-repayable grants from European and national funds under the CAP.,550.59,2044.23,1065.94,,,109.06,3769.82,5,,,SLIGHTLYNEGATIVE,NEUTRAL,SLIGHTLYPOSITIVE,POSITIVE,"The total area is theoretically divided into five equal parts, following the 5-year crop rotation system. However, in practice, this division is not perfectly even. Other important cost factors include variations in input prices (such as seeds, fertilizers, and plant protection products), machinery costs, labor availability, and weather conditions that impact yields and operational efficiency."
7473,AF,Using lift irrigation for afforestation and agroforestry in Kunar,USD,,,5 USD,area,50.25 Hectares,,2750.0,46149.0,25300.0,1600.0,35000.0,1000.0,111799.0,15,,The remining cost were covered by the project.,3347.2,1640.0,1200.0,1600.0,,,7787.2,9,,,SLIGHTLYPOSITIVE,SLIGHTLYPOSITIVE,VERYPOSITIVE,VERYPOSITIVE,"All equipment are imported and has resulted into higher cost.
Natural hazards, floods and windstorms will increase the costs of repairs and replacement"
7481,AF,Gravity Irrigation for enhancing Community-Based Restoration efforts in the degraded forests of Paktya,USD,,,5,area,,,1679.0,1965.0,,,1491.0,700.0,5835.0,17,,,150.0,,,,20.0,,170.0,4,,,POSITIVE,SLIGHTLYPOSITIVE,SLIGHTLYPOSITIVE,POSITIVE,The distance between the spring and reservoir can affect the total cost of technology
749,HN,Community protection of water infrastructure from hazards caused by disasters,other,Lempiras,23.0,150 Lempiras,unit,Water system coinnecting the tank to the community,,710.87,2132.09,15.22,,823.12,65.22,3746.52,12,,Honduran/ Swiss Red Cross,143.48,2.0,,,,,145.48,2,,,POSITIVE,VERYPOSITIVE,POSITIVE,SLIGHTLYPOSITIVE,Construction material and hardware
750,HN,Community protection of microbasins through reforestation,other,Lempiras,23.0,150 Lempiras,area,1 hectare,,3913.04,44.57,916.5099999999999,,478.26,50.0,5402.38,17,,Honduran/ Swiss Red Cross,1043.48,6.96,,,,,1050.44,2,,,SLIGHTLYPOSITIVE,POSITIVE,POSITIVE,POSITIVE,Labor
7507,SI,Crimson clover as an overwintering cover crop for nitrogen supply,other,EUR,0.85,,area,ha,,,,,,,,,0,,,105.88,533.8900000000001,456.47,270.59000000000003,,503.53,1870.36,13,1561.8,,SLIGHTLYNEGATIVE,NEUTRAL,POSITIVE,POSITIVE,Most important factors affecting the costs are the price of seeds and machinery hours.
7552,IN,Community seed banks,other,Indian Rupees,84.0,500,unit,1,,29.76,142.85999999999999,267.86,,,96.43,536.91,5,,Project,35.71,44.05,,,,,79.76,5,,Project (see above under Establishment),SLIGHTLYNEGATIVE,NEUTRAL,POSITIVE,POSITIVE,"1. Seed procurement and quality maintenance
2. Storage infrastructure (jars, bags, racks)
3. Training and capacity building for SHGs
4. Labelling and documentation materials
5. Community engagement and operational labour
6. Monitoring and evaluation activities
7. Exposure visits and knowledge sharing
8. Replacement and maintenance of storage materials"
7553,UZ,Gradoni Orchard Terraces,USD,,,,area,1.6 ha,,,,,,,3200.0,3200.0,10,3300.0,Project,,,,,,,,1,,,SLIGHTLYNEGATIVE,POSITIVE,VERYPOSITIVE,VERYPOSITIVE,
7556,SA,اقواس حصاد المياه على منحدرات الجبال - منتزه الغاط الوطني,USD,,,8-10 USD,unit,قوس هلالي,,,,,,,,,0,250.0,يعد المنتزه ضمن اعمال الإدارة العامة للمتنزهات التابع للمركز الوطني لتنمية الغطاء النباتي ومكافحة التصحر,,,,,,,,0,150.0,يعد المنتزه ضمن اعمال الإدارة العامة للمتنزهات التابع للمركز الوطني لتنمية الغطاء النباتي ومكافحة التصحر,SLIGHTLYPOSITIVE,POSITIVE,VERYPOSITIVE,VERYPOSITIVE,"تجهيز الاقواس واعتمادها على الاعمال اليدوية
انتاج الشتلات"
7557,UZ,Contour trenches and contour strips,USD,,,10,area,3 ha (with half: half of each RWH technology),,,,,,,2000.0,2000.0,10,2000.0,,,,,,,,,0,,,SLIGHTLYNEGATIVE,POSITIVE,VERYPOSITIVE,VERYPOSITIVE,
7567,GE,Controlled Grazing,USD,,,25 USD per day,area,3 sites totalling 564 ha,,21625.0,74378.0,8166.0,2550.0,12912.0,8170.0,127801.0,23,,The Project 'Achieving Land Degradation Neutrality Targets of Georgia through Restoration and Sustainable Management of Degraded Pasturelands (GCP/GEO/006/GFF)',780.0,110.0,,10.0,,,900.0,10,,,SLIGHTLYPOSITIVE,POSITIVE,POSITIVE,VERYPOSITIVE,"While the technologies described here offer substantial benefits, their implementation costs may be prohibitive for communally managed lands without subsidized external support. However, a range of low-cost strategies can still create the desired grazing conditions, supporting plant recovery, herd effect, and beneficial animal impact. These include herding, the use of dogs, mobile water points, attractants, and more flexible mobile electric fencing systems, which can be established at a fraction of the cost outlined in this approach.

Nonetheless, some level of initial investment, whether in labour, materials, or in-kind contributions, is generally required to implement context-appropriate solutions for water access, herd control, and predator protection, particularly when livestock are kept in open-air or mobile enclosures.

In more densely populated areas, the installation of well-designed, durable perimeter fencing is strongly recommended to reduce conflict with other community members, especially where pasturelands border horticultural or cropping areas. With secure boundaries in place, internal management can rely on lower-cost tools such as mobile electric fencing or strategic herding. This setup not only enhances grazing control and herd management but also provides flexibility for future expansion, including the phased addition of water and shade infrastructure.

A key factor in implementation success is the willingness of contractors or community members to undertake fencing and tree planting on steep or difficult terrain. In several cases, contractors initially willing to bid later declined once the full extent of the site conditions was clarified."
7606,LA,Integrating Garlic into Rice Crop Rotation,other,LAK,22000.0,200 000 LAK per day,area,Hectare,,30.91,38.18,,,295.46,,364.55,7,,,110.46,,386.35999999999996,45.45,,,542.27,13,,,SLIGHTLYPOSITIVE,SLIGHTLYPOSITIVE,POSITIVE,POSITIVE,Often an important factor affecting the costs is labour
7607,LA,Restoring degraded land through grass planting for livestock production,other,LAK,22000.0,200000,area,1 ha,,152.27,100.0,15.91,29.55,156.81,,454.54,16,,The LURUS project provided some of the inputs,334.09000000000003,,,29.55,47.720000000000006,,411.36,7,,,SLIGHTLYNEGATIVE,NEUTRAL,SLIGHTLYPOSITIVE,POSITIVE,Labour and cost for fencing are important factors affecting the cost of technology implementation
7629,SA,تقنية تثبيت الرمال باستخدام سعف النخيل الجاف بالكثبان الرملية بالقرب من بحيرة الاصفر-محافظة الاحساء,other,ريال سعودي,3.5,100 ريال سعودي,area,1,{'ar': '10000 متر مربع'},114.29,857.14,0.0,,,,971.43,3,,100,57.14,,,,,,57.14,1,,,SLIGHTLYPOSITIVE,SLIGHTLYPOSITIVE,VERYPOSITIVE,SLIGHTLYPOSITIVE,تكلفه توفير العمالة و نقل سعف النخيل من المزارع الى موقع تنفيذ التقنية هي ما تزيد تكاليف تنفيذ التقنية. 
7648,IT,Organic Farming of Table Grapes,other,EUR,0.85,50,area,Hectare,,,,,,,,,0,30000.0,100% by the land users,,,,,,,,0,10000.0,100% by the land users,SLIGHTLYPOSITIVE,SLIGHTLYPOSITIVE,VERYPOSITIVE,VERYPOSITIVE,"Raw materials, like rootstock, irrigation systems, tractors and labour costs"
7674,IL,Conversion of conventional monoculture farmland into a food forest,USD,,,158.2,area,1.5 acres,{'en': '1 acre = 0.4 hectares'},21989.8,12200.0,14000.0,10500.0,21000.0,,79689.8,7,,"Land user bore all costs: but note the primary purpose of this site is research and education. It is not intended to be a commercial enterprise, but to demonstrate principles and practices of sustainable land management. The income generated is not from crops but from research grants, workshops and community activities.",17402.0,5000.0,4000.0,,,7500.0,33902.0,5,,,SLIGHTLYNEGATIVE,NEUTRAL,POSITIVE,POSITIVE,"The most significant cost factor, both during establishment and ongoing maintenance, is labour. All work is carried out manually using hand tools, and apart from the initial establishment phase, no heavy machinery is used"
7685,SO,Rock Check Dam for Gully Erosion Control,USD,,,10 USD,unit,1200m3 of rock check dam,,12040.0,1850.0,2200.0,1200.0,16000.0,,33290.0,10,,The project covered 100% of the costs for the technology.,320.0,800.0,,,,,1120.0,3,,The land users covered 100% of the maintenance cost for the technology,SLIGHTLYPOSITIVE,POSITIVE,VERYPOSITIVE,VERYPOSITIVE,"-Distance to stone source
-Weather conditions
- Labor availability  and wage rates 
- Topography and site accessibility"
7690,BR,Viveiro Agroflorestal Comunitário de Produção de Mudas Nativas da Caatinga em assentamento de reforma agrária,other,Real R$,,"R$ 100,00",unit,Viveiro Agroflorestal,,,,,,,,,18,,,,,,,,,,6,,,SLIGHTLYNEGATIVE,SLIGHTLYNEGATIVE,POSITIVE,POSITIVE,"Mão de obra, sementes e os insumos para produção de substrato"
7696,SO,Soil and Water Conservation through Half-Moon Structures,USD,,,USD 4 per day,area,5.1  hectares,,11994.0,1907.0,300.0,2800.0,,,17001.0,13,17000.0,"Where the land users bore less than 100% of the costs, the remaining expenses were covered through collaborative support from multiple stakeholders. These included the local and central government, the diaspora community, and development agencies and organizations working to promote sustainable land management. Their contributions ensured that the project could be fully implemented while reducing the financial burden on individual land users.",8.0,,100.0,,,,108.0,2,,"Where the land user bore less than 100% of costs, the remainder was covered by local and central government, development agencies, NGOs, and diaspora support.",POSITIVE,NEUTRAL,VERYPOSITIVE,NEGATIVE,Most important factors affecting the costs include labour and grass seeds.
7697,BR,Manejo Florestal em Área de Projeto de Assentamento,other,Real,,,area,2500 ha,,,,,,,,,0,70000.0,,,,,,,,,0,20000.0,,POSITIVE,POSITIVE,VERYPOSITIVE,VERYPOSITIVE,Transporte da lenha até o consumidor.
7698,BR,Produção Agroecológica Integrada e Sustentável (PAIS) em comunidade rural no semiárido,other,Real R$,,100,unit,,,,,,,,,,9,,,,,,,,,,4,,,SLIGHTLYPOSITIVE,SLIGHTLYPOSITIVE,VERYPOSITIVE,VERYPOSITIVE,"Mão de obra, manutenção na cisterna calçadão e o esterco de galinha. A mão de obra é da própria família. O esterco vem do galinheiro e a manutenção na cisterna calçadão no mínimo a cada 2 ou 3 anos ou mais. No caso, o único item que a família precisa comprar são os materiais para manutenção da cisterna, já que os demais vem da própria família e do galinheiro (esterco)."
7700,BR,Arranjo Agroflorestal Adaptado à Caatinga,other,Real,,,area,"0,30 hectares",,,,,,,,,6,3000.0,,,,,,,,,5,700.0,,POSITIVE,POSITIVE,VERYPOSITIVE,POSITIVE,"Os custos são influenciados pelo tamanho da área, disponibilidade de insumos locais, intensidade da estiagem, participação da mão de obra familiar, diversidade de espécies, acesso à assistência técnica e apoio institucional."
7706,BR,Viveiro Florestal de Produção de Mudas Nativas em Comunidade Indígena no Semiárido,other,Real R$,,100,unit,Viveiro Florestal,,,,,,,,,8,,,,,,,,,,6,,,SLIGHTLYPOSITIVE,SLIGHTLYPOSITIVE,POSITIVE,POSITIVE,O item mão de obra é que mais encarece os custos na manutenção das atividades
7709,BR,Barramento com Rocha Ombreirada para Cultivo em Aluvião com espécies da Socioetnobiodiversidade,other,Real R$,,100,unit,Barrocal,,,,,,,,,3,,,,,,,,,,1,,,SLIGHTLYPOSITIVE,SLIGHTLYPOSITIVE,VERYPOSITIVE,VERYPOSITIVE,Mâo de obra e a carrada de pedras
7712,SO,Xidda hafir basin,USD,,,5-15  US,unit,1 hafir basin,,161996.08000000002,34800,,,15960,895,213651.08,21,213651.08,"The general costs were covered by a project called Biyoole, implemented by Puntland government and funded by World Bank Group.",1559.0,645,,,1210,,3414.0,12,3414.0,The maintenance costs of the hafir were covered by income generated through charges collected from water users.,NEGATIVE,SLIGHTLYNEGATIVE,POSITIVE,SLIGHTLYPOSITIVE,"Sedimentation rate: High silt accumulation increases labour needs and maintenance frequency. 
Rainfall variability: Low rainfall reduces water volume and may require structural adjustments.
Availability of community labour: Costs remain low only because the community contributes labour voluntarily.
Condition of the embankment: Any erosion or damage increases the cost of repairs.
Lack of machinery: All work must be done manually, increasing time and effort."
7713,BR,"Sistema Agroflorestal Forrageiro com palma forrageira, umbuzeiro, craibeira e mandacaru",other,Real R$,,100,area,"0,2 ha",,,,,,,,,10,,,,,,,,,,7,,,NEUTRAL,SLIGHTLYPOSITIVE,VERYPOSITIVE,VERYPOSITIVE,"mão de obra, mudas e esterco"
7716,BR,Reflorestamento de áreas degradadas com hidrogel,other,Real R$,5.36,"100,00",area,70 hectares,,,,,,,,,0,3000000.0,Projeto vale sustentável,,,,,,,,0,300.0,Projeto vale sustentável,VERYPOSITIVE,VERYPOSITIVE,VERYPOSITIVE,VERYPOSITIVE,"Os custos de implementação da tecnologia do hidrogel são influenciados por uma série de fatores estruturais e operacionais que variam conforme o contexto de execução. Entre os mais relevantes, destacam-se:
Variação nos preços de insumos e materiais – Itens como mudas, equipamentos, ferramentas e materiais para cercamento apresentam oscilações de mercado ao longo do tempo, impactando diretamente o valor final da implantação.
Custos de mão de obra – As diárias de trabalhadores responsáveis pelo plantio, manutenção e demais atividades de campo variam de acordo com a disponibilidade local, a qualificação exigida e o período de execução, podendo elevar ou reduzir o custo total.
Condições logísticas e de acesso – A distância entre o local de aquisição dos insumos e as áreas de intervenção, bem como as condições das estradas e do transporte necessário, afetam significativamente os custos operacionais.
Atualizações e adaptações do projeto – A tecnologia integra um projeto executado ao longo de mais de uma década, com três edições distintas. Nesse período, mudanças metodológicas, ajustes de escopo e atualizações técnicas influenciaram os custos, dificultando a precisão de valores pontuais.
Características ambientais e territoriais – A variabilidade das condições climáticas, do tipo de solo e da extensão das áreas a serem tratadas interfere diretamente na quantidade de insumos utilizados e no tempo de execução das atividades."
7717,BR,Meliponário em comunidade fundo de pasto no semiárido,other, Real R$,,100,unit,Meliponário,,,,,,,,,5,,,,,,,,,,1,,,SLIGHTLYPOSITIVE,SLIGHTLYPOSITIVE,VERYPOSITIVE,VERYPOSITIVE,"Mão de obra, caixas nordestinas e materiais de construção do meliponário"
7719,BR,Reflorestamento de áreas em Desertificação com plantas em cano PVC,other,Real,5.33,"100,00",area,"3,5 ha",,,,,,,,,0,15000.0,,,,,,,,,0,2000.0,,VERYPOSITIVE,VERYPOSITIVE,VERYPOSITIVE,VERYPOSITIVE,Seca e escassez hídrica e eventual perda de mudas que precisam se repostas.
7720,BR,Sistema Agroflorestal com plantio de mudas em tubetes orgânicos e reciclados,other,Real,5.33,"140,00",area,2 hectares,,,,,,,,,0,5000.0,Projeto comunitário local e familiar,,,,,,,,0,200.0,Projeto comunitário local e familiar,POSITIVE,POSITIVE,POSITIVE,POSITIVE,"Os custos são afetados pela variação de preços dos insumos e materiais no mercado local. Além disso em períodos de seca, aumenta a necessidade de consumo de água e adubação para o solo. Importante considerar que a tecnologia está na sua primeira fase de implementação e não há monitoramento."
7721,BR,Plantio da Faveleira (Cnidoscolus quercifolius) para reversão de áreas em Desertificação,other,Real,5.33,"100,00",area,120 hectares,,,,,,,,,0,2000.0,Projeto de apoio do governo local (municipal),,,,,,,,0,500.0,Projeto de apoio do governo local (municipal),VERYPOSITIVE,VERYPOSITIVE,VERYPOSITIVE,VERYPOSITIVE,A tecnologia é de baixíssimo custo. Envolvendo apenas gasto quando há a necessidade de transportar as mudas da cidade para a área de reflorestamento na zona rural.
7722,BR,Agrofloresta sobre barragem subterrânea integrada a cisterna telhadão,other,Real,5.33,"100,00",area,"2,7 hectares",,,,,,,,,0,8000.0,Projetos locais de apoio,,,,,,,,0,200.0,Projetos locais de apoio,VERYPOSITIVE,VERYPOSITIVE,VERYPOSITIVE,VERYPOSITIVE,Os fatores que mais afetam os custos são relacionados à escassez de água acumulada na superfície que exige custo com energia e bombeamento de água de poço para irrigação do plantio.
7723,BR,Manejo de abelhas para conservação ambiental em unidade produtiva casa de mel,other,Real,5.33,"140,00",unit,Foram implantadas duas unidades nas duas propriedades rurais.,,,2251.41,,,5628.52,4746.71,12626.64,5,12.0,Os custos são financiados pelo projeto REDESER,,,,,,,,0,500.0,Os custos são financiados pelo projeto REDESER,POSITIVE,POSITIVE,POSITIVE,POSITIVE,"Sobretudo no período seco aumenta a necessidade de suplementar a proteína alimentar das abelhas, precisando comprar."
7724,BR,Sistema Agroflorestal Forrageiro para recuperação de áreas degradadas,other,Real,5.33,100,area,4 hectares,,562.85,,2814.26,,2251.41,525.33,6153.85,6,15000.0,Os custos são financiados pelo projeto REDESER,,,,,,,,0,1000.0,Os custos são financiados pelo projeto REDESER,POSITIVE,POSITIVE,POSITIVE,POSITIVE,"Os custos são afetados pela variação de preços do mercado ao longo do tempo e pela ocorrência de secas que demanda alimento ao gado e diversificação de fontes de água para a propriedade, além da logística de transporte local."
7725,BR,Agroecossistema produtivo familiar para resiliência climática,other,Real,5.33,140,area,3 hectares,,,,,,,,,0,18000.0,CAATINGA – Centro de  Assessoria e Apoio aos  Trabalhadores e  Instituições Não Governamentais  Alternativas ,,,,,,,,0,4000.0,"Se o usuário da terra arca com menos que 100% dos custos, indique quem cobre os custos remanescentes",VERYPOSITIVE,VERYPOSITIVE,VERYPOSITIVE,VERYPOSITIVE,Variação de preços que se alteram no mercado e a variabilidade temporal das chuvas com as secas.
7727,BR,Sistemas Integrado de Reuso de Águas Cinzas e Evapotranspiração,other,Real,5.33,100,area,3 hectares,,,,,,,,,0,10000.0,CAATINGA – Centro de  Assessoria e Apoio aos  Trabalhadores e  Instituições Não Governamentais  Alternativas ,,,,,,,,0,300.0,CAATINGA – Centro de  Assessoria e Apoio aos  Trabalhadores e  Instituições Não Governamentais  Alternativas ,VERYPOSITIVE,VERYPOSITIVE,VERYPOSITIVE,VERYPOSITIVE,Os custos são variáveis em virtude da variação dos preços de mercado a depender do material que se precise para manutenção e a própria implantação que ocorreu em épocas distintas.
7728,BR,Plantio em curvas de níveis integrado a Barragem de Base Zero para contenção de erosão,other,Real,5.33,100,area,3 hectares,,,,,,,,,0,5000.0,,,,,,,,,0,2000.0,,POSITIVE,VERYPOSITIVE,POSITIVE,VERYPOSITIVE,Incidência de secas e demanda por água e material topográfico.
7729,BR,Sistema aquapônico aplicado a produção de hortaliças e frutas,other,Real,5.33,120,unit,Ponto específico de instalação da tecnologia na propiedade,,,,,,,,,0,2000.0,,,,,,,,,0,100.0,,POSITIVE,POSITIVE,POSITIVE,POSITIVE,"A variação do preço da ração, mas de baixo custo, sem grande impacto."
7730,BR,Jardim filtrante para reuso de águas cinzas e saneamento rural produtivo,other,Real,5.33,100,unit,Jardim filtrante,,45.03,1444.65,30.020000000000003,,6.57,,1526.27,7,1800.0,Serviço de Tecnologia Alternativa (SERTA),,,,,,,,2,500.0,Serviço de Tecnologia Alternativa (SERTA),POSITIVE,POSITIVE,POSITIVE,POSITIVE,Depende da necessidade de material e do valor de mercado que é variável ao longo do tempo.
7731,BR,Sistema Sustentável de Criação da Abelha Jandaíra em Caixas de Madeira,,,,,area,,,,,,,,,,12,3000.0,,,,,,,,,0,200.0,,POSITIVE,VERYPOSITIVE,VERYPOSITIVE,VERYPOSITIVE,
7734,BR,Reator Anaeróbico de Fluxo Ascendente e Biodigestor Sertanejo integrados as atividades produtivas,other,Real,5.33,120,area,"0,5 hectares",,697.94,,,,1655.84,,2353.78,4,,,,,,,,,,0,200.0,,VERYPOSITIVE,VERYPOSITIVE,VERYPOSITIVE,VERYPOSITIVE,"Os fatores que afetam os custos são relativos a eventuais manutenção, mas de baixo custo, só quando necessário."
7737,BR,Forno Solar,other,Real,,,unit,Forno,,,,,,,,,9,,,,,,,,,,0,30.0,,VERYPOSITIVE,VERYPOSITIVE,VERYPOSITIVE,VERYPOSITIVE,"O que encarece é o tamanho do forno, quanto maior for mais caro."
7740,BR,Canteiro Bioséptico para Tratamento de Águas Negras em Áreas Rurais do Semiárido Brasileiro,other,Real,,,unit,Fossa bioséptica,,,,,,,,,8,1700.0,,,,,,,,,6,100.0,,VERYPOSITIVE,VERYPOSITIVE,VERYPOSITIVE,VERYPOSITIVE,Tipo de material utilizado que se for de baixa qualidade irá exigir constante reparos.
7741,BR,Extrativismo Florestal Sustentável em Área Protegida: Reserva Extrativista Chapada Limpa,other,Real,,,area,"11.971,24 ha",,,,,,,,,1,70000.0,,,,,,,,,0,20000.0,,POSITIVE,POSITIVE,VERYPOSITIVE,VERYPOSITIVE,"Os custos associados à implantação e à manutenção desta tecnologia são influenciados por um conjunto de fatores técnicos, territoriais e institucionais, uma vez que se trata de um arranjo de extrativismo florestal sustentável em área protegida. Os principais fatores que afetam os custos incluem:
- Extensão da área e número de comunidades atendidas: Áreas maiores e com maior número de comunidades demandam mais tempo de campo, maior esforço de mobilização social e aumento dos custos de acompanhamento técnico.
- Periodicidade e nível de detalhamento do acompanhamento técnico: A frequência das visitas técnicas, a necessidade de atualização de inventários florestais e o grau de detalhamento das análises influenciam diretamente os custos anuais.
- Acessibilidade e logística do território: As condições de acesso à RESEX Chapada Limpa, distâncias entre comunidades e limitações de infraestrutura impactam os custos de deslocamento, transporte e permanência em campo.
- Disponibilidade de mão de obra e conhecimento local: A participação ativa das comunidades e a presença de parataxinomistas locais reduzem custos técnicos e operacionais, enquanto a dependência de equipes externas tende a elevá-los.
- Escala e metodologia do inventário florestal: O número de parcelas, as espécies foco e os métodos de amostragem adotados influenciam diretamente os custos do diagnóstico e do monitoramento."
7752,SO,Soil and water conservation and pasture management through check dams and fencing,USD,,,5 USD,area,4 hectares,,85.0,91.0,900.0,,12380.0,150.0,13606.0,16,,"Ministry of Environment and Climate Change, Jubaland through Barwaaqo project",59.0,,300.0,,3722.5,90.0,4171.5,11,,,NEUTRAL,SLIGHTLYPOSITIVE,POSITIVE,POSITIVE,"Sediment accumulation behind the check dams, which requires periodic removal to maintain effectiveness and storage capacity . Damage from high-intensity rainfall or floods, leading to repair of cracked, undermined, or overtopped structures. Availability and cost of skilled labor for inspection, cleaning, and minor repairs. Livestock or human disturbance, which can damage structures and vegetation if access is not controlled."
7777,SO,Kaluun-Dacar Water Harvesting Haffir,USD,,,6,unit,haffir,,19500,23400.0,,,60900.0,,103800.0,8,103800.0,Establishment and implementation costs were fully covered by the project. Land users did not bear any financial or in-kind costs during the establishment phase.,750,180,,,,,930,2,930.0,,NEUTRAL,POSITIVE,VERYPOSITIVE,VERYPOSITIVE,"Machinery hire, labour requirements, and transport of materials are the main cost drivers. Costs can increase in remote areas or when fuel prices are high."
7778,SO,Integrated Land Management for Gully Erosion Control through Gabions and Rock Check Dams in Guri Gaab Village,USD,,,Average wage cost of hired labour: USD 5 per person per day.,area,160 ha,,250,4110,,,19208.7,,23568.7,9,24009.2,% 100 by project,650,200,100,,375,,1325,6,1324.0,"Remaining costs were covered by project support from the Ministry of Environment and Climate Change, implementing partners, and supporting NGOs, with partial in-kind contributions from the local community.",NEGATIVE,SLIGHTLYPOSITIVE,POSITIVE,VERYPOSITIVE,"The main factors influencing the costs of the technology include the availability and distance of locally sourced stones, which significantly affects transport expenses. Labor costs vary depending on the level of community contribution versus hired skilled labor required for gabion installation and technical supervision. The size, depth, and slope of the gully determine the number, dimensions, and strength of gabion structures needed. Accessibility of the site influences equipment and transport costs, especially during the rainy season. Finally, rainfall intensity and frequency affect maintenance requirements and may increase costs for repairs after heavy runoff events."
7779,MN,Well rehabilitation and restoration technology,USD,,,USD 15–20 per day,area,,,540.0,1050.0,,,3100.0,200.0,4890.0,4,,Implemented jointly by Oyu Tolgoi LLC,90.0,,,,50.0,30.0,170.0,3,170.0,and user (herder household),SLIGHTLYPOSITIVE,POSITIVE,POSITIVE,VERYPOSITIVE,"The cost of the technology is mainly influenced by the well depth, groundwater conditions, transportation distance of construction materials, the price of solar energy equipment, and the seasonal conditions during construction works."
779,BD,Keyhole Garden,USD,,,U.S.$2.50,unit,Keyhole Garden,,7.5,,,,,,7.5,2,,,30.0,,,,,,30.0,6,,,VERYPOSITIVE,VERYPOSITIVE,,,"Over the last few years, people in disaster-affecteed areas of Bangladesh have become familiar to receiving during humanitarian distributions; and expect “hand-outs” if they were to participate in a development project. The Keyhole garden project, however, follows the LEISA approach and does not rely on giving free inputs to the participants. (In a few cases where the local population was lacking seeds and experience in seed production, women's groups were given seeds and training.)  A lack of reliance on external inputs or subsidies contributes to the sustainability of the project. The inputs (clay, manure, sticks, rocks, etc.) are locally available and usually do not require additional expenses. This may not be the case in all contexts."
7792,MN,Household silage making in winter shelters,other,tugrug,3550.0,,area,0.2 ha,,140.84,183.10000000000002,169.01,,,,492.95,7,,"To demonstrate, the project helped buy tools and seeds for one household. The households that adopted the technology covered all the costs themselves.",112.67,84.51,,,,101.41,298.59,5,,,VERYPOSITIVE,VERYPOSITIVE,SLIGHTLYPOSITIVE,VERYPOSITIVE,"The technology is deliberately designed to minimise financial costs, relying almost entirely on family labour, free on-site manure, and reused/shared equipment. The most important cost drivers are external market factors (oat seed price/availability), climate variability (rainfall affecting irrigation/weeding), and household labour capacity during seasonal peaks."
7806,SA,تقنية متكاملة لإعادة تأهيل الاودية: الحماية والحصاد المائي في البيئة الجافة / منتزه الصفرات,other,ريال سعودي,3.75,50 ريال سعودي,area,هكتار 7000 ,{},13333.33,133533.33000000002,,,,,146866.66,4,100000.0,,6666.67,16200.0,,,,,22866.67,4,,,NEUTRAL,NEUTRAL,POSITIVE,POSITIVE,معدات الحفر ومعدات  لجرف التربة و السيارات للتنقل و الموظفين 
7808,SA,الهندسة البيئية للأودية وتقنيات حصاد المياه الذكية لاستعادة الغطاء النباتي في المناطق شديدة الجفاف – منتزه الصهوة الوطني,other,ريال سعودي (SAR),3.75,150 – 250 ريال سعودي / يوم,unit,سد حجري متدرج واحد (Check dam) داخل مجرى الوادي,{},586.6600000000001,400.0,,,,,986.66,7,700800.0,تم تغطية التكاليف المتبقية بالكامل من قبل الجهات الحكومية، وعلى رأسها المركز الوطني لتنمية الغطاء النباتي ومكافحة التصحر (NCVC) ضمن إطار البرنامج الوطني للتشجير (NGP) ومبادرة السعودية الخضراء، بما يشمل تكاليف التخطيط والتنفيذ والإشراف والمتابعة.,133.33,66.67,,,,,200.0,2,797.0,تم تغطية التكاليف المتبقية بالكامل من قبل الجهات الحكومية، وعلى رأسها المركز الوطني لتنمية الغطاء النباتي ومكافحة التصحر (NCVC) ضمن إطار البرنامج الوطني للتشجير (NGP)، حيث تتولى الجهات المنفذة أعمال المتابعة والصيانة الدورية نظرًا للطابع البيئي العام للتقنية.,SLIGHTLYPOSITIVE,SLIGHTLYPOSITIVE,VERYPOSITIVE,VERYPOSITIVE,تتأثر تكاليف تنفيذ التقنية بعدة عوامل رئيسية، أبرزها خصائص الموقع (عرض الوادي، درجة الانحدار، وطبيعة التربة)، والتي تحدد حجم وعدد منشآت حصاد المياه المطلوبة. كما يؤثر توفر المواد المحلية، خاصة الحجارة، وقربها من موقع التنفيذ على تقليل أو زيادة تكاليف النقل. وتلعب سهولة الوصول إلى الموقع دورًا مهمًا في تحديد تكلفة المعدات والعمالة. إضافةً إلى ذلك، تؤثر شدة الأمطار والتعرية على حجم أعمال الصيانة اللاحقة. كما أن مستوى الدقة في التصميم والتخطيط (باستخدام GIS) يؤثر على كفاءة توزيع المنشآت وبالتالي على التكلفة الإجمالية.
7809,SA,حصاد مياه الأمطار باستخدام الحفر نصف الدائرية (قوس هلالي) لزراعة اشجار المرخ بين الكثبان الرملية,other,SAR,3.75,120-130 SAR,area,0.46  ha,{},176.0,1408.0,238.4,133.33,119.2,,2074.93,5,,,58.67,10.0,12.27,,,,80.94,3,,,SLIGHTLYNEGATIVE,NEUTRAL,SLIGHTLYPOSITIVE,POSITIVE,"العامل الرئيسي المؤثر في التكاليف هو العمالة.
العوامل المناخية للمنطقة والتي تستلزم تنفيذ شبكه ري تكميلي بالإضافة الى العواصف الرملية والتي تسبب الى طمي الاقواس."
7810,SA,التشجير المقاوم للملوحة بإستعمال مياه متملحة لتعزيز استقرار الغطاء النباتي في البيئات الصحراوية - غابة بحيرة الأصفر ,other,ريال سعودي,375.0,200 ريال سعودي ,unit, شتلة مزروعة,{},70.52999999999999,18.27,6.67,6.4,66.67,8.0,176.54,18,,التكاليف كاملة تمت تغطيتها من صاحب الفكرة أحمد بوخمسين من حسابه الخاص ولم يتلق ولا ريال واحد من أي جهة مانحة سواء قطاع حكومي أو خاص أو غير ربحي,2.13,1.33,1.07,,1.33,0.8,6.66,6,32.0,صاحب الفكرة أحمد جواد بوخمسين تحمل كامل التكاليف من حسابه الشخصي,SLIGHTLYPOSITIVE,SLIGHTLYNEGATIVE,VERYPOSITIVE,VERYPOSITIVE,الوصول إلى مكان التجربة حيث تتطلب سيارات دفع رباعي وقيمة العمالة 
7811,SA,إعادة تأهيل السهول الحصوية بالحماية والتجدد الطبيعي والتشجير بالأنواع المحلية – متنزه أبا سمري الوطني,other,ريال سعودي (SAR),3.75,150 – 250 ريال سعودي/يوم,area, 1 هكتار (ha),{},1333.33,666.67,533.33,,2133.33,400.0,5066.66,5,1500025000.0,تمت تغطية التكاليف المتبقية من قبل جهة حكومية (المركز الوطني لتنمية الغطاء النباتي ومكافحة التصحر) ضمن إطار البرنامج الوطني للتشجير، مع دعم تمويلي كامل أو جزئي للمشروع.,533.33,160.0,66.67,,266.67,333.33,1360.0,6,25000.0,تمت تغطية التكاليف المتبقية من قبل جهة حكومية (المركز الوطني لتنمية الغطاء النباتي ومكافحة التصحر) ضمن البرنامج الوطني للتشجير، مع تمويل مباشر لأعمال الحماية والتأهيل.,NEUTRAL,NEUTRAL,VERYPOSITIVE,VERYPOSITIVE,تم تقدير جميع مدخلات وتكاليف الصيانة الواردة في الجدول على أساس هكتار واحد (1 ha) من المساحة المعالجة بالتقنية. وتشمل تكاليف الصيانة العمالة، وأدوات الصيانة الخفيفة، وأعمال المتابعة الدورية اللازمة للمحافظة على كفاءة التدخل واستدامة الغطاء النباتي. وتمثل التكاليف المبينة تكلفة الصيانة التقديرية للهكتار الواحد، وليست التكلفة الإجمالية لكامل مساحة انتشار التقنية.
7813,SA,إبطاء الجريان السطحي بالمدرجات الحجرية والتشجير المنظّم في وادي الفقي – منتزه شعيب المحالب,USD,,,48 دولار أمريكي (للعامل الميداني غير المتخصص),unit,الحزمة التنفيذية المشتركة التي تشمل منتزه شعيب المحالب ووادي الفقي,{},173544.0,91980.0,587200.0,19952.0,25840,119072.6,1017588.6,19,,,400120,530279,226574,131766,97652,117304,1503695,6,,,SLIGHTLYNEGATIVE,NEUTRAL,POSITIVE,VERYPOSITIVE,العامل الأكبر المؤثر في التكلفة هو عدد وكثافة الغرسات وما يرتبط بها من شراء الشتلات والعمالة والري التكميلي، يليه تشغيل ونقل المعدات والحجارة اللازمة لإنشاء المدرجات.
7814,SA,التجدد الطبيعي المدعوم على نطاق واسع وحفظ التربة والمياه في الأراضي الجافة: حالة منتزه ثادق,other,ريال سعودي,3.756,937.50 ريال سعودي,area,كل هكتار معالج,{'ar': '1'},2161.87,3165.94,998402.56,718.85,99840.26,26624.07,1130913.55,10,,المركز الوطني لتنمية الغطاء النباتي ومكافحة التصحر,,,,,,,,0,300000.0,المركز الوطني لتنمية الغطاء النباتي ومكافحة التصحر,SLIGHTLYNEGATIVE,SLIGHTLYPOSITIVE,POSITIVE,VERYPOSITIVE,"طبيعة الموقع، كثافة المنشآت المطلوبة، طول المجاري المستهدفة، توفر المواد المحلية، توافر الشتلات المحلية، ومدى الحاجة إلى الحماية والري التكميلي
"
7815,SA,استعادة الغطاء النباتي في الأودية باستخدام تقنيات حصاد مياه الأمطار – منتزه أبو فحيحيل المفتوح,other,ريال سعودي,3.75,150 – 250 ريال سعودي/يوم,unit,"كامل مساحة تطبيق التقنية: 2,819.5 هكتار (≈ 28.2 كم²)",{},1333.33,666.67,1620000.0,133.33,400.0,373.34000000000003,1622906.67,7,,المركز الوطني لتنمية الغطاء النباتي و مكافحة التصحر NCVC,533.33,133.33,133.33,,346.66999999999996,66.67,1213.33,6,,المركز الوطني لتنمية الغطاء النباتي و مكافحة التصحر NCVC,SLIGHTLYNEGATIVE,NEUTRAL,VERYPOSITIVE,POSITIVE,يتمثل أهم عامل مؤثر على التكلفة في هذه الحالة التطبيقية في أعمال إنشاء منشآت حصاد مياه الأمطار، وخاصة تكلفة العمالة والآليات اللازمة لإنشاء الحواجز الحجرية والمصاطب والمنخفضات التجميعية ونقل وتجميع المواد الحجرية. وتأتي بعد ذلك تكاليف إنتاج وتوفير ونقل وزراعة شتلات الأشجار والشجيرات المحلية، ثم تكاليف الحماية والتسييج والري التأسيسي والصيانة. وتتأثر هذه التكاليف كذلك بطبيعة التضاريس، وبعد مواقع التنفيذ، وتوفر المواد المحلية، وكثافة التدخلات المطلوبة.
7824,MN,Producing wild cherry seedlings in a schoolyard nursery,other,MNT,3550.0,30000,unit,10,{},143.66,111.27000000000001,,10.56,289.44,,554.93,9,,The costs of technology-related materials were covered by the WWF Mongolia Program Office.,397.18,,,,,84.93,482.11,6,,The total labour cost was borne by the land user or initiator.,SLIGHTLYPOSITIVE,NEUTRAL,POSITIVE,SLIGHTLYPOSITIVE,"Because the required infrastructure was unavailable to carry out this initiative directly, new materials were obtained. Given the increasing costs of fuel and construction materials in the local market, the absence of monoculture and seed resources, along with the low fertility of local natural soil, it will be essential to buy soil."
7835,MW,Maize-Pigeon Pea Intercropping,other,Malawi Kwacha,1751.0,5000 Kwacha,area,1 hectare,{},159.91,483.72,125.65,496.85,,,1266.13,10,,,558.52,,125.65,496.85,,83.38,1264.4,15,,,POSITIVE,SLIGHTLYPOSITIVE,POSITIVE,POSITIVE,"Inflation, which has led to raising prices of inputs such as seed, transport, and labor"
7837,MN,Protection and Sustainable Management of Khoovor Spring,other,MNT - Mongolian Tugrug,3450.0,,unit,one standardized protected spring,{},527.52,115.06,,,2638.18,2150.02,5430.78,6,18736196.0,"UNDP Mongolia ADAPT Project, financed by the Green Climate Fund ",,,,,,,,0,,,POSITIVE,VERYPOSITIVE,VERYPOSITIVE,VERYPOSITIVE,"The main cost factors at Khoovriin Spring were the galvanized steel pipes, welded wire mesh, flat steel bars, gate and signboard, fabrication and welding, transportation to the site, and installation. Construction materials represented the largest direct cost component. There are no regular operating costs; any future repair costs would depend on the extent of damage and the cost of transporting replacement materials to the site.
"
7841,MN,Lamb Fattening Practice for Sustainable Rangeland Management,other,Mongolia tugrug,2850.0,25080 Tugrug,unit,one herder household implementing lamb-fattening ,{},132.0,200.0,,,,,332.0,2,946200.0,Not applicable – the land user covered 100% of the establishment costs.,,,,,,,,1,11500000.0,The costs are calculated as costs borne by the land user.,VERYPOSITIVE,POSITIVE,VERYPOSITIVE,POSITIVE,"The main factor affecting recurrent costs is the price and quantity of supplementary feed. Costs also vary according to the number of eligible ewes rearing male lambs, the duration of supplementary feeding, hired labour costs, feed transportation and storage requirements, and the annual maintenance of the livestock weighing scale. Drought, dzud and poor pasture conditions may increase feed requirements and consequently raise annual costs. Market conditions and the availability of locally produced feed also influence the actual cost of implementation."
7843,MN,Restoration of Cynomorium songaricum through Host Plant Conservation and Management,USD,,,approx. $17 USD per person-day,unit,2,{},,,,,,,,0,24800.0,"The establishment costs were covered by the ENSURE Project, financed by the Global Environment Facility (GEF) and implemented by the Government of Mongolia and UNDP Mongolia.",,,,,,,,0,,,NEGATIVE,NEGATIVE,POSITIVE,POSITIVE,"The most important establishment cost factor is the purchase and transport of wire mesh, fence posts and related materials to remote restoration sites. For replication without project support, fencing materials and their transportation are expected to be the largest initial expense. During maintenance, supplementary irrigation and the transport of water may become the main recurrent cost, particularly during severe drought."
7845,SA,استعادة بيئية تفاعلية للأودية الجافة بمنصات حصاد مياه الأمطار والتشجير – منتزه البهيتة الوطني,other,ريال سعودي,3.75,150 ريال سعودي/اليوم,area, 1 هكتار,{},1333.33,2133.33,1000.0,266.67,2666.67,,7400.0,5,,تم تمويل وتنفيذ أعمال الاستعادة البيئية بالكامل من قبل البرنامج الوطني للتشجير بالمركز الوطني لتنمية الغطاء النباتي ومكافحة التصحر (NCVC)، ولم يتحمل مستخدم الأرض أي تكاليف مباشرة لإنشاء التقنية.,5335.47,533.33,80.0,53.33,400.0,,6402.13,5,,يتم تنفيذ وتمويل أعمال الصيانة والمتابعة الدورية من قبل البرنامج الوطني للتشجير بالمركز الوطني لتنمية الغطاء النباتي ومكافحة التصحر (NCVC)، ولا يتحمل مستخدم الأرض أي تكاليف مباشرة للصيانة.,SLIGHTLYNEGATIVE,SLIGHTLYPOSITIVE,VERYPOSITIVE,VERYPOSITIVE,تتمثل التكلفة الرئيسية للتقنية في العمالة والمعدات اللازمة لتنفيذ أعمال الحماية وحصاد مياه الأمطار والتشجير، إضافةً إلى النقل وتجهيز الموقع. وتتأثر هذه التكاليف بشكل رئيسي بمساحة الموقع، وطبيعته الصخرية، وصعوبة الوصول إليه، وحجم وكثافة منشآت حصاد المياه والتشجير. كما تؤثر عوامل ثانوية في التكلفة، مثل توفر المواد المحلية، ونوع وكثافة الأنواع النباتية المستخدمة، ومعدلات بقاء الشتلات، والظروف المناخية، واحتياجات الري التكميلي، ومستوى الصيانة والمتابعة المطلوبة خلال السنوات الأولى.
7848,SA,التشجير المحمي وتطوير الموائل لتعزيز التنوع الحيوي في الأودية شديدة الجفاف بمنتزه حريملاء الوطني,other,الريال السعودي (SAR),3.75,150 ريال سعودي/عامل/يوم,area, 1هكتار (ha),{},400.0,640.0,666.67,133.33,266.67,266.67,2373.34,6,,تم تمويل تكاليف إنشاء التقنية من قبل المركز الوطني لتنمية الغطاء النباتي ومكافحة التصحر (NCVC) ضمن البرنامج الوطني للتشجير، ولا يتحمل مستخدمو الأراضي أي تكاليف مباشرة، حيث تقع المنطقة داخل منتزه وطني محمي وتنفذ أعمال إعادة التأهيل بتمويل حكومي.,200.0,320.0,66.67,53.33,133.33,120.0,893.33,6,,تم تغطية كامل تكاليف الصيانة من قبل المركز الوطني لتنمية الغطاء النباتي ومكافحة التصحر (NCVC) ضمن البرنامج الوطني للتشجير، باعتباره الجهة المسؤولة عن إدارة وتنفيذ أعمال الصيانة والمتابعة داخل المنتزه الوطني.,SLIGHTLYPOSITIVE,SLIGHTLYPOSITIVE,VERYPOSITIVE,VERYPOSITIVE,أظهرت تجربة تطبيق التقنية في متنزه حريملاء الوطني أن تكلفة وتوافر العمالة الميدانية كانا من أهم العوامل المؤثرة في تكاليف التنفيذ، نظرًا لاعتماد عدد من العمليات على العمل الميداني، ولا سيما تجهيز حفر وأحواض الغرس الهلالية، وزراعة الشتلات، وتنفيذ أعمال الري التكميلي والصيانة واستبدال الشتلات عند الحاجة. كما تأثرت التكاليف بدرجة أقل بتكاليف نقل الشتلات والمواد والمعدات إلى مواقع التنفيذ داخل الأودية، وبمتطلبات توفير مياه الري خلال مرحلة التأسيس. لذلك ترتبط التكلفة الفعلية بدرجة كبيرة بحجم الأعمال الميدانية وكفاءة تنظيم العمالة وتقليل احتياجات الصيانة اللاحقة.
7851,SA,التشجير الموقعي بالأنواع النباتية المحلية في البيئات الجبلية – منتزه الطائف الوطني,other,الريال السعودي (SAR),3.75,250 ريال سعودي/عامل/يوم,area,1 هكتار,{},1333.33,800.0,1600.0,266.67,3466.66,1066.67,8533.33,7,32000.0,تم تمويل تكاليف إنشاء التقنية بالكامل من خلال  المركز الوطني لتنمية الغطاء النباتي ومكافحة التصحر، ضمن التمويل الحكومي المخصص لمشروعات إعادة تأهيل الأراضي، بينما لم يتحمل مستخدمو الأراضي أي تكاليف مباشرة لإنشاء التقنية.,533.33,266.67,80.0,133.33,320.0,,1333.33,6,5000.0,تُغطى تكاليف الصيانة من خلال  المركز الوطني لتنمية الغطاء النباتي ومكافحة التصحر، ضمن التمويل الحكومي المخصص لمتابعة واستدامة مشاريع إعادة تأهيل الأراضي، ولا يتحمل مستخدمو الأراضي تكاليف مباشرة لأعمال الصيانة.,SLIGHTLYNEGATIVE,SLIGHTLYPOSITIVE,POSITIVE,POSITIVE,تتأثر تكاليف إنشاء وصيانة التقنية بعدة عوامل رئيسية، أبرزها وعورة التضاريس الجبلية وصعوبة الوصول إلى بعض مواقع التشجير، مما يزيد من تكاليف النقل والتشغيل. كما تؤثر كثافة أعمال الحماية، وتنفيذ تقنيات حصاد مياه الأمطار، وتوفر الشتلات المحلية الملائمة، واحتياجات الري التكميلي خلال مرحلة الاستقرار الأولى، على مستوى التكاليف. كذلك ترتبط التكاليف بمدى نجاح التجدد الطبيعي، وكفاءة إجراءات الصيانة الدورية، ومستوى بقاء الشتلات، إضافة إلى متطلبات الرصد البيئي والتحقق الحقلي باستخدام تقنيات الاستشعار عن بُعد، والتي تسهم في تحسين كفاءة الإدارة وخفض تكاليف المعالجة المستقبلية.
7855,MN,Gravity-fed plastic-lined water retention pond with river headworks,other,Mongolian Tugrug (MNT),3450.0,"60,700 MNT per person-day",unit,One complete gravity-fed water retention pond system,{},2894.52,2064.98,,,13382.2,9068.2,27409.9,6,94564133.0,"The establishment costs were covered by the ADAPT Project, financed by the Green Climate Fund and the Government of Mongolia and supported by UNDP, in cooperation with the relevant national and local authorities. No direct monetary or documented in-kind construction contribution was made by the land users.",,,,,,,,0,2364103.0,Probably will be cost-sharing between the local authority and the community. ,NEGATIVE,SLIGHTLYPOSITIVE,POSITIVE,POSITIVE,"The main cost factors are the quantity and market price of HDPE pipes, the synthetic pond liner and other construction materials; the length of the buried pipelines and open conveyance channel; and the machinery required for excavation, grading and backfilling. The remote location, more than 60 km from the Uyench Soum centre, increases transportation and mobilization costs. Future maintenance costs will mainly depend on sediment accumulation, flood and erosion damage, liner or pipeline leakage, and the frequency of channel, gate and pond cleaning and repair."
907,ES,Aserpiado,other,Euros,0.94,,area,22 hectares,,,,,,,,,0,,,234.04,287.22999999999996,17.02,21.29,,,559.58,7,,,VERYPOSITIVE,NEUTRAL,VERYPOSITIVE,NEUTRAL,The cost of Aserpiado and sown tasks compared to conventional farming.
935,HT,Terra Preta raised garden beds,other,Haiti Gourde,68.0,250,unit,isolated structure,,25.74,0.07,3.6799999999999997,,9.56,,39.05,12,,Swiss Red Cross,55.15,2.21,3.68,,,,61.04,3,,,VERYPOSITIVE,VERYPOSITIVE,VERYPOSITIVE,VERYPOSITIVE,The labour (and the technical support for the first 3-4 structures of raised beds).
938,ZA,Vetiver grass soil conservation system,USD,,,2.00,area,ha,,30.0,4.0,66.0,40.0,,,140.0,4,,,10.0,4.0,,11.0,,,25.0,4,,,NEUTRAL,POSITIVE,POSITIVE,VERYPOSITIVE,"1) Labour, 
2) Transport from nursery to field, 
3) The steeper the gradient the more contour lines of vetiver grass will be used, 
4) Fertiliser"
939,ES,Reduced contour tillage of cereals in semi-arid environments,other,Euro,0.63,79.00,,,,630.16,,,,,,630.16,1,,,19.05,79.37,,,,,98.42,2,,,SLIGHTLYNEGATIVE,SLIGHTLYPOSITIVE,SLIGHTLYPOSITIVE,SLIGHTLYPOSITIVE,Fuel price is the most determinate factor affecting the costs.
940,KE,Small-scale conservation tillage,other,Kenya shillings,,7.00,,,,,,,,,,,0,,,,,,,,,,4,,,,POSITIVE,,VERYPOSITIVE,"Land preparation cost - equipment, draught animals, operator."
941,KE,"Conservation Tillage for large-scale cereal production, Kisima, Kenya",other,Kenya shilling,,2.34,,,,,,,,,,,8,,,,,,,,,,6,,,SLIGHTLYPOSITIVE,POSITIVE,POSITIVE,VERYPOSITIVE,"Machinery, spraying and labour (management time not included in figures above). 4000 Machine hrs are establishment costs and 5510 machine hrs Maintainance costs. The costs for machinery differ from task to task and the values are only partly known. Thus it was not possible to figure out a mean."
942,CN,"Longan, Plum interplanting",USD,,8.3,2.40,,,,,,,,,,,0,,,,,,,,,,0,,,SLIGHTLYNEGATIVE,NEUTRAL,VERYPOSITIVE,VERYPOSITIVE,"Main factor influencing the SWC cost is steeper slope. Since the slope steeper is, much more cost needed to level off terrace. In some places, the earth needs to be moved from one place to another which will spend a lot of labor forces."
943,ET,Runoff/floodwater farming,other,ETH Birr,8.5,0.85,,,,29.76,2.82,12.47,,,,45.05,3,,,52.94,7.53,35.29,,,,95.76,3,,,POSITIVE,VERYPOSITIVE,VERYPOSITIVE,VERYPOSITIVE,"labour required for the diversion ditch, block making and irrigation channels is high"
944,SN,African market gardens,,,,2.00,,,,,,,,,,,7,,,,,,,,,,1,,,SLIGHTLYNEGATIVE,VERYPOSITIVE,VERYPOSITIVE,VERYPOSITIVE,
945,AU,No-till with controlled traffic,USD,,,160,,,,5.0,,,,,,5.0,1,,,5.0,23.0,8.0,75.0,,,111.0,6,,,VERYPOSITIVE,VERYPOSITIVE,VERYPOSITIVE,VERYPOSITIVE,"In average one third of the farm area is in crop and two thirds are fallow. This means that overall farming costs per
ha are reduced, since during fallow period activities are limited to spraying herbicides. Labour costs approximately US$ 160 per day. Machinery costs average out at US$ 20 per hour (diesel costs US$ 0.9 per litre). All the data comes from this single farmer. Purchase of equipment is not included in the table above."
946,SN,Low-Pressure Irrigation System ‘Californian’,,,,,,,,,,,,,,,3,,,,,,,,,,0,,,POSITIVE,POSITIVE,VERYPOSITIVE,POSITIVE,If soil is not sandy labour input for establishment increases. Hand or treadle pumps are provided by the project. Motor pumps (with pump capacity 2 HP) increase costs for establishment and maintenance (fuel) but reduce labour inputs for operation.
947,NE,Irrigated Oasis gardens,USD,,,,,,,380.0,1100.0,,,,400.0,1880.0,6,,,450.0,1660.0,,,,,2110.0,5,,,VERYPOSITIVE,VERYPOSITIVE,VERYPOSITIVE,VERYPOSITIVE,Le calcul des coûts est basé sur les prix locaux des terres et des systèmes traditionnels d’irrigation. Les coûts d’entretien comprennent aussi le fourrage
948,CM,Green manuring with Tithonia,other,CFA,,3.00,,,,,,,,,,,0,,,,,,,,,,2,,,,POSITIVE,,POSITIVE,Labour costs are the main factor affecting the costs. Labour inputs depend a lot on transport distance between Tithonia hedge and cropland.
949,ET,Konso Bench Terrace,other,Ethiopian Birr,8.5,0.60,,,,194.12,8.24,4.71,,35.29,,242.36,4,,,58.82,,4.71,,,,63.53,2,,,NEGATIVE,SLIGHTLYPOSITIVE,SLIGHTLYPOSITIVE,POSITIVE,"Labour, farm implements, soil workability, surface stoniness"
950,ZA,Controlling of soil erosion during crop production,USD,,,6.00,,,,600.0,200.0,,,25.0,,825.0,3,,,120.0,,,,,,120.0,1,,,SLIGHTLYPOSITIVE,SLIGHTLYNEGATIVE,POSITIVE,SLIGHTLYPOSITIVE,"The voluntary labour was at minimal, therefore labour affected the cost significantly."
951,AU,Green cane trash blanket,USD,,,100.00,area,1 ha,,,,,,,,,0,,,390.0,,,153.0,,,543.0,3,,,,SLIGHTLYPOSITIVE,,POSITIVE,
952,NE,Night Corralling,USD,,,,,,,,15.0,,,,,15.0,1,,,3.0,5.0,,,,,8.0,2,,,SLIGHTLYPOSITIVE,VERYPOSITIVE,POSITIVE,POSITIVE,"Labour costs incur in a 3-years cycle: putting and changing the poles on a specific field is done in year 1, while in years 2 and 3 the respective field is cultivated, and no corralling takes place. Actual labour inputs for corralling in year 1 is 4–5 days (= 10–15 minutes during approx. 170 days), equivalent to US$ 10–13; maintenance costs given in the tables above refer the average expenses of the whole 3-years cycle"
953,NE,Rotational Fertilization,,,,1.5,,,,,,,,,,,2,,,,,,,,,,1,,,POSITIVE,POSITIVE,VERYPOSITIVE,VERYPOSITIVE,"Establishment of housing infrastructure is done collectively, involving dozens of community members within less than a week.  Construction material is taken from the woodlands; many parts are re-used after moving. While expenses are expressed in US$, in reality costs are in kind (mutual help) or not paid for (free lumber). Maintenance activities include: maintenance and re-building of dwellings. Costs for crop cultivation (US$ 335-535 annually) are not included."
954,ET,Grazing Land Improvement,other,Birr,,0.50,,,,,,,,,,,3,,,,,,,,,,3,,,SLIGHTLYPOSITIVE,POSITIVE,VERYPOSITIVE,VERYPOSITIVE,"soil fertility, labour,manure (compost)"
955,TG,Smallstock Manure Production,USD,,,,unit,1,,200.0,182.22,,,,,382.22,4,,,150.0,,,,,,150.0,1,,,SLIGHTLYPOSITIVE,SLIGHTLYPOSITIVE,POSITIVE,POSITIVE,Main cost-relevant factor is labour.
956,ZA,Water run-off control plan on cultivated land,other,rand,6.0,,,,,610.0,,140.0,,,,750.0,3,,50 Contours are constructed on the 250ha Total length of contours = 26.7km In this case the land user received a total amount of R 9042 (1141$) subsidy for the contours.,,,,,,,,0,,,NEUTRAL,NEUTRAL,NEUTRAL,NEUTRAL,Soil moisture and clay contents
957,BF,Organic cotton,,,,1.10,,,,,,,,,,,2,,,,,,,,,,2,,,NEGATIVE,POSITIVE,SLIGHTLYPOSITIVE,VERYPOSITIVE,"Standard equipment (hoe, plough, wheel-barrow) is not included in costs, knapsack is provided by producer’s association (UNPCB) on credit; transport bags are donated. Labour and other inputs for erosion control measures (e.g. stone bunds) are not included in costs. Neem biocide costs US$ 0.7 per liter; organic cotton seeds cost US$ 1.7 per 50 kg."
958,KE,Push-Pull Integrated Pest and Soil Fertility Management,USD,,,1.2,,,,10.0,,209.45,32.0,,,251.45,4,,,7.0,,,32.0,,,39.0,2,,,POSITIVE,POSITIVE,VERYPOSITIVE,VERYPOSITIVE,"Input prices (in US$): 
1 Person-day = 1.2 US$.
1 napier root split / cane = 0.14 US$.; 
1 kg desmodium seeds = 18.9 US$.; 
1 kg superphosphate fertilizer = 0.68US$"
959,BF,Composting associated with planting pits,other,"Franc CFA = 0,01 FF",,0.50,,,,,,,,,,,3,,,,,,,,,,8,,,VERYPOSITIVE,VERYPOSITIVE,VERYPOSITIVE,VERYPOSITIVE,Duration of establishment: 1 week
960,CN,Horsetail Beefwood (Casuarina) Windbreak along Seaside,USD,,,3.50,,,,,,,,,,,0,,,,,,,,,,0,,,SLIGHTLYNEGATIVE,NEUTRAL,SLIGHTLYPOSITIVE,VERYPOSITIVE,
961,CN,Vetiver Hedge Barrier along Seashore and River bank,USD,,8.3,3.61,,,,,,,,,,,0,,,,,,,,,,0,,,NEUTRAL,POSITIVE,VERYPOSITIVE,VERYPOSITIVE,seeds and labor.
963,KG,Cultivation of sainfoin on high mountain pastures – Suusamyr Valley (in the frame of CACILM),other,KGS,45.0,8.00,,,,6.4399999999999995,,4335.73,,,413.73,4755.9,5,,,,,,,,,,0,,,VERYPOSITIVE,POSITIVE,VERYPOSITIVE,POSITIVE,"The price of sainfoin seeds is very high. The slope is increasing the fuel consumption of the tractor, and prices for fuel are raising. Contour tilling (also planting) by big tractor (K-700) is further increasing fuel consumption, because the number of turning-points are increased. Soil depth is not increasing cost in a major way, because soil structure in the area is comparatively good and the tractor is powerful.  
All costs are calculated for 1 hectare of sainfoin.  National currency is KGS. Exchange rate was approximately 45 KGS for 1 US Dollar in 2009 and 2010."
964,ZA,Restoration on degraded duplex soils,other,Rand,6.0,25.00,,,,,,,,,,,0,,,,,,,,,,0,,,,,,,Depending if you need fencing or not.  Fencing is 50% of costs.  Chemical treatment of soil is also very expensive.
965,BD,Traditional Shifting Cultivation,other,Taka,58.0,1.70,,,,,,,,,,,0,,,,,,,,,,0,,,SLIGHTLYNEGATIVE,NEUTRAL,NEGATIVE,NEUTRAL,"Labor for land preparation (slashing & burning), sowing, weeding, watching and harvesting."
966,BE,Non-inversion shallow cultivation,,,,,,,,,,,,,,,0,,,,,,,,,,0,,,SLIGHTLYNEGATIVE,VERYPOSITIVE,VERYPOSITIVE,VERYPOSITIVE,
967,BE,Non-inversion deep cultivation,,,,,,,,,,,,,,,0,,,,,,,,,,0,,,SLIGHTLYNEGATIVE,VERYPOSITIVE,VERYPOSITIVE,VERYPOSITIVE,
968,ZA,Water Harvesting & Basin tillage,,,,,,,,,,,,,,,0,,,,,,,,,,0,,,POSITIVE,POSITIVE,VERYPOSITIVE,POSITIVE,
969,CN,Zero Tillage,USD,,,5.00,,,,,,,,,,,0,,,,,,,,,,0,,,POSITIVE,SLIGHTLYPOSITIVE,VERYPOSITIVE,VERYPOSITIVE,Zero tillage machine and tractor
970,ZA,Strip mine rehabilitation,other,Rand,9.07,12.00,,,,8.27,7.39,,,7.72,,23.38,4,,,4.08,,,,,,4.08,1,,,SLIGHTLYPOSITIVE,SLIGHTLYPOSITIVE,VERYPOSITIVE,VERYPOSITIVE,Labour costs
971,CN,Comprehensive Development & Management of a Small Watershed,USD,,,1.44,,,,,,,,,,,0,,,,,,,,,,0,,,SLIGHTLYNEGATIVE,VERYPOSITIVE,VERYPOSITIVE,VERYPOSITIVE,"Because mechanic machines are not available, more labor forces are needed costing much. In addition, the expense for seeding, fertilizer, flagstone used in building dams take most of the total fees."
972,CN,Subsoiling,USD,,,5.00,,,,,,,,,,,0,,,,,,,,,,0,,,POSITIVE,POSITIVE,VERYPOSITIVE,VERYPOSITIVE,"subsoiling plough, tractor"
973,CN,Small Watershed Comprehensive Development,USD,,,1.70,,,,,,,,,,,0,,,,,,,,,,0,,,POSITIVE,POSITIVE,VERYPOSITIVE,VERYPOSITIVE,Much money is needed to build terraces if hill slope is steeper.
974,ET,Trashlines,other,Ethiopian birr,8.5,,,,,,,,,,,,0,,,,,,,,,,0,,,POSITIVE,POSITIVE,POSITIVE,POSITIVE,soil type
975,ZA,Agronomic & vegetative rehabilitation,other,Rand,6.0,8.00,,,,80.0,233.33,666.67,,,,980.0,3,,,,,,,,,,0,,,NEGATIVE,NEGATIVE,POSITIVE,VERYPOSITIVE,"No subsidies
Very labour intensive"
976,ZA,Conservation Agriculture,other,Rand,10.0,,,,,,,,,,,,0,,,,,,6.0,,,6.0,2,,,VERYPOSITIVE,VERYPOSITIVE,VERYPOSITIVE,VERYPOSITIVE,High weed population
977,TJ,Conversion of grazing land to fruit and fodder plots,USD,,,,,,,600.0,250.0,1540.0,300.0,,,2690.0,6,,,180.0,200.0,170.0,20.0,,,570.0,5,,,NEGATIVE,NEGATIVE,POSITIVE,VERYPOSITIVE,
978,ET,Multiple Cropping,other,Ethiopian birr,8.5,0.60,,,,,,,,,,,0,,,,,,,,,,0,,,POSITIVE,SLIGHTLYPOSITIVE,POSITIVE,POSITIVE,"labour, high temperature, topography, surface stoniness, workability"
979,ET,Ridge & Basin,other,Ethiopian Birr,8.5,0.65,,,,,,,,,,,0,,,,,,,,,,0,,,SLIGHTLYPOSITIVE,POSITIVE,VERYPOSITIVE,VERYPOSITIVE,"Labour, farm implement, soil workability and surface stoniness"
980,ET,Stone faced soil bund of Tigray,other,Birr,8.6,0.88,,,,12.72,1.16,5.01,,,7.78,26.67,5,,,1.27,,,,,,1.27,1,,,POSITIVE,VERYPOSITIVE,POSITIVE,POSITIVE,"steep slope, transport for construction materials (stone), dry soils (land), shallow soils."
981,CN,Orchard Rehabilitation,USD,,,3.00,,,,,,,,,,,0,,,,,,,,,,0,,,SLIGHTLYNEGATIVE,NEUTRAL,VERYPOSITIVE,VERYPOSITIVE,"Terrace sizes such as length, width, height etc."
982,GB,Direct drilling for UK arable cropping systems: Normanton,other,£,0.56,,,,,,,,,,,,0,,,,130.36,,,,,130.36,1,,,POSITIVE,VERYPOSITIVE,VERYPOSITIVE,VERYPOSITIVE,soil moisture
983,GB,Conservation tillage in UK arable cropping systems: Tivington,other,£,0.56,,,,,,,,,,,,0,,,,762.51,,,,,762.51,3,,,SLIGHTLYPOSITIVE,NEUTRAL,POSITIVE,NEUTRAL,"slope (steeper slopes require more horsepower), state of the soil, climate, crop"
984,GB,Minimum tillage in UK arable cropping systems: Tivington,other,£,0.56,,,,,,,,,,,,0,,,,,,,,,,3,,,SLIGHTLYPOSITIVE,NEUTRAL,POSITIVE,NEUTRAL,"slope (steeper slopes require more horsepower), state of the soil, climate, crop"
985,GB,Conservation tillage in UK arable cropping: Loddington,other,UK pounds (£),0.56,155.00,,,,,,,,,,,0,,,348.21,905.36,242.86,,,,1496.43,7,,,NEUTRAL,NEUTRAL,NEUTRAL,NEUTRAL,"Equipment costs, slope (higher horse power required for steeper slopes), time taken for operation"
986,GB,Non-inversion tillage in UK arable cropping; Loddington,other,UK pounds (£),0.56,155.00,,,,,,,,,,,0,,,,1114.29,,,,,1114.29,3,,,SLIGHTLYNEGATIVE,NEUTRAL,SLIGHTLYPOSITIVE,NEUTRAL,"Equipment costs, slope (higher horse power required for steeper slopes), presence of weeds (higher herbicide costs),"
987,GB,Conservation agriculture,,,,,,,,,,,,,,,0,,,,,,,,,,1,,,NEGATIVE,POSITIVE,POSITIVE,VERYPOSITIVE,"No establishment costs for purchase of special conservation tillage equipment are included here – though this
investment is considerable. Tractors of sufficient horsepower and a couple of special machines (see above) are needed. The investment in this case was shared by two neighbouring farms, who implemented conservation agriculture on a joint venture basis. The only costs presented in the table above are total recurrent annual costs for tillage operations. This total, US$ 180, compares with US$ 260 for conventional tillage operations. While drilling is not included in the above conventional tillage calculation, subsequent application of additional herbicides represents an extra cost of conservation tillage of about US$ 80/ha. In balance the costs per hectare are broadly similar. Labour inputs however are reduced considerably as a proportion: the Allerton farm with its 260 ha of arable land is operated by a farm manager and just one farm worker."
988,UG,Tree farming,,,,,,,,,,,,,,,3,,,,,,,,,,2,,,POSITIVE,VERYPOSITIVE,VERYPOSITIVE,VERYPOSITIVE,"labour especially for land preparation, hole digging and planting trees"
989,UG,Mulching of perrenial crops,,,,,,,,,,,,,,,6,,,,,,,,,,3,,,SLIGHTLYNEGATIVE,SLIGHTLYNEGATIVE,POSITIVE,POSITIVE,labour and tool  are expensive
990,UG,Improved trash lines,other,Uganda Shillings,1000.0,1.00,,,,0.03,0.01,,,,,0.04,2,,,,,,,,,,0,,,,POSITIVE,,VERYPOSITIVE,"Labour, need to collect and heap the trashlines material in lines above the slope"
991,ET,Stone faced trench bund,other,Birr,8.0,0.88,,,,14.75,2.75,0.78,4.22,,2.19,24.69,6,,,1.31,,,,,,1.31,1,,,POSITIVE,POSITIVE,VERYPOSITIVE,POSITIVE,"labour, slope"
992,TZ,Local compost making,USD,,,1.90,,,,637.45,8.9,,,,,646.35,2,,,248.9,,,,,,248.9,1,,,VERYPOSITIVE,VERYPOSITIVE,VERYPOSITIVE,VERYPOSITIVE,"Labour for pits, labour for ferrying compost"
993,ET,Homestead Development,other,Birr,8.0,0.70,,,,27.5,5.62,1.12,8.5,1.0699999999999998,8.0,51.81,8,,,3.88,,,,,,3.88,1,,,SLIGHTLYPOSITIVE,POSITIVE,POSITIVE,VERYPOSITIVE,"Market flactuation for industrial product, labour cost, uneven distribution of rainfall"
994,TZ,increasing groundnuts pod number in a soil heap,USD,,800.0,1.90,area,ha,,214.7,3.75,18.75,,,,237.2,3,,,215.0,,18.75,,,,233.75,2,,,VERYPOSITIVE,VERYPOSITIVE,VERYPOSITIVE,VERYPOSITIVE,labour during tillage
995,TR,Strip farming,other,Turkish Liras,13.0,17.00,,,,,5.92,64.92,,,,70.84,5,,,,,,,,,,0,,,POSITIVE,POSITIVE,VERYPOSITIVE,POSITIVE,Seeds and fertilizers are the most expensive inputs.
996,TG,Billons cloisonnés,,,,5.56,area,0.5ha,,,,,,,,,2,,,,,,,,,,1,,,POSITIVE,POSITIVE,POSITIVE,POSITIVE,
997,TG,Culture en couloir,USD,,,5.55,area,1ha,,116.67,38.88,1.11,,,,156.66,3,,,12.0,27.78,,,,,39.78,2,,,SLIGHTLYPOSITIVE,VERYPOSITIVE,POSITIVE,VERYPOSITIVE,
998,TG,Trouaison,USD,,,5.56,area,1 ha,,84.0,62.0,121.0,162.0,,,429.0,4,,,217.0,278.0,,,,11217.0,11712.0,4,,,,,,,
999,TH,Vegetative erosion control and cons. Crop. System,other,Baht,37.0,2.70,,,,1.46,0.15,0.16,,,,1.77,3,,,1.75,,,,,,1.75,1,,,POSITIVE,POSITIVE,VERYPOSITIVE,VERYPOSITIVE,"The cost depends very much on the degree of slope, which determines the number of hedgerows per specific area."
