technology_id,country,name,groundwater,surfacewater,waterquality,waterquality_referring,watersupply,water_use_rights,water_comments
1000,TJ,Perennial Herbaceous Fodder Plants for Intact Canopy Cover,,,,,RAINFED,,
1001,TJ,Orchard-based Agroforestry (establishment of orchard),,,,,IRRIGATION,,
1002,TJ,Orchard-based Agroforestry (intercropping),,,,,RAINFED,,
1003,TJ,Buffer Strip on Steep Sloping Cropland,,,,,,,
1004,SY,Adding Soil,,,,,RAINFED,,
1005,SY,Furrow-enhanced runoff harvesting for olives,,,,,RAINFED,,
1006,CH,Maize strip tillage,5_50M,,GOOD,,RAINFED,COMMUNAL,"Availability of surface water: good, medium ( precipitation maximum in summer )"
1007,CH,Direct seeding,5_50M,,GOOD,,RAINFED,COMMUNAL,"Availability of surface water: good, medium"
1008,CH,Maize strip tillage,5_50M,,GOOD,,,COMMUNAL,"Availability of surface water: good, medium ( depending on the area ) 
Water quality (untreated): Good drinking water ( generally good quality of water )"
1009,CH,Maize strip tillage,,,,,,,
1010,CH,Maize strip tillage,5_50M,GOOD,GOOD,,,COMMUNAL,"Ground water table: 5-50 m (depending on the area) 
Water quality (untreted): Good drinking water (depending on the region)"
1011,CH,Contour small bench terraces with permanent green cover in vineyards,,,,,MIXED,,
1012,CL,No tillage preceded by subsoiling,5_50M,POOR,GOOD,,RAINFED,INDIVIDUAL,
1013,TN,Jessour,5_50M,MEDIUM,POOR,,RAINFED,INDIVIDUAL,Water quality untreated: Poor drinking water (treatement required) (ground water better than surface water (cisterns)) 
1014,TR,Drip irrigation,50M_PLUS,POOR,POOR,,IRRIGATION,INDIVIDUAL,
1015,TR,Fodder Crop Production,5_50M,MEDIUM,GOOD,,,LEASED,"Ground water table 5-50m (high in winter and spring; low in summer; medium in autumn) 
Availability of surface water is medium (high in winter and spring; low in summer and autumn)
Water quality (untreated) is good drinking water ( Both ground and surface water)"
1016,TJ,Drainage Ditches in Steep Sloping Cropland,,,,,,,
1017,TJ,Orchard-based agroforestry,LESS_5M,POOR,GOOD,,RAINFED,,
1018,CH,Green cover in vineyards,,,,,MIXED,,
1019,ES,Ecological production of almonds and olives using green manure,5_50M,POOR,AGRICULTURALUSE,,RAINFED,INDIVIDUAL,"Ground water table: >50m  (there is a lowering of groundwater table due to overexploitation for irrigation purposes) 
Availability of surface water:S Poor/none. Sporadically there are flash floods during extreme rainfall events 
Water quality (untreated): For agricultural use only (irrigation) (groundwater from aquifers)"
1020,PH,"In ""situ"" Decomposition of Banana Stalk",,,,,IRRIGATION,,
1021,PH,Conservation Tillage Practices for Corn Production,,,,,RAINFED,,
1022,NI,Vermiculture,,,,,RAINFED,,
1023,CO,Intensive agroforestry system,,,,,RAINFED,,
1024,SN,Jachère associée à la rotation des cultures et au paillage,5_50M,MEDIUM,POOR,,RAINFED,OPEN_ACCESS,"Qualité de l’eau (non traitée): Faiblement potable (traitement nécessaire, la qualité diminue en cas de forte pluie)"
1025,SN,Régénération Naturelle Assistée et reboisement du rônier,5_50M,MEDIUM,GOOD,,RAINFED,COMMUNAL|OTHER,"Profondeur estimée de l’eau dans le sol: 5-50 m (11-15 m)
Disponibilité de l’eau de surface: Aussi faible/absente"
1026,SN,Parc à kadd (Faidherbia albida) avec rotation culturale,5_50M,,GOOD,,RAINFED,,"Profondeur estimée de l’eau dans le sol: 5-50m (25m) 
Disponibilité de l’eau de surface: Bonne (hivernage (mares contiennent de l'eau pendant trois mois)), moyenne et faible/absente (tous classé 1) 
Qualité de l’eau (non traitée): Eau potable (puits)"
1027,SN,Parc à Cordyla pinnata avec parcage naturel et paillage,5_50M,,GOOD,,RAINFED,,"Profondeur estimée de l’eau dans le sol: 5-50 m (35m) 
Disponibilité de l’eau de surface: Bonne (mares en eau pendant six mois) et moyenne (petite faune aviaire (pintade), lapin, chacal, les deux classé 1)"
1028,TJ,Growing of fodder crops on steep slopes in arid highlands,50M_PLUS,,GOOD,,IRRIGATION,OPEN_ACCESS,"Ground water table: It is a steep mountain slope 

Water quality (untreated): Water comes from a spring, it is good drinking water"
1029,TJ,Bottle irrigation of a newly planted orchard,50M_PLUS,MEDIUM,GOOD,,RAINFED,LEASED,
1030,SN,Agriculture Durable avec Peu d'Intrants Extérieures (ADPIE),50M_PLUS,MEDIUM,GOOD,,MIXED,LEASED,
1031,MA,Crop rotation: cereals / fodder legumes (lupin),,,GOOD,,,OPEN_ACCESS,
1032,TJ,Solar greenhouses,5_50M,MEDIUM,POOR,,MIXED,,
1033,TJ,Terracing on the hill slope areas,,MEDIUM,POOR,,RAINFED,,Water quality (untreated): Mostly hand water pumps
1034,TJ,Irrigated agro-biodiversity system in arid high mountain area,5_50M,MEDIUM,GOOD,,IRRIGATION,INDIVIDUAL,
1035,GR,Olive groves under no-tillage operations,50M_PLUS,GOOD,GOOD,,MIXED,COMMUNAL,
1036,TJ,Establishment of living seabuckthorn fences for the protection of reforestation sites (CACILM),LESS_5M,MEDIUM,GOOD,,,COMMUNAL,
1037,TJ,Drip irrigation using polyethylene sheeting and intermittent cloth strips.,LESS_5M,MEDIUM,GOOD,,IRRIGATION,INDIVIDUAL,
1038,TJ,"Vertical growing of potatoes in pits, by the gradual addition of further layers of soil.",LESS_5M,MEDIUM,GOOD,,IRRIGATION,OPEN_ACCESS,
1039,MA,Labour minimum couplé à la mise en défens partielle des chaumes,,,,,RAINFED,INDIVIDUAL,
1040,TJ,Bee-keeping in uplands,,,,,MIXED,,
1041,TJ,Passive solar greenhouses for winter commercial vegetable production,LESS_5M,GOOD,POOR,,IRRIGATION,,Water availability is good because area is close to river.
1042,GR,Transport of freshwater from local streams,,GOOD,AGRICULTURALUSE,,,OPEN_ACCESS|COMMUNAL,"Ground water table: on surface (near the coastline or/and adjucent to Nestos river), < 5 m (the rest of Nestos river basin)
Water quality (untreated) is for agricultural use only (irrigation) (Occassionaly wastewater discharges from upstrem factories)"
1043,TJ,Gradual development of bench terraces from contour ditches,5_50M,MEDIUM,AGRICULTURALUSE,,,,
1044,CR,Shade-grown coffee,,,,,RAINFED,,
1045,ET,Hararghie Soil Bund,,,,,RAINFED,,
1046,ET,Ridge bund,,,,,RAINFED,,
1047,ET,Stone faced level bund,,,,,RAINFED,,
1048,ET,Area closure for rehabilitation,,,,,RAINFED,,
1049,ET,Improved grazing land management,,,,,RAINFED,,
1050,TJ,Energy efficiency measures to increase the application of organic fertilisers.,50M_PLUS,MEDIUM,UNUSABLE,,,,
1051,TJ,Water wheel pump system,50M_PLUS,POOR,GOOD,,IRRIGATION,OPEN_ACCESS|OTHER,Ground water table: The higher up the slope the deeper the water table.
1052,TJ,Rehabilitation of poor soils through agroforestry,LESS_5M,POOR,AGRICULTURALUSE,,IRRIGATION,,"Ground water table: Too high, danger of waterlogging "
1053,TJ,Rehabilitation of grazing areas through planting of Izen perennial shrubs,50M_PLUS,POOR,UNUSABLE,,RAINFED,,
1054,TJ,Pest management with pheromone insect traps,,POOR,POOR,,MIXED,,poor drinking water (treatment required)= groundwater
1055,TJ,Conversion of stony slopes into an irrigated apricot orchard,50M_PLUS,,GOOD,,IRRIGATION,,
1056,TJ,Agroforestry in arid alpine zone above 3300 m asl,,,GOOD,,IRRIGATION,OPEN_ACCESS,
1057,TJ,Integrated Technologies for Household Plots,5_50M,GOOD,GOOD,,MIXED,,"Availability of surface water was medium before the intervention.

Water quality (untreated) is good because the spring water is almost pure water."
1058,ET,Dawa-Cheffa Traditional Checkdam,,,,,RAINFED,,
1059,ET,Dejen Stone Bund,,,,,RAINFED,,
1060,ET,Graded Soil bund,,,,,RAINFED,,
1061,ET,level bund with double stone walls,,,,,RAINFED,,
1062,ET,Stone Faced Soil Bund of South Gonder,,,,,RAINFED,,
1063,ET,Stablized Stone Faced Soil Bund,,,,,RAINFED,,
1064,TJ,Phytopesticides,LESS_5M,,GOOD,,MIXED,OPEN_ACCESS,"Availability of surface water: good, medium"
1065,ET,DireDawaTraditional Checkdam,,,,,RAINFED,,
1066,ET,Chat Ridge bund,,,,,RAINFED,,
1067,ET,Sorghum Terrace of Diredawa (STD),,,,,RAINFED,,
1068,ET,Sweet Potato Ridge,,,,,RAINFED,,
1069,ET,Earth checks for Gully reclamation,,,,,RAINFED,,
1070,ET,Rehabilitation of degraded lands,,,,,RAINFED,,
1071,ET,Desho Grass Soil Bund,,,,,RAINFED,,
1072,ET,Rehabilitation of Degraded Lands ( Area closure),,,,,RAINFED,,
1073,ET,Soil Bund with Contour Cultivation,,,,,RAINFED,,
1074,ET,Vegetated Fanya juu,,,,,RAINFED,,
1075,ET,Microcatchments and ponds,,,,,RAINFED,,
1076,ET,Haraghie Stone Bund,,,,,RAINFED,,
1077,ET,Stone-faced Soil Bund Stablized with Grass,,,,,RAINFED,,
1078,ET,Soil bund & Fanya Juu combined & vegetated,,,,,RAINFED,,
1079,ET,Paved and grassed waterways,,,,,RAINFED,,
1080,HU,Conservation tillage,,,,,RAINFED,,
1081,HU,Conventional (contour-line and ploughing)  tillage,,,,,RAINFED,,
1082,ID,Paddy Field Terrace,,,,,,,
1083,IN,Agro-forestry,,,,,MIXED,,
1084,IN,Holistic demonstration,,,,,RAINFED,,
1085,IN,Integrated Farming System,,,,,,,
1086,IN,Dug-out sunken pond cum countour bund,,,,,RAINFED,,
1087,GR,"No tillage operations, plastic nets permanently on the soil surface",50M_PLUS,GOOD,,,,COMMUNAL|INDIVIDUAL,"Water quality (untreated): good drinking water, for agricultural use only (irrigation)"
1088,IN,Dug-Out Well,,,,,OTHER,,
1089,KZ,Technology of fastening Aral sea's drained bottom' s  soil,,,,,RAINFED,,
1090,KZ,Creation of haloxylon pasture-protective strips at north desert,,,,,RAINFED,,
1091,KZ,Water-conservation technology at cultivation of the cotton in south. K,,,,,RAINFED,,
1092,KZ,Soil-protective minimal technology of the tillage and sowing,,,,,RAINFED,,
1093,KZ,Creation of artificial pasturable phytocenosis at north desert subzone,,,,,RAINFED,,
1094,KE,Road runoff management - Nyeri,,,,,RAINFED,,
1095,KE,double dug beds - Busia experience,,,,,RAINFED,,
1096,KE,Riverbed reclamation & silt trapping for sugarcane,,,,,RAINFED,,
1097,KE,Water harvest,,,,,RAINFED,,
1098,KG,Poplar trees for bio-drainage,,,,,,,
1099,NP,Traditional irrigated rice terraces,,,,,RAINFED,,
1100,NE,Planting pits and stone lines,,,,,RAINFED,,
1101,NE,Sand dune stabilisation,,,,,RAINFED,,
1102,PH,Small Farm Reservoir (SFR),,,,,,,
1103,PH,Multi-Storey Cropping,,,,,RAINFED,,
1104,PH,Residue Incorporation (Corn),,,,,RAINFED,,
1105,PH,Planted Vegetative Strips (PVS),,,,,,,
1106,CN,Orchard terraces with bahia grass cover,,,,,MIXED,,
1107,TJ,Integrated stone wall and poplar tree perimeter fencing,5_50M,GOOD,GOOD,,MIXED,OTHER,"Availability of surface water: Also medium

Water quality (untreated): The spring water is almost pure water"
1108,NE,Sarclo-binage cloisonné,,,,,RAINFED,,
1109,ES,Organic mulch under almond trees,5_50M,POOR,AGRICULTURALUSE,,OTHER,COMMUNAL|INDIVIDUAL,
1110,MA,Gully control by plantation of Atriplex,5_50M,,GOOD,,MIXED,OPEN_ACCESS,
1111,TJ,Mulching in rainfed vineyards on terraces in the loess hill zone,5_50M,MEDIUM,GOOD,,RAINFED,OTHER,
1112,MA,Olive tree plantations with intercropping,5_50M,MEDIUM,GOOD,,RAINFED,OPEN_ACCESS,"Ground water table: Lower groundwater level in summer, due to its exploitation. In Winter > 50 m

Availability of surface water: Medium when groundwater table in the depressions. Also poor/none

Water quality (untreated): Good drinking water when well water and sources, otherwise the quality is poor."
1113,TJ,The ancient agroforestry and agricultural biodiversity of crops on the basis of irrigated walnut orchard,5_50M,MEDIUM,GOOD,,IRRIGATION,OPEN_ACCESS,
1114,MX,Land reclamation by agave forestry with native species,5_50M,MEDIUM,AGRICULTURALUSE,,RAINFED,COMMUNAL|INDIVIDUAL|OTHER,"Ground water table: Also  > 50 m and for Agaves, trees and herbaceous no problems

Availability of surface water: Also poor/ none and for Agaves and herbaceous no problems, but some difficulties for some tree species

Water quality (untreated): Also unusable"
1115,KZ,Creation of a perennial grass seed area (CACILM),50M_PLUS,GOOD,,,RAINFED,,
1116,UZ,Improvement of land under arid conditions through the creation of pistachio plantations (CACILM),50M_PLUS,POOR,,,RAINFED,,
1117,UZ,Use of mineralized artesian water to organize irrigated crop farming in the Kyzylkum (CACILM),5_50M,MEDIUM,AGRICULTURALUSE,,RAINFED,,"Availability of surface water: During irrigation, groundwater table rises by up to 2 m 

Water quality (untreated): Underground water has a neutral pH, acid reaction = 7.4 and the average salinity - Ec = 5,6-8,3 ds / m"
1118,KG,The ridge sowing technology (CACILM),LESS_5M,GOOD,GOOD,,MIXED,COMMUNAL,
1119,SN,Agroforestry with Acacia senegal,,POOR,POOR,,RAINFED,COMMUNAL,"Water quality (untreated): Poor drinking water (treatement required, ranked 1, groundwater from borehole during dry season) and for agricultural use only (irrigation, ranked 2, water from temporary ponds during the rainy season)"
1120,KG,Growing cereals by using minimum tillage (CACILM),LESS_5M,GOOD,GOOD,,IRRIGATION,,
1121,KZ,Off-season irrigation of fields and pastures as a mechanism for pasture improvement under climate change conditions in Southern Kazakhstan (CACILM),5_50M,POOR,AGRICULTURALUSE,,MIXED,COMMUNAL|LEASED,"Availability of surface water: In the summer, the water practically does not reach the Talas River (the water is withdrawn for irrigation further upstream

Water quality (untreated): Ground water is good drinking water and lower stretch of the Talas River is for agricultural use only."
1122,TZ,In-situ compost cultivation or ‘pattern farming’,,,,,,,
1123,CL,Crop rotation with legumes,5_50M,POOR,GOOD,,,INDIVIDUAL,
1124,FR,Construction en pierres sèches,,,,,RAINFED,,
1125,KG,Production and application of biohumus,,GOOD,GOOD,,,OPEN_ACCESS,
1126,ZA,Sub-surface drainage on irrigated lands,,,,,,,
1127,TJ,"Выращивание зерновых и кормовых культур под защитой лесополос из облепихи, в условиях аридного и холодного высокогорья",5_50M,GOOD,GOOD,,,OPEN_ACCESS,
1128,TJ,Mixed fruit tree orchard with intercropping of Esparcet and annual crops in Muminabad District,50M_PLUS,POOR,UNUSABLE,,MIXED,,
1130,TJ,Овощи в геотермальных теплицах  в условиях  холодного и аридного высокогорного климата,5_50M,GOOD,GOOD,,,OPEN_ACCESS,
1131,TJ,Посекторный (валиковый) метод полива  зерновых культур в высокогорной каменисто-песчаной пустыне.,5_50M,GOOD,GOOD,,IRRIGATION,OPEN_ACCESS,
1132,TJ,Совместные посевы зерновых и бобовых  культур-  традиционная технология малоземельного Памира,5_50M,GOOD,GOOD,,,OPEN_ACCESS,
1133,PH,Natural Vegetative Strips (NVS),,,,,RAINFED,,
1134,TJ,Current agroforestry: orchard with wheat intercropping,,POOR,AGRICULTURALUSE,,RAINFED,COMMUNAL|INDIVIDUAL,"Availability of surface water: Poor/none (ranked 1, no rainfall from July to August) and medium (ranked 2, winter and spring season with frequent rainfalls (700mm)) "
1135,KE,Planting Bamboes and Grevillea for Riparian Land Conservation,50M_PLUS,MEDIUM,GOOD,,,OPEN_ACCESS,
1136,CH,Vineyard with natural grass cover in an arid alpine zone,5_50M,POOR,GOOD,,RAINFED,COMMUNAL,
1137,KG,Monitoring the condition of pastures  (CACILM),5_50M,MEDIUM,GOOD,,RAINFED,LEASED,"Ground water table: Ground waters are deep, but sometimes pinch out as springs

Availability of surface water: Snow-fed and glacier-fed rivers

Water quality (untreated): Drinking water is mainly used from the river."
1138,TJ,"Orchard establishment on a former wheat plot, by planting fruit tree seedlings in combination with sowing Alfalfa",5_50M,POOR,POOR,,RAINFED,COMMUNAL,"Availability of surface water medium: Winter and spring season with frequent rainfalls (700mm) 

Availability of surface water poor/none: no rainfall from July to August"
1139,ZM,Conservation Tillage with Magoye Ripper,50M_PLUS,MEDIUM,GOOD,,RAINFED,OPEN_ACCESS|OTHER,"Ground water table: <50m (ranked 1, hand wells are <20m but reliable boreholes are > 50m) and 5-50m (ranked 2)
Availability of surface water: Medium (mostly seasonal streams and dams) 
Water quality (untreated): Good drinking water (ranked 1,  from hand pumps (both communal and private)) and poor drinking water (treatment required, from hand dug wells, ranked 1 also)"
1140,ZM,Animal Draft Zero-Tillage,50M_PLUS,MEDIUM,POOR,,RAINFED,OPEN_ACCESS|OTHER,
1141,BF,Ados,5_50M,MEDIUM,AGRICULTURALUSE,,RAINFED,INDIVIDUAL,"Profondeur estimée de l’eau dans le sol: 5-50m (car 10 m en hivernage et entre 15 et 20 m)
Disponibilité de l’eau de surface: Aussi faible/absente
Qualité de l’eau (non traitée): Uniquement pour usage agricole (irrigation pour les cultures)"
1142,BF,Bouli,ONSURFACE,EXCESS,AGRICULTURALUSE,,MIXED,INDIVIDUAL,"Disponibilité de l’eau de surface: Excès (car il est nécessaire d’avoir l’eau à la surface pour alimenter le bouli)
 Qualité de l’eau (non traitée): Uniquement pour usage agricole (irrigation, pour l’agriculture et l’élevage)"
1143,OM,Mulching and drip irrigation for banana,5_50M,POOR,AGRICULTURALUSE,,IRRIGATION,INDIVIDUAL,
1144,BF,Bassin de captage des eaux de ruissellement,ONSURFACE,EXCESS,AGRICULTURALUSE,,RAINFED,,"Disponibilité de l’eau de surface: Excès (car il est nécessaire d’avoir l’eau à la surface pour alimenter le Banka)
 Qualité de l’eau (non traitée): Uniquement pour usage agricole (irrigation, pour l’agriculture et l’élevage)"
1145,NP,Use of Panchhagavya for Plant Protection,5_50M,GOOD,POOR,,RAINFED,,
1146,KE,"Agroforestry system (intercropping beans/maize) with contour ditches, strips of Napier grass, manure and organic fertilizers.",50M_PLUS,MEDIUM,GOOD,,RAINFED,OPEN_ACCESS,
1147,BI,Système agroforestier de Gitega,5_50M,POOR,GOOD,,RAINFED,OPEN_ACCESS,"Profondeur estimée de l’eau dans le sol: On est sur le versant d'une colline 

Disponibilité de l’eau de surface: Sur le flanc de la colline 

Qualité de l’eau (non traitée): Pendant la saison plusvieuse, pollution par sédimentation"
1148,BI,Courbes de niveau,5_50M,MEDIUM,AGRICULTURALUSE,,MIXED,COMMUNAL,"Profondeur estimée de l’eau dans le sol:  Est < 5 m dans le marais et 5-50 m sur le bassin versant

Disponibilité de l’eau de surface: Est moyenne pendant la période de crue et faible/ absente en période d'étiage."
1150,TJ,Crop rotation including annual crops and Esparcet cultivation,LESS_5M,MEDIUM,AGRICULTURALUSE,,RAINFED,COMMUNAL,"Availability of surface water (medium): Autumn - spring 

Availability of surface water (poor/none): July - September"
1151,UG,Grass strips,50M_PLUS,POOR,POOR,,RAINFED,OPEN_ACCESS,"Water quality (untreated): Poor drinking water (treatement required, water in valley only for livestock)"
1152,TZ,Natural forest conservation using apiaries,50M_PLUS,GOOD,GOOD,,,,"Ground water table: On hill slopes 

Water quality (untreated): The site for good drinking water is located some 400m proximal to the natural spring water source used for domestic supply and the Ruvuvu river is not far approximatle 2.kms. Poor drinking water at valley bottoms and wetlands nearby (4kms) and water for agricultural use only in wetlands, is used seasonally for dry season agriculture"
1153,UG,Ficus Natalensis Agroforestry System,5_50M,POOR,POOR,,RAINFED,OPEN_ACCESS,"Ground water table:  5-50 m (The technology does best in soils with ground table of 5-50m to enable root developement)
Availability of surface water: Poor/none (ranked 1, there is no surface water in dry season) and medium (ranked 2, some, in the wet season)
Water quality (untreated): Poor drinking water (treatement required, from unprotected source in swamps)"
1154,TZ,FISH POND MANURING USING CRIB METHOD,ONSURFACE,GOOD,AGRICULTURALUSE,,,OPEN_ACCESS,"Availability of surface water: Good (ranked 1) and excess (ranked 2, the site of the pond is located such that at maximum flooding it shoul d not be reached by flood water to prevent fish escape/overflow)
Water quality (untreated): For agricultural use only: Wetlands used for dry season farming and small horticultural gardens. Farmers fetch water in the streams due to unavailability of safe water points"
1155,TZ,Hedge rows tree planting,50M_PLUS,GOOD,GOOD,,,,"Ground water table: 5-50 m when there os natural plantation.
Availability of surface water: Good during rain season and medium during dry season
Water quality: Good drinking water frequenttly throughout the year and poor during dry season"
1156,TZ,Taungya systems for forest management,50M_PLUS,MEDIUM,AGRICULTURALUSE,,RAINFED,INDIVIDUAL,"Ground water table: The plot is on top of the plateau/ridge
Availability of surface water: Is good when further away, because the permanent rivers Kagera and Ruvuvu are 2km below the plateau.
Water quality (untreated): Good because a gravity scheme supplies water to nearby areas 2kms, but for agriculture only because seasonal agriculture in the dry season in wetlands along the rivers."
1157,TZ,Indigenous water collecting pond and livestock watering trough,ONSURFACE,GOOD,GOOD,,RAINFED,COMMUNAL|INDIVIDUAL,
1158,TJ,Current feed grain cultivation,,POOR,AGRICULTURALUSE,,RAINFED,COMMUNAL,
1159,KE,Agroforestry land use in bench terraces with cut-off and infiltration ditches and Napier grass strips.,50M_PLUS,MEDIUM,GOOD,,RAINFED,OPEN_ACCESS,
1160,RW,Banana manure pits and mulching,5_50M,POOR,POOR,,RAINFED,OPEN_ACCESS,
1161,UG,Mulching,5_50M,POOR,GOOD,,RAINFED,COMMUNAL,"Ground water table: 5-50m (This village is on flat land)
Availability of surface water: Poor/none (ranked 1, especially in dry season) and medium (ranked 2, during rainy season (heavy rains))
Water quality (untreated): Good drinking water (they have two boreholes in the whole village)"
1162,ES,Cover crops in organic vineyard,,MEDIUM,POOR,,RAINFED,INDIVIDUAL,"Ground water table: No data avalilable 
Availability of surface of water: During the maximum water requirements of vines (June-July) water is not available usually. "
1163,HN,Siembra en contorno,,,,,RAINFED,,
1164,HN,Aporque alto y continuo,,,,,RAINFED,,
1165,NI,Cultivo en callejones de Madero Negro,,,,,MIXED,,
1166,SN,Agroforestry homegarden,,POOR,POOR,,,COMMUNAL,"Water quality (untreated): Poor drinking water (treatment required, ranked 1, groundwater during dry season) and for agricultural use only (irrigation, ranked 2, surface water from temporary ponds during rainy season)
"
1167,SN,Agroforestry parkland,,POOR,POOR,,RAINFED,COMMUNAL,
1168,SN,Arboriculture in interdunal depression,5_50M,POOR,GOOD,,MIXED,COMMUNAL,
1169,UG,Fallowing,50M_PLUS,,GOOD,,RAINFED,COMMUNAL,Water quality (untreated): Good drinking water (Spring water which is good for drinking)
1170,UG,Intercropping,LESS_5M,GOOD,GOOD,,RAINFED,COMMUNAL|INDIVIDUAL,"Ground water table: <5m (The area is flat naturally) 
Availability of surface water: Good (especially in rain season)
Water quality (untreated): Good drinking water (They have two bore holes in the whole village)"
1171,BD,Usage of Gher boundary for cropping,LESS_5M,POOR,AGRICULTURALUSE,,RAINFED,LEASED|INDIVIDUAL,
1172,TJ,Current agroforesty of an apple orchard with wheat cropping,,POOR,AGRICULTURALUSE,,RAINFED,COMMUNAL,
1173,ES,Cover crops on olive orchards,ONSURFACE,POOR,AGRICULTURALUSE,,MIXED,OTHER,
1174,YE,Flat Contour Terraces,,,GOOD,,RAINFED,COMMUNAL|OTHER,
1175,KZ,Fallow restoration by no-tillage seeding,5_50M,POOR,POOR,,RAINFED,,
1176,BF,Cordons pierreux isohypses/diguettes/demi lunes /labour/ terres /,5_50M,POOR,POOR,,RAINFED,OPEN_ACCESS|COMMUNAL,"Profondeur estimée de l’eau dans le sol: 5-50 m (classé 1, puits ont une profondeur moyenne de 12 m. L’eau remonte jusqu’à 5-6 m. de profondeur pendant la saison des pluies (août – septembre)) et <5m (classé 2, uniquement dans les bans fonds, en proximité des barrages, au mois de août - septembre) 
Disponibilité de l’eau de surface: Faible/absente (classé 1,eau de surface pendant la saison des pluies, eau de nappe pendant la saison sèche) et moyenne (classé 2) 
Qualité de l’eau (non traitée): Faiblement potable (traitement nécessaire, source : eaux de puits)"
1177,TZ,Buhaya agroforestry system,5_50M,GOOD,POOR,,RAINFED,OPEN_ACCESS,"Availability of surface water: Permanent water stream in plenty

Water quality (untreated): Tap water not found in the whole village"
1178,UG,Calliandra contour hedges,50M_PLUS,POOR,,,RAINFED,,
1179,NP,Biological Waste Water Treatment Plant,,GOOD,UNUSABLE,,,OPEN_ACCESS,"Availability of surface water is good during monsoon

Water quality (untreated) is unusable since it is biological and medical waste"
1180,NP,Mulberry cultivation for silkworm,ONSURFACE,EXCESS,GOOD,,MIXED,,"Ground water table: Infiltration is very low water only flow on surface.
Availability of surface water: During rainy season excess water flow.
Water quality (untreated): Most of the time water is unusable. Some portion of water is used in agriculture."
1181,BI,Terrasses radicales avec des herbes fourragères et agroforesterie,5_50M,MEDIUM,POOR,,RAINFED,OPEN_ACCESS,"Profondeur estimée de l’eau dans le sol: La profondeur moyenne est de 25 m

Disponibilité de l’eau de surface: Toutes les saisons 

Qualité de l’eau (non traitée): Cours d'eau plus borne fontaine"
1182,BF,Zaï forestier,5_50M,POOR,AGRICULTURALUSE,,MIXED,INDIVIDUAL,
1183,TZ,Improved Kibanja cropping system,50M_PLUS,MEDIUM,POOR,,RAINFED,,
1184,TZ,Enhanced mulching in banana and coffee plantation,5_50M,MEDIUM,GOOD,,RAINFED,OPEN_ACCESS|COMMUNAL,
1185,BF,Tapis herbacé,LESS_5M,POOR,AGRICULTURALUSE,,RAINFED,,"Disponibilité de l’eau de surface: Faible/ absente (toute l’eau s’écoule et rien n’y reste)
 Qualité de l’eau (non traitée): Uniquement pour usage agricole (irrigation, pour l’agriculture et production fourragère pour l’élevage)"
1186,PT,Post-fire Forest Residue Mulch,5_50M,GOOD,GOOD,,,OPEN_ACCESS,
1187,ZM,Strip Tillage Conservation Farming,50M_PLUS,MEDIUM,POOR,,RAINFED,OPEN_ACCESS|OTHER,"Ground water table: Hand wells are <20m but reliable boreholes are > 50m 

Availability of surface water: Mostly seasonal streams and dams 

Water quality (untreated):Good when from communal hand-pumps  and poor when from hand-dug wells."
1188,UG,Zero grazing,50M_PLUS,POOR,POOR,,RAINFED,OPEN_ACCESS|INDIVIDUAL,"Ground water table: >50m (Not possible to reach water table) 
Availability of surface water: Poor/none (No surface water except when it rains) 
Water quality (untreated): Poor drinking water (treatement required, muddy water collected by damming runoff in natural rock depressions)"
1189,UZ,Irrigation using shortened furrows and regulated use of mineral fertilizers,LESS_5M,MEDIUM,AGRICULTURALUSE,,,INDIVIDUAL,
1190,BI,Protection de la zone tampon par une plantation communautaire,LESS_5M,MEDIUM,POOR,,RAINFED,OPEN_ACCESS,"Profondeur estimée de l’eau dans le sol: En surface dans la zone de retrait du lac, forme plane inondable et majeure partie de la zone tampon au < 5 m.

Disponibilité de l’eau de surface:  En cas de fortes pluies (Mars - Avril) 

Qualité de l’eau (non traitée): Eaux douces faiblement polluées"
1191,TZ,In situ mulching of coffee using Cordia Abbysinica,50M_PLUS,GOOD,GOOD,,RAINFED,COMMUNAL,
1192,ET,Teff row planting,50M_PLUS,GOOD,AGRICULTURALUSE,,MIXED,OPEN_ACCESS,
1193,CH,Terasses used for hay production and grazing,,POOR,GOOD,,MIXED,,
1194,NP,Oyster Mushroom,,MEDIUM,AGRICULTURALUSE,,,,Availability of surface water: May face scarcity of drinking water in dry seasons.
1195,MA,Plantation d’arbres fruitiers avec mesures de contrôle de l’érosion,5_50M,POOR,POOR,,MIXED,,
1196,MA,Plantation Sylvo pastorales,5_50M,EXCESS,GOOD,,RAINFED,OPEN_ACCESS,
1197,ET,Soil faced deep trench bunds,5_50M,POOR,AGRICULTURALUSE,,RAINFED,,
1198,AF,Alfalfa intercropping in terraced fruit orchard,5_50M,GOOD,AGRICULTURALUSE,,IRRIGATION,COMMUNAL,"Availability of surface water: Access to irrigation water canal 

Water quality (untreated): From the canal."
1199,TZ,"Grass mulch combined with cow dung, Triple Supper Phosphate and Calcium Ammonium Nitrate in maize production.",5_50M,MEDIUM,POOR,,RAINFED,OPEN_ACCESS,"Availability of surface water: Medium (The entire catchment borders Lake Ikimba)
Water quality (untreated): Poor drinking water (no tape water and rain water reserve facilities)"
1200,TZ,"Contour bund combined with lemon grass, pineaples. grass mulch and manure in banana beans intercrop production.",5_50M,MEDIUM,POOR,,RAINFED,OPEN_ACCESS,"Ground water table: 5-50m (three shallow wells fond in the area)
Availability of surface water: Medium (Entire north border of the catchment laid on Lake Ikimba)"
1201,TZ,Integrated agronomic measure for sustainable cassava production in convex sloppy landform,50M_PLUS,MEDIUM,,,,,
1202,NP,Improved Stove for household cooking use,,,,,,COMMUNAL,
1204,TZ,Soil productivity improvement and BXW control in epidemically affected banana zone,5_50M,,,,RAINFED,OPEN_ACCESS,
1205,CL,Uso de enmiendas orgánicas en el suelo,LESS_5M,POOR,AGRICULTURALUSE,,IRRIGATION,INDIVIDUAL,
1206,GR,Integrated water-harvesting and livestock water-point system,50M_PLUS,POOR,GOOD,,RAINFED,,
1207,TZ,Multiplier fertilization of banana using small ruminants in Kibanja farming system,5_50M,MEDIUM,GOOD,,RAINFED,OPEN_ACCESS,"Availability of surface water: Medium (water is available in nearby natural water spring. There is reduction of water flow during the dry season)
Water quality (untreated): Good drinking water as it comes from a natural spring"
1208,TZ,"Contour band combined with Sessebania sessebani, beans, manure and trashlines in banana production.",5_50M,MEDIUM,POOR,,RAINFED,OPEN_ACCESS,"Availability of surface water: Medium (In dry season all ponds dry of while in rain season some ponds overflows)
Water quality: Poor drinking water (treatement required, surface water during rainy season and ground (spring water) during dry season)"
1209,IT,Pasture manuring (application of manure from shelter),5_50M,MEDIUM,GOOD,,,,Availability of surface water is medium (minimum during month of September and October)
1210,IT,Ploughing and seeding of fodder species to recover degraded grazing areas,5_50M,MEDIUM,GOOD,,RAINFED,,Availability of surface water: Medium (minimum during month of September and October)
1212,KE,Coffee Agroforestry,5_50M,GOOD,GOOD,,MIXED,INDIVIDUAL,
1213,TZ,Adapted combination of technologies in improved cassava production,50M_PLUS,GOOD,GOOD,,RAINFED,COMMUNAL,"Ground water table: >50m (is difficult to access ground water table)
Availability of surface water: Also poor/none (There is no surface water in the area. People in the nearby or around the area fetch water from the natural springs found in the lower distant hilly/mountain floors)
Water quality: Good drinking water (water in the lower mountainous floors is in permanent water spring and is good drinking water)"
1214,IT,Cutting of Ferns in degraded pastures to use as litter and fodder,5_50M,MEDIUM,GOOD,,RAINFED,,Availability of surface water is medium (minimum during month of September and October)
1215,TZ,Contour ditches  combined with manures and mulch grass in banana production.,,EXCESS,GOOD,,RAINFED,OPEN_ACCESS,"Availability of surface water: Excess during short rainfals and medium because two permanent river tributaries (misheke and Charuhanga) flows throughout the year. 
Water quality (untreated): Good drinking water when gravity water supply from Kasunkuni river tributar and poor when over-flooded Mwisa river during short rains."
1216,TZ,Slope cross barier in banana combined with common agronomical measures production,50M_PLUS,MEDIUM,POOR,,RAINFED,OPEN_ACCESS|OTHER,Availability of surface water: Bordering Kagera river.
1217,IT,Continuous soil cover on croplands,LESS_5M,GOOD,GOOD,,MIXED,,"Ground water table: <5m (The area surrounding the Venice lagoon (1240 km2) is even below the sea level (down to -2 m) and currently cultivated due to land reclamation. As a result water table is kept artificially low)
Water quality (untreated) is good drinking water (groundwater) or for agricultural use only (surface water)"
1218,KH,Compost application on rice fields,LESS_5M,MEDIUM,GOOD,,MIXED,OPEN_ACCESS,
1219,NE,Zai or tassa planting pits,5_50M,MEDIUM,AGRICULTURALUSE,,OTHER,,
1220,BF,Use of organic matter (manure and compost),5_50M,MEDIUM,,,,COMMUNAL,"Ground water table: > 10 m
Availability of surface water: Surface runoff generated by limited but intense rainfalls"
1221,TZ,Soil productivity improvement using a combination of technologies,50M_PLUS,MEDIUM,POOR,,RAINFED,OPEN_ACCESS,"Ground water table: >50m (ranked 1, water can be accessed in down the river valleys streams) and 5-50m (ranked 2) 
Availability of surface water: Water is available in natural flowing downstream rivers 
Water quality untreated: Poor drinking water (treatment required, water in river stream untreated is poor because is contaminated by runoff pollutants)"
1222,NE,Mulching,5_50M,MEDIUM,AGRICULTURALUSE,,RAINFED,,"Ground water table: > 10 m

Availability of surface water: Surface runoff generated by limited but intense rainfalls"
1223,KH,Mulching with water hyacinth (Eichhornia crassipes) after the monsoon floods.,ONSURFACE,EXCESS,POOR,,MIXED,OPEN_ACCESS,"Ground water table: during wet season
Availability of surface water: during wet season"
1224,KH,Adapted System of Rice Intensification (SRI) principles in Kampong Chhnang,LESS_5M,POOR,POOR,,MIXED,OPEN_ACCESS,"Ground water table: during dry season
Availability of surface water: during dry season"
1225,IT,Conservation agriculture,LESS_5M,GOOD,GOOD,,MIXED,COMMUNAL|LEASED,"Ground water table: <5m (The area surrounding the Venice lagoon (1240 km2) is even below the sea level (down to -2 m) and currently cultivated due to land reclamation. As a result water table is kept artificially low)
Water quality (untreated) is good drinking water (groundwater) or for agricultural use only (irrigation:  Surface water can be used for agricultural purposes but not as drinking water)"
1226,NP,Mulberry cultivation for silkworm,ONSURFACE,EXCESS,UNUSABLE,,MIXED,,"Ground water table: Infiltration is very low but surface flow is high
Availability of surface water: During rainy season excess water flow
Water quality (untreated): Some portion of the water is used for agriculture, but most time the water is unused"
1227,IT,Crop rotation with legumes,LESS_5M,GOOD,GOOD,,MIXED,,"Ground water table: <5m (The area surrounding the Venice lagoon (1240 km2) is even below the sea level (down to -2 m) and currently cultivated due to land reclamation. As a result water table is kept artificially low)
Water quality (untreated) is good drinking water (groundwater) and for agriculutral use only (irrigation with surface water)"
1228,ML,Using organic fertilizers on small-scale irrigation plots,5_50M,MEDIUM,AGRICULTURALUSE,,MIXED,,"Availability of surface water: medium, poor/ none"
1229,KH,Production and use of rice husk biochar in rice seed beds and vegetable production.,LESS_5M,,POOR,,MIXED,OPEN_ACCESS,
1230,IT,Agroforestry system,LESS_5M,GOOD,GOOD,,MIXED,,"Ground water table: <5m (The area surrounding the Venice lagoon (1240 km2) is even below the sea level (down to -2 m) and currently cultivated due to land reclamation. As a result water table is kept artificially low) 
Water quality (untreated) is good drinking water (groundwater) or for agricultural use only (surface water can be used for agricultural purposes but not as drinking water)"
1231,NP,Fodder cultivation,,GOOD,GOOD,,MIXED,OPEN_ACCESS|COMMUNAL,"Availability of surface water: Flooding occors during monsoon.  Normally people depend on surface water for irrigation.
Water quality (untreated): People directly drink"
1232,TZ,"Cross slope berier characterised with furrow, bund, cajanus cajan, pinepples, farm yard manures and grass mulch in banana production",,,,,RAINFED,OPEN_ACCESS,
1233,NP,Khuwa making by the use of Improved stove,,,,,IRRIGATION,,
1235,NP,Bio Gas,5_50M,GOOD,,,MIXED,,
1236,NP,Vermi compost technology,,,,,MIXED,OPEN_ACCESS|COMMUNAL,
1237,BO,Revalorización de saberes ancestrales para la siembra de quinua,5_50M,POOR,GOOD,,RAINFED,COMMUNAL,
1243,KE,Fanya Juu Terraces - Nappier grass+Swetpotatoes,5_50M,GOOD,GOOD,,MIXED,INDIVIDUAL,
1244,KE,Retention ditches,5_50M,MEDIUM,POOR,,MIXED,INDIVIDUAL,
1245,NO,Reduced tillage: no tillage in autumn,LESS_5M,GOOD,AGRICULTURALUSE,BOTH,RAINFED,OPEN_ACCESS,
1246,GR,Crop rotation for green manuring in greenhouse,5_50M,MEDIUM,AGRICULTURALUSE,,IRRIGATION,COMMUNAL|INDIVIDUAL|OTHER,"Water quality (untreated): good drinking water, for agricultural use only (irrigation) (Brackish irrigation water)"
1247,CY,Fodder provision to goats and sheep to reduce grazing pressure on natural vegetation,,POOR,,,,,Availability of surface water is poor/none (there is no surface water available in the area)
1248,NL,Intercropping of grass and corn to increase soil organic matter,LESS_5M,MEDIUM,POOR,,,,"Ground water table is <5m (in all soil types the highest level of the groundwater table during the year is <140 cm below the soil surface. The lowest level can be lower than 120 cm)
Availability of surface water is medium (from small rivers (De Berkel) and creeks)
Water quality (untreated) is poor drinking water (treatement required -  levels of the pesticides Bentazon, and MCPP in the groundwater have incidentally exceeded the norms for drinking water production between 1985 and 2009.)"
1250,BR,Carbon-enrichment of tropical  agricultural soil with organic matter,5_50M,GOOD,AGRICULTURALUSE,,RAINFED,LEASED,
1252,CL,Producción ecológica integrada,50M_PLUS,GOOD,AGRICULTURALUSE,,IRRIGATION,COMMUNAL,
1253,MA,No-till technology,,,,,,,
1254,NL,Humic acid application,5_50M,MEDIUM,POOR,,RAINFED,COMMUNAL,Water quality (untreated): Poor drinking water (Contaminated. Requires treatment by water company (Vitens).)
1255,ES,Straw mulching to improve soil quality,5_50M,,AGRICULTURALUSE,,RAINFED,INDIVIDUAL,"Availability of surface water: excess, poor/ none (surface water is only available when rains. Heavy rains produce overland flow)"
1256,NL,Manure separation to better distribute organic matter at farm level,LESS_5M,MEDIUM,POOR,,,,"Ground water table: <5m (in all soil types the highest level of the groundwater table during the year is <140 cm below the soil surface. The lowest level can be lower than 120 cm)
Availability of surface water is medium (From small rivers (De Berkel) and creeks)
Water quality (untreated) is poor drinking water (levels of the pesticides Bentazon and MCPP in the groundwater have incidentally exceeded the norms for drinking water production between 1985 and 2009)"
1257,CO,Banco de forrajes,,MEDIUM,,,,OTHER,
1258,CL,Zanjas de Infiltración,,,AGRICULTURALUSE,,RAINFED,,
1259,CH,Minimization of herbicide application in conservation agriculture,5_50M,GOOD,GOOD,,MIXED,COMMUNAL|OTHER,
1261,IS,Fertilizing and re-seeding degraded rangelands,LESS_5M,POOR,GOOD,GROUND,RAINFED,OPEN_ACCESS,
1264,ES,Non tillage,5_50M,POOR,AGRICULTURALUSE,,,,
1265,ES,Natural revegetation,5_50M,MEDIUM,,,,,Availability of surface water: Medium (few permanent water courses in the area)
1266,ES,Seedling,5_50M,MEDIUM,AGRICULTURALUSE,,RAINFED,,Availability of surface water: Few permanent water courses in the area
1267,ES,Reforestation,5_50M,POOR,AGRICULTURALUSE,,RAINFED,,
1268,ES,Catch crop,5_50M,MEDIUM,AGRICULTURALUSE,,MIXED,,
1269,ES,Chipped branches,5_50M,POOR,AGRICULTURALUSE,,MIXED,,
1270,BR,Minimum tillage,5_50M,MEDIUM,AGRICULTURALUSE,,RAINFED,INDIVIDUAL,
1271,CH,Minimierung des Herbizideinsatzes,5_50M,GOOD,GOOD,,MIXED,OTHER,
1272,ES,Fitoestabilización de suelos contaminados,LESS_5M,GOOD,AGRICULTURALUSE,,,,
1273,ES,Adición de enmiendas a suelos contaminados,LESS_5M,GOOD,AGRICULTURALUSE,,,,
1275,BR,Terracing for soil erosion protection,5_50M,GOOD,AGRICULTURALUSE,,RAINFED,,"Availability of surface water: good, medium"
1276,NP,No-till garlic cultivation,5_50M,POOR,POOR,,MIXED,COMMUNAL,Water quality (untreated): ALso for agricultural use only (irrigation)
1277,VN,Water saving through reuse of  return flow in paddy fields,LESS_5M,MEDIUM,AGRICULTURALUSE,,IRRIGATION,OPEN_ACCESS|OTHER,
1278,AR,"Recuperación de prácticas tradicionales de producción, como estrategia productiva con resiliencia en Yavi/Barrios",50M_PLUS,MEDIUM,GOOD,,IRRIGATION,OPEN_ACCESS,
1279,IT,Biochar application as a soil amendment,LESS_5M,GOOD,GOOD,,MIXED,COMMUNAL|LEASED,
1280,IT,Re-introduction of organic amendments in croplands,LESS_5M,GOOD,GOOD,,MIXED,COMMUNAL|LEASED,
1281,GR,Application of biological agents to increase crop resistance to salinity,,MEDIUM,,,IRRIGATION,COMMUNAL|INDIVIDUAL|OTHER,"Ground water table: < 5 m, 5-50 m

Water quality (untreated): good drinking water, for agricultural use only (irrigation), unusable (brackish irrigation water)"
1282,EC,Mejora de la producción agrícola y optimización del uso del agua mediante de la tecnificación del riego,50M_PLUS,MEDIUM,AGRICULTURALUSE,,IRRIGATION,,
1283,CH,Bodenschonende Landnutzung mit dem On-Land-Pflug,5_50M,GOOD,GOOD,,,INDIVIDUAL,
1284,CH,Pflugloser Ackerbau im Biolandbau,5_50M,GOOD,GOOD,,,INDIVIDUAL,
1285,AF,Riverbank stabilization,5_50M,MEDIUM,POOR,,IRRIGATION,OTHER,
1286,SE,Water tolerant crops,LESS_5M,GOOD,POOR,,,COMMUNAL,
1287,PH,Contour Farming using hedgerows,5_50M,GOOD,GOOD,,RAINFED,COMMUNAL,
1288,RU,No-till crop production,ONSURFACE,GOOD,,,RAINFED,,"Ground water table: On surface (the ground water table is at 0 cm in spring. The water flows then off and fields are sown in late May. Later in the year, drought is often a problem)
Water quality (untreated): Good drinking water, poor drinking water (treatement required) and for agricultural use only (irrigation) all ranked 1, unusable (ranked 2)"
1289,PH,Vegetable Terracing,,MEDIUM,GOOD,,RAINFED,OPEN_ACCESS,Availability of surface water: from river pumped in the farm through gravity
1290,IT,Green cover in orchards,LESS_5M,GOOD,GOOD,,,,"Groundwater table: <5m a.s.l. (The area surrounding the Venice lagoon (1240 km2) is even below the sea level (down to -2 m) and currently cultivated due to land reclamation. As a result water table is kept artificially low) 

Water quality (untreated): Good drinking water (groundwater) and for agricultural use only (surface water can be used for agricultural purposes but not as drinking water)"
1291,IT,Root-oriented cover crops,LESS_5M,GOOD,GOOD,,MIXED,,
1292,SD,Water Spreading (typical example from Hashatribab),LESS_5M,,POOR,,OTHER,,
1293,BR,Biological pest control through promoting habitats for native fauna,50M_PLUS,POOR,POOR,,MIXED,OTHER,
1295,PH,Modified Rapid Composting,5_50M,GOOD,GOOD,,IRRIGATION,,
1296,CH,Dyker-System (oder Lochstern) im Kartoffelanbau,5_50M,GOOD,GOOD,,RAINFED,INDIVIDUAL,
1297,NA,Conservation Agriculture in a semi-arid area,5_50M,POOR,GOOD,,RAINFED,COMMUNAL,
1298,PT,Post-fire Natural Mulching,50M_PLUS,MEDIUM,GOOD,,,,
1299,PT,Hydromulching for reducing runoff and soil erosion,5_50M,MEDIUM,AGRICULTURALUSE,,,,Water quality (untreated) is for agriculutral use only (surface water)
1300,PH,Compact Farming for Vegetables Production,5_50M,MEDIUM,GOOD,,,OPEN_ACCESS,
1301,PH,Sweet Potato Relay Cropping,5_50M,MEDIUM,GOOD,,RAINFED,OPEN_ACCESS,Seasonality of water quality: Spring
1302,PH,Organic-Based System of Rice Intensification (SRI),5_50M,GOOD,GOOD,,MIXED,COMMUNAL,
1303,PH,Organic Mulching,5_50M,GOOD,AGRICULTURALUSE,,IRRIGATION,,
1304,CH,Dyker System,5_50M,GOOD,GOOD,,RAINFED,INDIVIDUAL,
1305,CN,"Drip irrigation under plastic mulch for cotton production in Xinjiang province, China",5_50M,GOOD,POOR,,IRRIGATION,COMMUNAL|LEASED,"Ground water table: also < 5 m and the installation of drip irrigation under plastic mulch should be installed with a drainage system. If the groundwater table is too high salinisation of the soil will be the result

Availability of surface water: For the drip irrigation under plastic mulch mostly surface water is used. It is diverted by channels to the agricultural fields. There must be a good water availability at the fields. 

Water quality (untreated): For the drip irrigation under plastic mulch the water quality must be quite high, otherwise the small holes of the drip lines will be blocked soon."
1306,AF,Cultivation of Hing (Ferula assa-foetida) in the watershed,5_50M,POOR,AGRICULTURALUSE,,RAINFED,COMMUNAL,
1307,SD,Reclamation Saline Sodic soil,50M_PLUS,POOR,AGRICULTURALUSE,,IRRIGATION,COMMUNAL,Water quality (untreated): Also poor for drinking
1308,PH,Contour Straight Block Layout,5_50M,MEDIUM,GOOD,,MIXED,,
1311,OM,Alfalfa under flood irrigation,50M_PLUS,POOR,AGRICULTURALUSE,,IRRIGATION,INDIVIDUAL,
1312,OM,Flood Irrigation for salinity control,50M_PLUS,,UNUSABLE,,IRRIGATION,,
1313,OM,Compost and inorganic fertilizer in saline soils,50M_PLUS,POOR,AGRICULTURALUSE,,IRRIGATION,COMMUNAL,
1314,TZ,Rangeland Improvement in Savanah with High Livestocks,50M_PLUS,MEDIUM,POOR,,RAINFED,,
1315,RU,Minimum Tillage,5_50M,,,,RAINFED,OPEN_ACCESS,
1316,OM,Vegetables in salt affected soil,50M_PLUS,POOR,AGRICULTURALUSE,,IRRIGATION,,
1317,PH,Composting using Indigenous Microorganism (IMO),5_50M,GOOD,AGRICULTURALUSE,,IRRIGATION,,
1318,KE,Mulching,5_50M,GOOD,GOOD,,RAINFED,INDIVIDUAL,
1319,RU,No Till,5_50M,,,,RAINFED,OPEN_ACCESS,
1320,KE,Artificial Grassed Waterway,5_50M,GOOD,GOOD,,RAINFED,INDIVIDUAL,
1321,PH,Improved pasture under citrus,,GOOD,AGRICULTURALUSE,,RAINFED,COMMUNAL,
1322,KE,Multistorey Gardens,5_50M,MEDIUM,AGRICULTURALUSE,,MIXED,INDIVIDUAL,
1323,KE,Conservation Agriculture,5_50M,MEDIUM,POOR,,RAINFED,INDIVIDUAL,
1324,KE,Raised Beds for Onions,5_50M,GOOD,GOOD,,MIXED,INDIVIDUAL,
1325,KE,Cover crops,50M_PLUS,MEDIUM,GOOD,,RAINFED,INDIVIDUAL,
1326,KE,Crop Rotation,5_50M,MEDIUM,POOR,,MIXED,INDIVIDUAL,
1327,ZW,Precision Conservation Agriculture,,,,,,,
1328,ML,Seed Priming and Microfertilization,,,,,RAINFED,,
1329,GH,Minimum Tillage and Direct Planting,,,,,,,
1330,ER,Afforestation and Hillside Terracing,,,,,RAINFED,,
1331,ZM,Small Earth Dams,,POOR,,,RAINFED,,
1332,AU,Ecograze,,,,,RAINFED,,
1333,ER,Spate Irrigation,,EXCESS,,,,,
1334,CV,Aloe Vera Living Barriers,5_50M,POOR,POOR,,RAINFED,COMMUNAL|OTHER,Water quality (untreated): Much of the groundwater is saline due to over-exploitation of aquifers. But can also be good
1335,CN,Rainwater Cellars,,,,,,,
1336,KE,Fanya juu terraces,,,,,RAINFED,,
1337,TZ,Chagga Homegardens,,,,,MIXED,,
1338,TG,Shelterbelts,,,,,RAINFED,,
1339,KE,Grevillea agroforestry system,,,,,RAINFED,,
1340,NE,Farmer Managed Natural Regeneration,,,,,RAINFED,,
1341,BO,Estabilización de taludes (biotrampas),,,,,,,
1342,BD,Hill Agroforestry,,,,,RAINFED,,
1343,TJ,Reduced livestock numbers,50M_PLUS,,GOOD,,RAINFED,INDIVIDUAL,"Ground water table: Mostly no groundwater, since very hilly. 

Water quality (untreated): Good source water, since no diarrhae after drinking it."
1344,BD,Multipurpose Earthen Dam,,,,,,,
1345,BF,Parkland Agroforestry System,,,,,RAINFED,,
1346,BD,Valley floor paddy terraced cultivation,,,,,MIXED,,
1347,BO,Barreras Vivas y Muros de Piedras para Terrazas de Formación Lenta,,,,,RAINFED,,
1348,BO,Barreras Vivas,,,,,RAINFED,,
1349,BO,Muros de Piedras para Terrazas de Formación Lenta,,,,,RAINFED,,
1350,BO,Gully control and catchment protection,,,,,RAINFED,,
1351,TZ,Ngitili Dry-Season Fodder Reserves,,,,,RAINFED,,
1352,BO,Diques de madera (tipo Krainer),,,,,,,
1353,NE,Couloirs de passage,,,,,RAINFED,,
1354,BO,Diques de piedras,,,,,,,
1355,NE,Improved Well Distribution for Sustainable Pastoralism,,,,,RAINFED,,
1356,ZA,Rotational Grazing,,,,,,,
1357,SN,Casuaria - Tree belt for sand dune fixation,5_50M,MEDIUM,GOOD,,,COMMUNAL,"Ground water table: 5-50m (20 m during rain season, 30 m during dry season)
Water quality (untreated): Good drinking water (dry season, ranked 1) and for agricultural use only (irrigation) as well as unusable (ranked 2, rain season) 
Availability of surface water: Also poor/ none"
1358,BF,Assisted Natural Regeneration of Degraded Land,,,,,RAINFED,,
1359,MG,Indigenous Management of Tapia Woodlands,,,,,,,
1360,CM,Forest Beekeeping,,,,,,,
1361,PT,Primary strip network system for fuel management,5_50M,MEDIUM,GOOD,,,OPEN_ACCESS,
1362,TJ,Strengthening of river banks with stones and gabions,5_50M,EXCESS,GOOD,SURFACE,MIXED,,
1363,TJ,Pasture management in Western Pamir,5_50M,MEDIUM,GOOD,,,OPEN_ACCESS,Availability of surface water: Also poor/ none
1364,CN,Auto-Flowing Slurry Dam,,,,,,,
1365,CN,Check Dam,,,,,MIXED,,
1366,CN,Shelterbelts for farmland in sandy areas,,,,,MIXED,OTHER,
1367,CN,Terrace,,,,,RAINFED,,
1368,ZA,Old Motor Tyre Contours,,,,,,,
1369,ZA,Traditional stone wall terraces,,,,,RAINFED,,
1370,CN,Caragana Korshinskii Planting a kind of SWC vegetative technology,,,,,MIXED,,
1371,RU,Drip irrigation,5_50M,POOR,AGRICULTURALUSE,,RAINFED,COMMUNAL|INDIVIDUAL,
1372,ZA,"Rip-ploughing, oversowing",,,,,,,
1373,ZA,Combating of invader plants and bush packing,,,,,,,
1374,ZA,Gravity type inverted  tyre structure,,,,,,,
1375,ZA,Chemical bush control,,,,,,,
1376,ZA,Earth dam for stockwater,,,,,,,
1377,ZA,Wetland rehabilitation,,,,,,,
1378,ZA,Gully control (gabions) at Maandagshoek,,,,,,,
1379,ZA,Rangeland Rehabilitation,,,,,,,
1380,ZA,Grass strips,,,,,RAINFED,,
1381,ZA,Revegetation and re-seeding,,,,,RAINFED,,
1382,ZA,Communal grazing management,,,,,RAINFED,,
1383,BO,Zanjas de Coronación,,,,,RAINFED,,
1384,BO,Obras Hidráulicas - Gaviones de Piedras,,,,,,,
1385,BW,Solar Cooker,50M_PLUS,POOR,,,RAINFED,COMMUNAL|INDIVIDUAL,"Ground water table; >50m (ranked 1, for boreholes) and 5-50 m (ranked 2, wells in Boteti River bed)
Availabilty of surface: Poor/none (unreliable river flows and rainfalls)
Water quality (untreated): poor drinking water (treatment required, unusable, sometimes too salty even for animal/livestock consumption) and poor drinking water (treatement required, salty waters in most areas ) Both ranked 1."
1386,BW,Game Ranching,50M_PLUS,POOR,POOR,,RAINFED,OPEN_ACCESS|INDIVIDUAL,"Ground water table: > 50 m (ranked 1, boreholes) and 5-50 m (ranked 2, and dug Wells) 
Availability of surface water: Poor/none (unreliable river flow. Available from pans during rainy sesons) 
Water quality (untreated): Poor drinking water (treatment required, salty water in most areas)"
1387,ET,Trashlines,,,,,RAINFED,,
1388,ET,Hillside Terracing,,,,,RAINFED,,
1389,ET,stone bund,,,,,RAINFED,,
1390,UG,Runoff water harvesting for bananas,,,,,MIXED,,
1391,UG,,,,,,RAINFED,,
1392,TZ,Gully healing for growing bananas,,,,,,,
1393,TZ,Gully healing using trash lines,,,,,,,
1394,TZ,Tradition forest establishment in semi-arid land,,,,,,,
1395,TZ,"Small pit cultivation for maize, sorghum and millet (Chololo pits)",,,,,,,
1396,ET,Stone faced trench,,,,,,,
1397,ET,Stone bund of Tigray,,,,,RAINFED,,
1398,TR,Rotational Grazing,5_50M,POOR,AGRICULTURALUSE,,RAINFED,OPEN_ACCESS,"Ground water table: 5-50m (it decrease in summer and increase in winter)
Availability of surface water: poor/none (it is high in winter and very low in summer)
Seasonability of water quality and source of water pollution: For agricultural use only (irrigation) (Commonly ground water is used for agriculture. It is more saline in summer than winter seasons.) 
Seasonability of water quality and source of water pollution: poor drinking water (treatement required) (Its quality is good in winter, while that of is bad in summer. Usually ground water.)"
1399,TN,Rangelands resting,50M_PLUS,POOR,POOR,,RAINFED,COMMUNAL|INDIVIDUAL,"Availability of surface water: Poor/none (surface water is limited by rainfall) or medium (in the mountain area) 
"
1400,TN,Gabion check dam,5_50M,,POOR,,,COMMUNAL,"Availability of surface water: excess, medium, poor/ none (The wadi is almost always dry) 
Water quality (untreated): Poor drinking water (treatement required) (from cisterns and wells)  but good drinking water if pumped in the deep aquifer (100-300m)"
1401,TG,Terrasses traditionnelles,,,,,,,
1402,TG,Terrasses améliorées,,,,,,,
1403,TG,Labour suivant les courbes de niveau,,,,,,,
1404,TH,Small level bench terraces,,,,,RAINFED,OTHER,
1405,TH,Cut-off drain,,,,,,,
1406,TJ,Combined cut-and-carry and fruit-production system with terraces,5_50M,POOR,GOOD,,RAINFED,COMMUNAL,"Availability of surface water: Insufficient: only permitting to irrigate 5 ha of totally 30 ha classified as ""irrigated cropland"" 

Water quality (untreated): According to expert, water contains iodine, but is otherwise ""light"" and clean, without calcium carbonate"
1407,TJ,Daily and seasonal rotation on grassland,,POOR,AGRICULTURALUSE,,RAINFED,COMMUNAL,"Water quality (untreated): Locals drink the water, but are affected by diarrhoea"
1408,TJ,Daily grazing of village-herds,50M_PLUS,POOR,POOR,,RAINFED,,"Ground water table: Often no groundwater, because too hilly

Availability of surface water: Most areas far from open water bodies

Water quality (untreated): No pesticides, but water is contaminated by animal dung."
1409,TJ,Terrace with Tree Barrier,,,,,MIXED,,
1410,SY,Range Pitting and Reseeding,,,,,,,
1411,SY,Stone Wall Bench Terraces,,,,,RAINFED,,
1412,TN,Recharge well,5_50M,POOR,POOR,,RAINFED,COMMUNAL,Seasonal fluctuations: Availability of surface water is poor/none but with periods of excess (e.g. flood)
1413,TN,Cistern,,,GOOD,,,COMMUNAL|INDIVIDUAL,
1414,ET,Area closure,,,,,RAINFED,,
1415,ET,Boreda Soil Bund,,,,,RAINFED,,
1416,ZA,Restoration of degraded rangeland,,,,,RAINFED,OTHER,
1417,BW,Roof rainwater harvesting system,5_50M,POOR,POOR,,RAINFED,COMMUNAL|INDIVIDUAL,
1418,ET,Area Closure for Rehabilitation of Degraded Hillsides,,,,,,,
1419,CN,Zhuanglang loess terraces,,,,,RAINFED,,
1420,TN,Tabia,5_50M,MEDIUM,POOR,,MIXED,INDIVIDUAL,Water quality (untreated): Poor drinking water (treatement required/medium quality)
1421,PH,WINDBREAKS,,,,,RAINFED,,
1422,PH,Rainfed paddy rice terraces,,,,,RAINFED,,
1423,PH,Vetiver grass system or Vetiver grass technology,,,,,RAINFED,,
1424,PH,Stone bunds and small basins,,,,,RAINFED,,
1425,SN,Cordons pierreux avec haie vive,5_50M,POOR,GOOD,,MIXED,OPEN_ACCESS|LEASED|OTHER,"Profondeur estimée de l’eau dans le sol: 5-50 m (13 à 15 mètres) 
Disponibilité de l'eau de surface: Faible/absente (dieri (terres non inondées)) 
Qualité de l’eau (non traitée): Aussi uniquement pour usage agricole (irrigation)"
1426,SN,Gabions,5_50M,POOR,GOOD,,MIXED,OPEN_ACCESS|LEASED|OTHER,"Profondeur estimée de l’eau dans le sol: 5-50m (13 à 15 mètres) 
Disponibilité de l’eau de surface: Faible(absente (dieri (terres non inondables)) 
Qualité de l’eau (non traitée): Aussi uniquement pour usage agricole (irrigation)"
1427,SN,Mise en défens de Kewyel,50M_PLUS,,GOOD,,,,"Profondeur estimée de l’eau dans le sol: >50m (70m) 
Disponibilité de l’eau de surface: Bonne (les mares temporaires sont en eau pendant 7 mois) et moyenne (les deux classé 1)"
1428,MA,Assisted cork oak regeneration,5_50M,GOOD,GOOD,,RAINFED,OPEN_ACCESS,
1429,SN,Aire Marine Protégée de Bamboung,,MEDIUM,,,,OPEN_ACCESS,
1430,SN,Récupération des terres salées,,MEDIUM,UNUSABLE,,,,Disponibilité de l’eau de surface: Aussi excès (inondations en hivernage)
1431,SN,Mise en défens,5_50M,MEDIUM,,,RAINFED,,"Profondeur estimée de l’eau dans le sol: 5-50m (11m, classé 1) et <5m (classé 2)"
1432,SN,Grande Muraille Verte,5_50M,,AGRICULTURALUSE,,,,Profondeur estimée de l’eau dans le sol: 5-50m (40m)
1433,SN,Bassin de rétention de Piterki,50M_PLUS,MEDIUM,AGRICULTURALUSE,,,OPEN_ACCESS|LEASED,"Profondeur estimée de l’eau dans le sol: >50 m (80m) 
Disponibilité de l’eau de surface: Moyenne (l'ouvrage attire les oiseaux)
Qualité de l’eau (non traitée): Uniquement pour usage agricole (irrigation, l'ouvrage attire les oiseaux)"
1434,SN,Conversion de zones cultivées en forêt régionale,50M_PLUS,MEDIUM,,,,LEASED,Profondeur estimée de l’eau dans le sol: >50m (80m)
1435,SN,Micro-irrigation à basse pression,5_50M,POOR,AGRICULTURALUSE,,IRRIGATION,OPEN_ACCESS|LEASED,"Profondeur estimée de l’eau dans le sol: 5-50m (4 à 10 m) 
Disponibilité de l’eau de surface: Aussi moyenne"
1436,SN,Retenue d'eau,5_50M,MEDIUM,GOOD,,RAINFED,OPEN_ACCESS|LEASED,"Profondeur estimée de l’eau dans le sol: 5-50m (35m) 
Qualité de l’eau (non traitée): Eau potable (forage) et uniquement pour usage agricole (irrigation, puits)"
1437,SN,Repos biologique,,,,,,OPEN_ACCESS,
1438,SN,Aménagement forestier,5_50M,POOR,,,,,Profondeur estimée de l’eau dans le sol: 5-50m (7-30m)
1439,SN,Aménagement forestier,5_50M,,,,,,"Profondeur estimée de l’eau dans le sol: 5-50m (7-30m) 
"
1440,SN,Digue anti-sel,LESS_5M,GOOD,AGRICULTURALUSE,,RAINFED,OPEN_ACCESS,Profondeur estimée de l’eau dans le sol: <5m (2m)
1441,SN,Bois sacré,LESS_5M,GOOD,,,,,Profondeur estimée de l’eau dans le sol: <5m (0.5m)
1442,SN,Régénération de la mangrove,ONSURFACE,EXCESS,AGRICULTURALUSE,,,OPEN_ACCESS,Disponibilité de l’eau de surface: Aussi moyenne
1444,TJ,Rehabilitation of iron water gates to improve distribution of irrigation water,,EXCESS,AGRICULTURALUSE,,IRRIGATION,COMMUNAL|OTHER,Availability of surface water: Excess in case of heavy rainfall events but at rest of the year the availabilty is poor/none.
1445,CN,Bench terraces on loess soil,5_50M,MEDIUM,POOR,,RAINFED,OPEN_ACCESS,"Availability of surface water medium: It is very stable in this region. 

Availability of surface water also poor/none: Nearly all the branches of Yanhe are seasonal river.

Ground water table: It depends on the landform. In valley and alluvial land, it is shallow.

Water quality: Good quality for there are few pollution sources."
1446,TJ,Roof top rainwater harvesting stored in a polythene lined earth retention tank.,5_50M,POOR,POOR,,,INDIVIDUAL,"Ground water table can also be below 50 m. 

Availability of surface water is so poor du to deforestation the natural water balance is disturbed."
1447,TJ,Лесозащитная полоса,5_50M,,AGRICULTURALUSE,,RAINFED,,"Доступность поверхностной влаги: средняя, плохая/ отсутствует"
1448,TJ,Строительство габионов,LESS_5M,EXCESS,AGRICULTURALUSE,,,,
1450,TJ,Infilling of gullies with vegetative structures,50M_PLUS,POOR,GOOD,,RAINFED,,Availability of surface water: In the area around the gulley the land is compacted.
1451,TJ,Wind forest strips for land protection against wind erosion on sandy soils,LESS_5M,GOOD,GOOD,,IRRIGATION,,"Availability of surface water also medium, but good water availibility during vegetation time 

Water quality (untreated) is good because water comes from glaciers "
1452,TJ,Irrigation of orchards by using low cost drip irrigation technique,LESS_5M,MEDIUM,GOOD,,IRRIGATION,COMMUNAL,
1453,TJ,Tree nurseries to test tree species adapted to local climate,5_50M,MEDIUM,GOOD,,IRRIGATION,COMMUNAL,
1454,TJ,Cascading Rock Irrigation Channel,50M_PLUS,POOR,GOOD,,RAINFED,COMMUNAL,"Качество воды: хорошая питьевая вода, только для сельскохозяйственных целей"
1455,CN,Check dam for land,5_50M,MEDIUM,POOR,,RAINFED,OPEN_ACCESS,"Availability of surface water also poor/ none and: Nearly all the branches of Yanhe are seasonal rivers 

Availability of surface water medium: It is very stable in this region 

Water quality (untreated): Good quality for there are few pollution sources"
1456,GR,Application of water by drip irrigation,,GOOD,,,MIXED,COMMUNAL|INDIVIDUAL,"Ground water table: 5-50 m, > 50 m

Water quality (untreated): good drinking water, for agricultural use only (irrigation)"
1457,TJ,Landslide prevention using drainage trenches lined with fast growing trees.,LESS_5M,GOOD,POOR,,,OPEN_ACCESS,Availability of surface water: Also medium
1458,TJ,Shelterbelts with Russian Silverberry for the protection of irrigated fields,LESS_5M,POOR,POOR,,IRRIGATION,,
1459,TJ,Reduced pressure on forest resources by improved thermal insulation in private houses,5_50M,GOOD,GOOD,,,,
1460,TJ,Roof Top Rain Water Harvesting - Concrete Tank,5_50M,MEDIUM,GOOD,,RAINFED,INDIVIDUAL,"Availability of surface water is  good during spring rains and poor/none in the summer months.

Water quality (untreated) is good drinking water during winter and spring (snow and rainfall), but poor during summer."
1461,TJ,Saxaul plantation for stabilisation of sandy soils,50M_PLUS,POOR,POOR,,,,Water quality (untreated) is poor and groundwater
1462,NP,Plastic-lined conservation pond to store irrigation water,,,POOR,,RAINFED,OPEN_ACCESS|COMMUNAL,"Water quality (untreated): Also good. More in rainy season (June- September), less in April/May; source: spring"
1463,IT,Controlled grazing in deciduous  woods as an alternative to grazing on  rangeland,5_50M,MEDIUM,GOOD,,RAINFED,OPEN_ACCESS|INDIVIDUAL,
1464,TJ,Spiral water pumps,LESS_5M,POOR,POOR,,IRRIGATION,,
1465,TJ,Natural spring catchment protection,LESS_5M,GOOD,GOOD,,,COMMUNAL,"Availability of surface water is good at the location of the spring, but medium where the water is needed for the lands."
1467,ET,traditional cut-off drain,,,,,RAINFED,OTHER,
1468,ET,Hararghie Stone Faced Soil Bund,,,,,RAINFED,,
1469,ET,Gully Rehabilitation,,,,,RAINFED,,
1470,IN,Silvi Pasture,,,,,RAINFED,,
1471,IN,Sunken streambed structure,,,,,RAINFED,,
1472,IN,Dugout Pond,,,,,RAINFED,,
1473,IN,Shelterbelts,,,,,RAINFED,,
1474,IN,Farm pond,,,,,RAINFED,,
1475,IN,Dugout Sunken Pond with Catchment Treatment,,,,,RAINFED,,
1476,IN,Forest catchment treatment,,,,,,,
1477,IN,Pepsee micro-irrigation system,,,,,IRRIGATION,,
1478,IN,"Contour ""V"" Ditch",,,,,RAINFED,,
1479,IN,Sunken gully pits,,,,,RAINFED,,
1480,IN,Contour Trench cum Bund,,,,,RAINFED,,
1481,IN,Diversion Weir,,,,,RAINFED,,
1482,KZ,creation of meliorative plantings for struggle with erosion,,,,,RAINFED,,
1483,KE,Road runoff system - Mwingi,,,,,RAINFED,,
1484,KE,Pitting - Machakos experience,,,,,RAINFED,,
1485,KE,Retention ditch Murang'a,,,,,RAINFED,,
1486,KE,Kitui Sand dams,,,,,,,
1487,KE,Water Harvesting and Enlarged Structures,,,,,RAINFED,,
1488,KE,Gully Rehabilitation,,,,,RAINFED,,
1489,KE,Pasture Mangt. through  Removal of comiphora,,,,,,,
1490,KE,Gully blocking by stone checks,,,,,RAINFED,,
1491,NP,Landslip and stream bank stabilisation,,,,,RAINFED,,
1492,NP,Rehabilitation of degraded communal grazing land,,POOR,POOR,,RAINFED,,"Water quality (untreated): More in rainy season (June- September), less in April/May"
1493,NP,Gully plugging using check dams,,,POOR,,RAINFED,,"Water quality: More in rainy season (June- September), less in April/May"
1494,NP,System of Rice Intensification,,,POOR,,MIXED,COMMUNAL,"Availability of surface water: Maximum during rainy season (June to september), starts decresing from October reaching minimum in April/May

Water quality (untreated): Poor more in rainy season (June- September), less in April/May, but otherwise good drinking water"
1495,NP,Black plastic covered farmyard manure ( FYM),,,,,MIXED,,
1496,NP,Drinking water quality improvement through conservation measures,,POOR,POOR,,,OPEN_ACCESS,"Water quality (untreated): More contamination during monsoon season (June- September), source: mainly natural springs"
1497,NP,Rooftop rainwater harvesting system,,,POOR,,,COMMUNAL,"Water quality (untreated): More in rainy season (June- September), less in April/May"
1498,NP,Polypit nursery,,POOR,POOR,,MIXED,COMMUNAL,"Water quality (untreated): Also good, but more in rainy season (June- September), less in April/May; source: natural spring."
1499,NP,Improved  terraces,,POOR,POOR,,RAINFED,,"Availability of surface water: Sloping land , water available at downstream

Water quality (untreated): More in rainy season (June- September), less in April/May; source: natural spring"
1500,NP,Low cost micro-sprinkler irrigation,,,POOR,,RAINFED,OPEN_ACCESS,"Water quality (untreated): Also good drinking water. More in rainy season (June- September), less in April/May; source: natural spring"
1501,NP,Low cost drip irrigation,,POOR,POOR,,RAINFED,OPEN_ACCESS,"Availability of surface water: More in rainy season (June- September), less in April/May

Water quality (untreated): Also good drinking water but poor in rainy season (June- September), less in April/May source: Natural spring"
1502,NE,Cordons de pierres,,,,,RAINFED,,
1503,NE,Tranchées,,,,,,,
1504,NE,Murets,,,,,,,
1505,NE,Protection biologique des berges de Kori,,,,,RAINFED,,
1506,PE,Rehabilitation of ancient terraces,,,,,,,
1507,PH,Small Water Impounding  Project (SWIP),,,,,MIXED,,
1508,TJ,A woollen water retention bed installed under the roots of a tree irrigated by a pipe feed.,50M_PLUS,POOR,GOOD,,,LEASED,
1509,TJ,Reafforestation of Tugai floodplain ecosystem,LESS_5M,EXCESS,AGRICULTURALUSE,,,,Availability of surface water: Also medium
1510,CO,Manejo ecológico de laderas,,,,,RAINFED,,
1511,CR,Agrosilvicultura con café orgánico,,,,,,,
1512,GR,Land terracing in olive groves,50M_PLUS,GOOD,AGRICULTURALUSE,,RAINFED,COMMUNAL|INDIVIDUAL,
1513,TJ,Сочетание сенокоса и выращивания фруктов с террасами,5_50M,POOR,GOOD,,RAINFED,COMMUNAL,
1514,TJ,Ежедневная и сезонная ротация лугов,,,,,,,
1515,TJ,Planting poplar forest in the flood plains of high mountain river areas,LESS_5M,GOOD,GOOD,,IRRIGATION,OPEN_ACCESS,"Ground water table: 2/3 of the forest is close to the river and the ground water level is 2-3m

Availability of surface water: The River Tokuzbulak is in close proximity (somtimes also just medium) 

Water quality (untreated): The river can provide clean drinking water"
1516,ES,Vegetated earth-banked terraces,5_50M,POOR,AGRICULTURALUSE,,,INDIVIDUAL,"Ground water table: >50m (There is a lowering of groundwater table due to overexploitation for irrigation purposes) 
Availability of surface water: Poor/none (excess: sporadically there are flash floods during extreme rainfall events)
Water quality (untreated):  For agricultural use only (irrigation) (groundwater)"
1517,ES,Water harvesting from concentrated runoff for irrigation purposes,5_50M,POOR,AGRICULTURALUSE,,,COMMUNAL|INDIVIDUAL,"Ground water table: >50m (There is a lowering of groundwater table due to overexploitation for irrigation purposes) 
Availability of surface water: Poor/none. Sporadically excess when there are flash floods during extreme rainfall events 
Water quality (untreated) For agricultural use only (irrigation)(groundwater)"
1518,TJ,Two Room Stove,LESS_5M,POOR,POOR,,,,Availability of surface water: is good for the village because there is a stream and medium for other areas which have access to te stream.
1519,TJ,Rotational grazing supported by additional water points,5_50M,MEDIUM,GOOD,,RAINFED,COMMUNAL,"Ground water table is everywhere 5-50 m

Water quality (untreated) is als sometime poor."
1520,TJ,Planting of fruit trees to increase slope stabilisation,5_50M,,GOOD,,MIXED,,
1521,BW,Biogas,50M_PLUS,POOR,POOR,,RAINFED,COMMUNAL|INDIVIDUAL,"Ground water table: >50m (ranked 1, for Boreholes) and 5-50 m (ranked 2, wells in the Boteti River bed) 
Availability of surface water: poor/none (dry season-unreliable river flow/rainfall)
Water quality (untreated): Poor drinking water (treatement required, salty water in most areas, ranked 1) and unusable (sometimes too salty even for livestock consumption, ranked 2)"
1522,CN,Progressive bench terrace,5_50M,MEDIUM,GOOD,,RAINFED,OPEN_ACCESS,"Availability of surface also poor/ none: Nearly all the branches of Yanhe are seasonal river 

Availability of surface water medium: It is very stable in this region 

Water quality (untreated): Good quality for there are few pollution sources"
1523,CV,Afforestation,5_50M,POOR,POOR,,RAINFED,COMMUNAL,"Ground water table: In rain months, it is more superficial than in the dry months 

Availability of surface water: There is some just when it rains. 

Water quality (untreated): Salinization of water due to over exploitation of wells and boreholes"
1524,ET,Jatropha curcas hedge,5_50M,POOR,POOR,,RAINFED,OPEN_ACCESS,"Ground water table is unknown. 
Availability of surface water:  Only during rainy season 
Water quality (untreated): Poor drinking water (treatment required, mostly groundwater)"
1525,TJ,Rational use of empty and narrow parts along roads as well as the very in stony and unproductive areas of the floodplains by planting willow trees (considering the land shortage problems),LESS_5M,MEDIUM,GOOD,,IRRIGATION,OPEN_ACCESS,
1526,ET,Stone wall check dam,5_50M,POOR,POOR,,MIXED,OPEN_ACCESS,"Ground water table: Unknown
Availability of surface water is poor/none (Only during rainy season) 
Water quality (untreated): Poor drinking water (treatment required,  mostly groundwater)"
1527,UZ,Pasture rotation in the desert areas of Uzbekistan (CACILM),5_50M,POOR,,,RAINFED,,
1528,BF,Vallerani System,50M_PLUS,MEDIUM,POOR,,RAINFED,OPEN_ACCESS|COMMUNAL,Generally the watertable is lowering. Surface water is collected in boulies (ponds) for livestock and household activities. Its quality deteriorates during the dry season and its quantity decreases fast.
1529,TM,Stabilization and afforestation of sand dunes around settlements in the Karakum Desert (CACILM),5_50M,MEDIUM,AGRICULTURALUSE,,IRRIGATION,OTHER,"Ground water table: Water table is located at a depth of 18-25m

Availability of surface water: Surface water remains on takyrs after rainfall. Rainfall takes place in the winter and spring. Runoff is absent in summer and autumn 

Water quality (untreated): In winter and spring, the surface rain water is used for drinking purposes of both people and animals. Wells with a salinity level of 4-8 g/l are used year round for watering the animals only. Water with a salinity higher than 8 g/l is used in winter or diluted with fresh water."
1531,TM,Growing Arundo reeds (Arundo donax L.) to create buffer zones around households (CACILM),5_50M,MEDIUM,GOOD,,IRRIGATION,OTHER,"Ground water table: The water table is located at a depth of 18-20 m 

Availability of surface water: Surface water remains on takyrs after rainfall. Rainfall takes place in the winter and spring seasons. Runoff is absent in summer and autumn

Water quality (untreated): The fresh surface rain water (in winter and spring) is used for drinking purposes (people and animals). The pipeline from the Karakum Canal supplies water for drinking and irrigation"
1532,TM,Planting forest  on mountain slopes using moisture accumulating trenches (CACILM),50M_PLUS,EXCESS,GOOD,,RAINFED,OTHER,"Ground water table: The water table is located at a depth of 150-180 m

Availability of surface water: Mudflows mainly happen in spring and autumn

Water quality (untreated): The water in springs and wells is of a high quality"
1533,UZ,Afforestation for rehabilitation of degraded irrigated croplands (CACILM),ONSURFACE,EXCESS,AGRICULTURALUSE,,IRRIGATION,,"Ground water table: 50-80 cm from the surface

Availability of surface water: In March, after leaching of the soil from salinity and during the summer during the irrigation period

Water quality (untreated): Mineralization is 3-4 g/liter 

"
1534,PT,Prescribed fire,50M_PLUS,POOR,GOOD,,RAINFED,OPEN_ACCESS,
1535,TR,Woven Wood Fences,5_50M,POOR,GOOD,,,INDIVIDUAL,
1536,TD,Water-spreading weirs for the development of degraded dry river valleys,5_50M,POOR,GOOD,,OTHER,,Availability of surface water: excess (during heavy rainfalls in the rainy season) or poor/ none (in the dry season)
1537,KE,Sand dams,5_50M,EXCESS,GOOD,,,COMMUNAL,"Availability of surface water: Sand dams only suit seasonal rivers

Water quality (untreated): Good drinking water because the sand filters the water. Water abstracted through an infiltration gallery has a high bacterialogical quality but water is often used for small scale irrigation and livestock watering."
1538,KG,Spring cleaning and creating a water point,50M_PLUS,MEDIUM,GOOD,,IRRIGATION,,
1539,TJ,Irrigation and grassing of the high semi-desert grassland,5_50M,GOOD,GOOD,,IRRIGATION,COMMUNAL,"Ground water table: Gunt river flows nearby 

Availability of surface water: Gunt river is nearby, but the fields are located above its level. Therefore, there was an irrigation canal built above the village."
1540,HT,Practiques biologiques et structures physiques,LESS_5M,POOR,POOR,,RAINFED,,"Profondeur estimée de l’eau dans le sol: Dans la partie basse

Qualité de l’eau (non traitée): Eau collectée à partir des toitures des maisons"
1541,TJ,Gully rehabilitation,5_50M,MEDIUM,GOOD,,RAINFED,,
1542,TJ,Выращивание  винограда в высокогорной  холодной каменисто-песчаной пустыне.,5_50M,,GOOD,,IRRIGATION,OPEN_ACCESS,"Доступность поверхностной влаги: хорошая, средняя"
1543,TJ,Gully Rehabilitation with Native Trees,50M_PLUS,POOR,GOOD,,,COMMUNAL,
1544,CN,Shrubbery buffer strip with bund,5_50M,GOOD,AGRICULTURALUSE,,RAINFED,COMMUNAL,
1545,TJ,Degraded communal pasture Obishur,50M_PLUS,POOR,UNUSABLE,,RAINFED,LEASED,
1546,ET,Large semi circular stone bunds,5_50M,POOR,AGRICULTURALUSE,,RAINFED,,
1547,ET,Check dam ponds,5_50M,GOOD,AGRICULTURALUSE,,MIXED,COMMUNAL,Availability of surface water is good (September - January). Also medium (February-June)
1548,TJ,Degraded communal pasture Chukurak,50M_PLUS,POOR,UNUSABLE,,RAINFED,COMMUNAL,Availability of surface water: Poor/none (in spring timemore water available)
1549,SY,Semi-circle bunds,,GOOD,,,RAINFED,,Availability of surface water: Also medium (ranked 2) 
1550,RW,Trenches combined with living hedges or grass lines,5_50M,POOR,POOR,,RAINFED,OPEN_ACCESS,
1551,RW,Lining geomembrane plastics for water harvesting and storage,5_50M,GOOD,AGRICULTURALUSE,,MIXED,OPEN_ACCESS|COMMUNAL,
1552,TJ,Current wheat crop in rotation with chickpea cultivation,,,AGRICULTURALUSE,,RAINFED,COMMUNAL,
1553,RW,Radical Terraces,50M_PLUS,POOR,POOR,,RAINFED,OPEN_ACCESS|COMMUNAL,Water quality (untreated): Good drinking water available but very far to fetch.
1554,TJ,Silvo-pastoralism: Orchard with integrated grazing and fodder production,LESS_5M,POOR,GOOD,,RAINFED,COMMUNAL|INDIVIDUAL,
1555,TJ,Pasture management of a communal grazing land,5_50M,MEDIUM,POOR,,RAINFED,COMMUNAL,Water quality (untreated) is also for agricultural use only (irrigation)
1556,CN,Closed Pipe-conduit,5_50M,EXCESS,AGRICULTURALUSE,,RAINFED,COMMUNAL,
1557,BI,Foyers améliorés,5_50M,MEDIUM,POOR,,,OPEN_ACCESS,"Profondeur estimée de l’eau dans le sol: On observe quelques sources d'eau sur le flanc des collines. 

Disponibilité de l’eau de surface: Variale suivant l'intensité des précipitations.

Qualité de l’eau (non traitée): Pollution par la sédimentation"
1558,KE,Productive use of the riparian area using Napier grass and protection of the riverbank with indigenous trees at Kapingazi River,LESS_5M,GOOD,POOR,,RAINFED,INDIVIDUAL,
1559,KE,Tree row and grass strip to sustain filtering and productive function of the riparian zone,LESS_5M,GOOD,GOOD,,,INDIVIDUAL,Availability of surface water: Also excess and poor/none
1560,YE,Bench terraces covered with small stones,,POOR,POOR,,RAINFED,COMMUNAL,
1561,UG,Trenches,,,,,RAINFED,INDIVIDUAL,
1562,YE,Diversion construction with gates and distribution channels,50M_PLUS,POOR,POOR,,RAINFED,COMMUNAL,Ground water table: 400 m
1563,HN,Barreras vivas de Saccharum s. und Pennisetum m.,,,,,RAINFED,,
1564,HN,Acequias de infiltración,,,,,RAINFED,,
1565,NI,Terrazas individuales,,,,,MIXED,,
1566,SN,Agroforestry community garden,,POOR,POOR,,RAINFED,COMMUNAL,"Water quality (untreated): Poor drinking water (treatement required, groundwater accessed through borehole, mainly used in dry season, ranked 1) and for agricultural use only (irrigation, temporary ponds used during rainy season, ranked 2)
"
1567,KE,Riparian forest to improve riverbank stabilization,LESS_5M,GOOD,AGRICULTURALUSE,,RAINFED,COMMUNAL,"Availability of surface water: Sometimes floods, during rains"
1568,TN,Area closure and reforestation with Acacia,5_50M,POOR,AGRICULTURALUSE,,RAINFED,COMMUNAL,
1569,KE,Natural riparian vegetation to sustain a stable riverbank at Naro Moru River,LESS_5M,GOOD,POOR,,,OPEN_ACCESS|COMMUNAL,"Ground water table: Just along the river, deeper ground water level 50-100m"
1570,KE,Keeping natural riparian vegetation and stabilizing riparian with gabions at Naro Moru River,LESS_5M,GOOD,POOR,,,OPEN_ACCESS|COMMUNAL,"Availability of surface water: Just along the river, deeper ground water level 50-100m"
1571,CV,Dams,5_50M,MEDIUM,POOR,,RAINFED,COMMUNAL|INDIVIDUAL,"Ground water table: Also > 50 m
Availability of surface water: Medium (Sources in the period of rains, but also through galleries)
Water quality (untreated): Also good drinking water (ranked 2)"
1572,CV,Muret,5_50M,MEDIUM,,,RAINFED,COMMUNAL|INDIVIDUAL,"Ground water table: Also >50m (ranked 2) 
Availability of surface water: Medium (ranked 1,  Often through galleries, springs, wells and dams) and poor/none (ranked 2)"
1573,CV,Reforced terraces for stone walls,,,,,RAINFED,COMMUNAL,
1574,CV,Barreiras Vivas de Leucaena,5_50M,POOR,POOR,,,COMMUNAL|INDIVIDUAL,"Ground water table: 5-50m (Ranked 1, in rain months, it is more superficial than in the dry months) and <50m (ranked 2)
Availability of surface water: Poor/none (It existe just when it's raining)
Water quality (untreated): poor drinking water (treatment required, salinization of water due to over exploitation of wells and boreholes, ranked 1) and good drinking water (ranked 2)"
1575,PH,Resoiling (Pit with manure),,,,,,,
1576,CN,Biogas Digester for Biomass Energy,,,,,,,
1577,UG,Afforestation /Tree planting,50M_PLUS,POOR,POOR,,RAINFED,,"Ground water table: >50m (It is very hard to reach ground water table)
Availability of surface water: Poor/none (while the rainfall is good, permanent wells are scarce. Runoff dams behind natural rock formations or concrete walls on a rock base, but quickly drys up after the rainy season) 
Water quality (untreated): Poor drinking water (treatement required, while it looks a muddy brown, it has been used for drinking and other domestic purposes without observable harm to the users)"
1578,YE,Building Walls's stones to protect lands and building outlet to drain excess water,50M_PLUS,POOR,POOR,,RAINFED,COMMUNAL|OTHER,Ground water table: 400 m
1579,ES,Selective clearing and planting experiment to promote shrubland fire resilience,5_50M,POOR,GOOD,,,OTHER,
1580,KE,Trees in the riparian area as a protective and aesthetic advantage at Naro Moru River,LESS_5M,GOOD,GOOD,,,COMMUNAL,"Ground water table: <5 mjust along the river, deeper ground water level 50-100m

Water quality (untreated): From a water project"
1581,KE,Stonelines,50M_PLUS,POOR,GOOD,,RAINFED,,"Availability of surface water: The rivers are seasonal, water availability is from river beds if not during the rainy seasons"
1582,DE,Water retention polders without agriculture to improve water  management,LESS_5M,GOOD,AGRICULTURALUSE,,,,
1583,DE,Water retention polders to improve  water management,LESS_5M,GOOD,AGRICULTURALUSE,,,,
1584,ES,Afforestation with Pinus Halepensis after the fire of 1979 (La Molinera),5_50M,POOR,GOOD,,,OTHER,
1585,TJ,Pasture management through rotational grazing,5_50M,POOR,POOR,,RAINFED,COMMUNAL,"Water quality (untreated):  For livestock, surface water in spring (because of snow melting and rainfall), in summer ground water at one water point"
1586,ES,Selective forest clearing to prevent large forest fires,50M_PLUS,POOR,GOOD,,,OTHER,
1587,UG,Planting pits for soil fertilisation and moisture improvement,50M_PLUS,POOR,POOR,,RAINFED,OPEN_ACCESS|INDIVIDUAL,"Ground water table: >50 m (Boreholes have been sank before to great lengths but have invariably dried up) 
Availability of surface water: Poor/none (Available only as trapped runoff behind rocky formations, but soon dries up) 
Water quality (untreated): Poor drinking water (treatment required, runoff)"
1588,UG,Improved fodder production on degraded pastureland,5_50M,MEDIUM,POOR,,RAINFED,OPEN_ACCESS,
1589,UG,Stone lines,50M_PLUS,MEDIUM,POOR,,,OPEN_ACCESS,
1590,NP,Unexpected flood risk control in village,ONSURFACE,EXCESS,UNUSABLE,,,,"Ground water table: Infiltration is very low. Water only flow on surface. 

Availability of surface water: During rainy season excess water flow through the steam.

Water quality (untreated): Some portion water is used in agriculture"
1592,ES,Cleared strip network for fire prevention (firebreaks),5_50M,POOR,GOOD,,,OTHER,
1595,UG,Rubagano rooftop rainwater harvesting system (with concrete/brick tank),50M_PLUS,POOR,POOR,,RAINFED,OPEN_ACCESS,
1597,ET,Gully erosion management,5_50M,MEDIUM,POOR,,RAINFED,OPEN_ACCESS|COMMUNAL,
1598,ET,Area closure on degraded lands,50M_PLUS,MEDIUM,POOR,,RAINFED,OPEN_ACCESS|COMMUNAL,
1599,NP,Pipe Irrigation,ONSURFACE,EXCESS,GOOD,,,OPEN_ACCESS|COMMUNAL,"Ground water table: On surface (ranked 1,  Groundwater use not much evident) and <5m (ranked 2)
Availability of surface water: Excess (ranked 1, Floods occurs in case of heavy seasonal rainfall; supply of water is good and sufficient) and good (ranked 2) 
Water quality (untreated): Good drinking water (perennial surface water distributed through pipelines)"
1600,GR,Grazing land afforestation with Ceratonia siliqua (carob trees) in the Mediterranean,50M_PLUS,MEDIUM,GOOD,,MIXED,COMMUNAL,
1601,ET,Vegetated graded soil bund,5_50M,MEDIUM,POOR,,IRRIGATION,OPEN_ACCESS|COMMUNAL,
1602,AF,Passive Solar House (PSH),5_50M,POOR,GOOD,,,INDIVIDUAL,
1603,AF,Micro irrigation in poplar plantation,5_50M,GOOD,AGRICULTURALUSE,,,COMMUNAL,
1606,IT,Unvegetated strips to reduce fire expansion,5_50M,MEDIUM,GOOD,,,,Availability of surface water is medium (minimum during month of September and October)
1607,TZ,Area enclosures for protection of riverine ecosystem and regeneration of cut and carry materials.,ONSURFACE,MEDIUM,POOR,,RAINFED,OPEN_ACCESS,"Ground water table: On surface (ranked 1, along the flowing river Ngono) and <5m (ranked 2,  the area is within the riverine ecosystem)
Availability of surface water: Medium (The main water source is Kagera river with water flows all year round)
Water quality (untreated): Poor drinking water (treatment required, Kagera river receives partly receives water drained from the upper kibanja, Kikamba and other distant places. Kagera river water therefore is contaminated can not be consumed untreated)"
1608,IT,Metallic fences to prevent damages to pastures from wild  boars,5_50M,MEDIUM,GOOD,,,,Availability of surface water is medium (minimum during month of September and October)
1610,IT,SELECTIVE CUTTING,5_50M,MEDIUM,GOOD,,,,Availability of surface water: Medium (minimum during month of September and October)
1612,TZ,Range enclosures,50M_PLUS,GOOD,GOOD,,RAINFED,OPEN_ACCESS,"Availability of surface water: Good (the range borders lake Kagenyi) 
Water quality (untreated): Good drinking water (available gravity tape water from .....sources)"
1613,NE,Nardi/Vallerani trenches,5_50M,MEDIUM,AGRICULTURALUSE,,MIXED,OPEN_ACCESS|COMMUNAL,
1614,NE,Semi-circular bunds (for crops and forest/rangeland),5_50M,MEDIUM,AGRICULTURALUSE,,MIXED,OPEN_ACCESS|COMMUNAL,
1615,SN,Firebreaks,5_50M,MEDIUM,,,,COMMUNAL,"Ground water table: 5-50m ( > 10 m)
Availability of surface water: Medium (surface runoff generated by limited but intense rainfalls)"
1616,NE,Contour stone bunds,5_50M,MEDIUM,AGRICULTURALUSE,,RAINFED,,"Ground water table: > 10 m 

Availability of surface water: Surface runoff generated by limited but intense rainfalls"
1617,BF,Permeable rock dams,5_50M,MEDIUM,,,,COMMUNAL,
1618,ES,Multi-specific plantation of semiarid woody species on slopes,50M_PLUS,POOR,AGRICULTURALUSE,,,,"Water quality (untreated): For agricultural use only (irrigation)(groundwater) 

"
1619,BF,Permeable rock dikes,5_50M,MEDIUM,,,,COMMUNAL,
1620,NE,Sand dune stabilisation,5_50M,MEDIUM,,,,COMMUNAL,"Profondeur estimée de l’eau dans le sol: 5-50m (> 10 m) 
Disponibilité de l’eau de surface: Moyen (écoulement de surface généré par des pluies limitées mais intenses)"
1621,NE,Grass strips,5_50M,MEDIUM,AGRICULTURALUSE,,RAINFED,OPEN_ACCESS,
1622,ML,Water-spreading weirs,5_50M,MEDIUM,,,MIXED,COMMUNAL,
1623,ML,Small-scale dams,5_50M,MEDIUM,,,MIXED,COMMUNAL,
1624,ML,Village irrigation schemes,5_50M,MEDIUM,,,MIXED,COMMUNAL,"Groundwater table: > 10 m 
Availability of surface water: surface runoff generated by limited but intense rainfalls"
1625,NE,Hand-dug trenches,5_50M,MEDIUM,AGRICULTURALUSE,,RAINFED,,"Ground water table: > 10m

Availability of surface water: Surface runoff generated by limited but intense rainfalls"
1626,NE,Assisted natural regeneration,5_50M,MEDIUM,AGRICULTURALUSE,,RAINFED,,"Ground water table: > 10 m

Availability of surface water: Surface runoff generated by limited but intense rainfalls"
1627,KH,Use of household ponds for garden irrigation and fish production.,LESS_5M,POOR,POOR,,MIXED,OPEN_ACCESS,"Ground water table: during dry season
Availability of surface water: during dry season"
1628,KH,Home gardens for consumption and cash crop production,LESS_5M,POOR,POOR,,MIXED,OPEN_ACCESS,"Ground water table: during dry season
Availability of surface water: during dry season
Water quality: People use it for drinking after filtering or boiling."
1629,KH,Multipurpose use of sugar palm grown on rice field dykes.,LESS_5M,POOR,POOR,,RAINFED,OPEN_ACCESS,"Ground water table: during dry season
Availability of surface water: during dry season
Drinking water: People use it for drinking after filtering or boiling."
1630,ML,Village irrigation schemes developed using the PMN/IPRODI approach,5_50M,MEDIUM,AGRICULTURALUSE,,MIXED,,
1631,ML,Earth embankment dams,5_50M,MEDIUM,AGRICULTURALUSE,,MIXED,,
1632,ML,Masonry micro-dams,5_50M,MEDIUM,AGRICULTURALUSE,,MIXED,,
1633,ML,Dams with water-spreading weirs,5_50M,MEDIUM,AGRICULTURALUSE,,MIXED,,
1634,ML,Cyclopean concrete micro-dams,5_50M,MEDIUM,AGRICULTURALUSE,,MIXED,,
1635,ML,Deepening the channels supplying water to lakes and ponds,5_50M,MEDIUM,AGRICULTURALUSE,,MIXED,,
1636,ML,Introducing tomato varieties using succession planting,5_50M,MEDIUM,AGRICULTURALUSE,,MIXED,,
1637,ML,Promoting bourgou growing,5_50M,MEDIUM,AGRICULTURALUSE,,MIXED,,
1638,ML,Combining agroforestry and gardening to rehabilitate barren lands: the case of the Benkadi cooperative of Syn village,5_50M,MEDIUM,AGRICULTURALUSE,,MIXED,,
1639,ML,Irrigation using a Californian network,5_50M,MEDIUM,AGRICULTURALUSE,,MIXED,,
1640,ML,Ventilated storehouses for highly perishable produce,5_50M,MEDIUM,AGRICULTURALUSE,,MIXED,,Availability of surface water: Also poor/ none
1641,ML,Using gas dryers (Atesta-Sikasso) to process animal and vegetable products,5_50M,MEDIUM,AGRICULTURALUSE,,MIXED,,Availability of surface water: Also poor/ none
1642,KH,Growing stylo grass (Stylosanthes guianensis) as cattle fodder between and under mango trees.,LESS_5M,POOR,POOR,,RAINFED,OPEN_ACCESS,availability of surface water poor durin dry seasons
1643,KH,Cashew living fences,ONSURFACE,GOOD,POOR,,MIXED,OPEN_ACCESS,During wet seasons
1644,KH,Irrigation of paddy fields using water-pumping wheels (Norias),ONSURFACE,GOOD,POOR,,MIXED,OPEN_ACCESS,during dry seasons
1645,KH,Biogas system at household level fed daily with cattle manure,LESS_5M,POOR,POOR,,,OPEN_ACCESS,Ground water tabel and availability of surface water data during dry seasons.  People use water for drinking after filtering or boiling.
1646,IT,Vegetated buffer strips,LESS_5M,GOOD,GOOD,,MIXED,,"Ground water table: <5m a.s.l. (The area surrounding the Venice lagoon (1240 km2) is even below the sea level (down to -2 m) and currently cultivated due to land reclamation. As a result water table is kept artificially low)
Water quality (untreted): Good drinking water (groundwater) and for agricultural use only (surface water can be used for agricultural purposes but not as drinking water)"
1647,IT,Wetland system,ONSURFACE,GOOD,AGRICULTURALUSE,,MIXED,,Water quality (untreated): For agricultural use only (surface water) and good drinking water (groundwater)
1648,ML,Fish farming as a way of adding value to dam schemes,5_50M,MEDIUM,AGRICULTURALUSE,,MIXED,,Availability of surface water: Also poor/ none
1649,ES,Multi-specific plantation of semiarid woody species on terraces with stone walls in ravines and gullies,50M_PLUS,POOR,AGRICULTURALUSE,,,,Water quality (untreated): For agricultural use only (irrigation)(groundwater)
1650,KH,Stabilisation of irrigation channels in sandy soils with old rice bags and Pandanus plants,ONSURFACE,GOOD,POOR,,MIXED,OPEN_ACCESS,during wet seasons
1651,ML,Lining irrigation canals,5_50M,MEDIUM,AGRICULTURALUSE,,MIXED,,
1652,NE,Contour bunds for crops and forest/rangeland,5_50M,MEDIUM,AGRICULTURALUSE,,RAINFED,OPEN_ACCESS,
1653,ML,Integrated Production and Pest Management (IPPM),5_50M,MEDIUM,AGRICULTURALUSE,,MIXED,,Availability of surface water: Also poor/ none
1654,ML,System of rice intensification (SRI),5_50M,MEDIUM,AGRICULTURALUSE,,MIXED,COMMUNAL,
1655,NP,Ground Water Recharge in Nyhakha Chuke Tole for domestic use.,5_50M,MEDIUM,GOOD,,RAINFED,OPEN_ACCESS,
1656,NO,Grass buffer zones alongside waterways in cropland,LESS_5M,GOOD,AGRICULTURALUSE,BOTH,RAINFED,OPEN_ACCESS,
1657,CL,Sistema Ganado-Cultivo: Rotación de Pradera-Cultivo Mediante Mínima Labranza,5_50M,,GOOD,,RAINFED,INDIVIDUAL,
1658,GR,Rainwater harvesting for greenhouse irrigation,5_50M,MEDIUM,AGRICULTURALUSE,,IRRIGATION,COMMUNAL|INDIVIDUAL|OTHER,Water quality (treated): good drinking water
1659,AF,Kanda,50M_PLUS,POOR,AGRICULTURALUSE,,RAINFED,COMMUNAL,
1660,DE,Water retention polders with adapted  land use (North Sea region),LESS_5M,GOOD,AGRICULTURALUSE,,,,
1661,AF,Contour Tied Trench,,MEDIUM,POOR,,RAINFED,COMMUNAL,"Availability of surface water: During rainy seasons

Water quality (untreated): Not good but used for animal drinking water using traditional water harvesting structures"
1662,NL,Postpone grassland renewal,5_50M,MEDIUM,POOR,,RAINFED,,
1663,IT,Variable rate biosolids management,LESS_5M,GOOD,GOOD,,MIXED,COMMUNAL|LEASED,"Although water salinity is not spread throughout the Veneto region, some agricultuiral aras along the coasts show problems of salt intrusion that may compromise irrigation."
1664,SK,Wooden check dams,,GOOD,GOOD,,MIXED,LEASED,"Ground water table is unknown
Water quality (untreated) is good drinking water (ground water)"
1665,HN,Agroforestal Quesungual,,,,,RAINFED,,
1666,SK,Level ditches in cropland,,EXCESS,GOOD,,MIXED,COMMUNAL|INDIVIDUAL,Ground water table is unknown
1667,TJ,Rapid method of hay transportation from highlands haymaking place by using of hay carrying mechanism,5_50M,GOOD,GOOD,,MIXED,OPEN_ACCESS,
1668,CL,Cero Labranza,50M_PLUS,GOOD,AGRICULTURALUSE,,,,
1669,AR,Recuperación de las organizaciones de base como estrategia para la gestión de los recursos suelos y aguas y el desarrollo rural comunitario,50M_PLUS,MEDIUM,GOOD,,RAINFED,OPEN_ACCESS,Calidad de agua:  Buena calidad para consumo humano y agropecuario.
1670,CH,Slope division for erosion control,5_50M,GOOD,GOOD,,MIXED,COMMUNAL|OTHER,
1671,AR,"Recuperación de prácticas tradicionales de producción, como estrategia productiva con resiliencia en Humahuaca",50M_PLUS,MEDIUM,GOOD,,IRRIGATION,OPEN_ACCESS,
1672,IS,Planting birch trees to establish local seed banks,LESS_5M,POOR,GOOD,GROUND,RAINFED,OPEN_ACCESS,
1674,RU,Создание плодового сада на территории университетского кампуса,LESS_5M,POOR,GOOD,,,OPEN_ACCESS,
1675,SK,"Water retention basin, a flood-control reservoir",,,GOOD,,MIXED,,
1676,KE,Nine Maize Pits,5_50M,MEDIUM,POOR,,RAINFED,INDIVIDUAL,
1677,MG,Sustainable propagation of the  fodder tree Euphorbia stenoclada  (“samata”),5_50M,POOR,POOR,,RAINFED,OPEN_ACCESS,
1678,DE,Mobile cultivation beds,5_50M,GOOD,AGRICULTURALUSE,,,,Seasonality of water quality and source of pollution: for agricultural use only (rainwater)
1679,ES,Prescribed fire,5_50M,POOR,AGRICULTURALUSE,,,,
1680,CH,Hangunterteilung durch Ackersaum,5_50M,GOOD,GOOD,,MIXED,OTHER,
1681,ES,Contour-felled log barriers,5_50M,MEDIUM,AGRICULTURALUSE,,,,
1682,NP,Biodynamic composting,LESS_5M,GOOD,AGRICULTURALUSE,,,COMMUNAL,Water quality (untreated): Also good drinking water
1683,NP,Contour Bunding,50M_PLUS,POOR,,,RAINFED,OPEN_ACCESS,
1684,NP,Sustainable land management using controlled gullying,5_50M,EXCESS,POOR,,MIXED,OPEN_ACCESS,"Water quality (untreated): Also for agricultural use only (irrigation)

Availability of surface water: During Monsoon"
1685,NP,Hedgerow technology,50M_PLUS,POOR,UNUSABLE,,RAINFED,,
1686,NP,Kiwi fruit cultivation,LESS_5M,GOOD,GOOD,,,COMMUNAL|INDIVIDUAL,Water quality (untreated): Also for agricultural use (irrigation)
1687,NP,Plastic film technology,LESS_5M,GOOD,,,,INDIVIDUAL,Water quality (untreated): Also for agricultural use (irrigation)
1688,NP,A low-cost polyhouse for tomato production in the rainy season,,,,,,COMMUNAL,
1689,CL,Microtranque para la recolección de agua lluvia,5_50M,POOR,AGRICULTURALUSE,,MIXED,INDIVIDUAL,
1690,NP,Treadle Pump,5_50M,POOR,AGRICULTURALUSE,,RAINFED,COMMUNAL,
1691,NP,Riverbed farming,5_50M,POOR,GOOD,,,,Ground water table: 30-50 m
1692,NP,Riverbank Protection,5_50M,POOR,AGRICULTURALUSE,,,COMMUNAL,
1693,NP,Using Salix plant to protect stream banks,50M_PLUS,GOOD,AGRICULTURALUSE,,,COMMUNAL,
1694,NP,Tomato Grafting,50M_PLUS,POOR,GOOD,,RAINFED,COMMUNAL,
1695,NP,Vermicomposting,LESS_5M,GOOD,GOOD,,,OTHER,Water quality (untreated): Also for agricultural use (irrigation)
1697,DE,Adapted management of organic soils,ONSURFACE,EXCESS,AGRICULTURALUSE,,,INDIVIDUAL,Seasonal fluctuations (surface water):  Wet conditions throughout the year.
1698,DE,High-quality inner urban development,,,,,,,
1699,DE,Grassland preservation,LESS_5M,GOOD,AGRICULTURALUSE,,,,
1700,PH,Rockwall Terracing,50M_PLUS,POOR,GOOD,,RAINFED,INDIVIDUAL,"Seasonality of water quality and source of pollution (good drinking water, year round, spring water )"
1701,PH,Seed Production of Multipurpose Shrubs/Legumes,LESS_5M,GOOD,GOOD,,RAINFED,OPEN_ACCESS,
1702,CY,Agricultural terraces with dry-stone walls,50M_PLUS,MEDIUM,GOOD,,RAINFED,,
1703,CY,Carob tree protection from rats,5_50M,POOR,AGRICULTURALUSE,,MIXED,,"Ground water table is 5-50m (if a field is near a river) and >50m if a field is far from rivers
Availability of surface water is poor/none (When it rains it does not last long enough in order to cause floods) 
Water quality (untreated) is for agriculutral use only ( ground water analysis showed that in some cases the water is contaminated with boron)"
1704,NL,Submerged drains,LESS_5M,GOOD,AGRICULTURALUSE,,RAINFED,LEASED,"Ground water table: <5m (Average lowest grondwater level in the pilot region is 5-10 cm below the soil surface; average highest level 55-65 cm)
Availability of surface water is good (surface water is amply available due to the low position of the peat soil area compared to the mean sea level, and due to the dense network of ditches and other surface water conveyors and bodies) and excess (surface water levels are under continuous control by the water boards. Therefore flood situations do not occur, but under high-intensity rainfall events fields may submerge) 
Water quality (untreated) is for agriculutral use only (Irrigation,  surface and groundwater can be used for agriculture without treatment. Nutrient rich water emerging by capillary rise in polders may not be suitable for nature.)
Biodiversity is medium (the grasslands in the western peatsoil area are suitable habtitats for meadow birds)"
1705,PH,Firebreaks/ Greenbreaks,LESS_5M,MEDIUM,,,,,
1706,RO,Cropping perennial grasses (Miscanthus sinensis gigantheus) on soils contaminated with heavy metals,LESS_5M,GOOD,POOR,,RAINFED,,
1707,MA,Jardins en agroforesterie irrigués par des seguia,ONSURFACE,MEDIUM,GOOD,,IRRIGATION,COMMUNAL,"une partie des jardins a été arrachée par une innondation, du au déboisement du bassin versant."
1708,PH,Littuko Growing for Forest Enhancement,ONSURFACE,GOOD,GOOD,,,COMMUNAL,
1709,PH,Trees as Buffer Zones,5_50M,MEDIUM,GOOD,,,,
1710,BR,The “Green Liver System”: eco-friendly water purification,LESS_5M,POOR,POOR,,MIXED,OTHER,
1711,ES,Reduced tillage of almonds and olives,5_50M,POOR,AGRICULTURALUSE,,,INDIVIDUAL,
1712,PH,Sediment Traps,5_50M,MEDIUM,GOOD,,,,
1713,PT,Post-fire salvage logging; post-fire traditional logging,5_50M,GOOD,GOOD,,,COMMUNAL,Availability of surface water is good - medium (very dry summer)
1714,DE,Drainage of coastal areas in north- western Germany,LESS_5M,GOOD,AGRICULTURALUSE,,MIXED,,
1715,AF,Staggered Contour Trench,50M_PLUS,POOR,AGRICULTURALUSE,,,OPEN_ACCESS,
1716,PL,Ex-post and ex-ante soil sealing maps,LESS_5M,GOOD,,,,,
1717,CN,Integrating native trees in rubber monocultures,,GOOD,POOR,,MIXED,,
1718,AF,Community bakery,5_50M,GOOD,GOOD,,,COMMUNAL,"When the water is fetched from wells or natural springs the water is good drinking water, otherwise it is poor drinking water (surface water, must be treated before consumption)"
1719,NI,Check dams from stem cuttings,,,,,RAINFED,,
1720,PH,Ecological engineering for biological  pest control in lowland rice agroecosystems,LESS_5M,GOOD,AGRICULTURALUSE,,IRRIGATION,COMMUNAL,
1721,CN,"Apocynum planting to protect and  profit from saline soils in the  Tarim River Basin, north-west China",5_50M,GOOD,POOR,,MIXED,COMMUNAL|LEASED,"Ground water table also < 5 m: Apocynum is a phreatophyte. The most productive sites of Apocynum venetum are found on a groundwater not deeper than 3 m with salt contets between 1g/l and 10g/l.

Ground water table 5-50 m: Apocynum pictum is mainly found on groundwater levels of 4-6m below surface with a maximum groundwater depth of 8 m. Apocynum is restricted to groundwater levels not deeper than 4 m below surface."
1722,AF,Keyhole  Garden,5_50M,MEDIUM,GOOD,,,COMMUNAL,
1723,AF,Stone wall,5_50M,POOR,,,MIXED,OPEN_ACCESS,
1724,AF,Contour Trench Bund,5_50M,POOR,GOOD,,MIXED,OPEN_ACCESS,
1725,PH,Alternate Wetting and Drying,,GOOD,GOOD,,OTHER,COMMUNAL,
1727,GB,Soil pH management,LESS_5M,POOR,AGRICULTURALUSE,,RAINFED,,
1728,AF,Roof rain water harvesting,50M_PLUS,POOR,POOR,,RAINFED,COMMUNAL,
1729,PH,Pressing of Cogon Grass (Imperata cylindrica),,MEDIUM,,,,,
1730,BI,Stabilisation des berges des rivières par le bambou,LESS_5M,EXCESS,AGRICULTURALUSE,,RAINFED,INDIVIDUAL,"Profondeur estimée de l’eau dans le sol: Pas de cas de stagnation de l'eau

Disponibilité de l’eau de surface: Les moisde de février, mars et avril connaissent beaucoup d'inondations mais l'eau s'infiltre rapidement

Qualité de l’eau (non traitée): L'eau a une couleur brune à cause de l'érosion"
1731,AF,Irrigation of uplands through Hydraulic Flange Pump,5_50M,MEDIUM,GOOD,,RAINFED,COMMUNAL,
1732,AF,Terracing in Watershed,5_50M,POOR,AGRICULTURALUSE,,RAINFED,COMMUNAL,
1733,MA,Reboisement,ONSURFACE,MEDIUM,AGRICULTURALUSE,,IRRIGATION,OPEN_ACCESS,
1734,MA,Seuils en gabion,5_50M,POOR,POOR,,RAINFED,,Profondeur estimée de l’eau dans le sol: 5-50m (Débit de la fourchette d’Eau de 8 à 12 m de profondeur)
1735,KE,Trashlines,5_50M,MEDIUM,POOR,,RAINFED,OPEN_ACCESS,
1736,KE,Woodlot,5_50M,GOOD,GOOD,,RAINFED,INDIVIDUAL,
1737,FR,Restauration d'un bocage à l'aide de parcs éléctriques à brebis.,LESS_5M,GOOD,POOR,,RAINFED,,"Qualité de l'eau (non traitée): Aussi eau potable de la source. Faiblement est eaux de surface

Disponibilité de l’eau de surface: Aussi excés. Précipitations distribuées sur toute l'année, sol presque trop humide pour des brebis."
1738,KE,Boundary Trees-Windbreakers,50M_PLUS,MEDIUM,POOR,,MIXED,,
1740,KE,Boundary Hedgerows,5_50M,GOOD,GOOD,,MIXED,INDIVIDUAL,
1741,KE,Rotational grazing,5_50M,MEDIUM,POOR,,MIXED,,
1742,IR,Almond and Apple sapling plantation,ONSURFACE,EXCESS,GOOD,,RAINFED,COMMUNAL,Ground water table: Near ground
1743,AR,Ferias comunitarias campesinas como alternativa de comercialización para la mejora en la rentabilidad y mantenimiento de la actividad productiva tradicional.,50M_PLUS,MEDIUM,AGRICULTURALUSE,,IRRIGATION,OPEN_ACCESS,"Water quality (untreated): good drinking water, for agricultural use only (irrigation)"
1744,HN,Uso de llantas en la agricultura urbana,5_50M,POOR,GOOD,,RAINFED,,
1747,TJ,Превращение низкопродуктивных песчано-каменистых высокогорных пустынь  в орошаемый фруктовый сад с люцерной  в междурядьях.,,,,,,,
1748,SN,Digue anti-sel et de retenue des eaux de ruissellement,,,,,,,
1749,UG,Integrated runoff water management,,,,,,,
1750,NP,Improved compost preparation,,,,,,,
1751,NP,Urine application through drip irrigation for bitter gourd production,,,,,,,
1752,NP,Improved cattleshed for urine collection,,,,,,,
1753,NP,Legume integration,,,,,,,
1755,NP,Organic pest management,,,,,,,
1756,NP,"Improved farmyard manure through sunlight, rain and runoff protection",,,,,,,
1757,NP,Cultivation of fodder and grasses,,,,,,,
1759,NP,Better quality farmyard manure through improved decomposition,,,,,,,
1761,IS,Applying organic residues to denuded areas,LESS_5M,POOR,GOOD,GROUND,RAINFED,OPEN_ACCESS,
1762,IT,Vallerani Water Harvesting System,,,,,MIXED,,
1763,FR,"Jardin avec cinq parcelles en rotation avec céréales, poules, racines, cochons et milpa.",,,,,,,
1769,BD,Marshy land transformed into productive land,LESS_5M,GOOD,AGRICULTURALUSE,,RAINFED,OPEN_ACCESS,flooding normally occur in rainy season but it is not destructive for the technology
1770,UA,Создание экологически-сбалансированных агроландшафтов для повышения плодородия орошаемых почв и получения качественной сельскохозяйственной продукции.,,,,,MIXED,,
1815,MD,Environmentally-friendly rural practices,5_50M,MEDIUM,POOR,,RAINFED,COMMUNAL|INDIVIDUAL,
1816,MD,Environmentally-Friendly Community Practices,5_50M,MEDIUM,POOR,,MIXED,OPEN_ACCESS|INDIVIDUAL,
1817,MD,Integrated Land and Water Management,5_50M,MEDIUM,POOR,,MIXED,OPEN_ACCESS|INDIVIDUAL,
1819,MD,Rehabilitation of degraded land,5_50M,POOR,POOR,,RAINFED,COMMUNAL|INDIVIDUAL,
1832,HT,Terrasses Radicales,50M_PLUS,POOR,,,MIXED,INDIVIDUAL,"La géologie karstique de la zone explique l'absence d'eau de surface, qui s'infiltre rapidement dans l'épikarste et les dolines."
1879,NE,Traitement de Kori ou Aménagement de Kori,50M_PLUS,POOR,POOR,,OTHER,COMMUNAL|INDIVIDUAL,"l'eau est polluée par des déchets ménagers (plastiques de toute nature) et surtout des dépotoirs sauvages dans lesquels on retrouve les déchets du centre de santé (seringue, etc.) qui se trouve à proximité du kori."
1882,PE,Cocina Inkawasi Mejorada,LESS_5M,GOOD,AGRICULTURALUSE,,MIXED,COMMUNAL|INDIVIDUAL,"La ubicación del proyecto y la tecnología estan den una zona donde se encuentra nevados andinos, por ello hay buena disponibilidad de agua."
1890,KH,Intercropping of mung bean and banana in the uplands,5_50M,MEDIUM,AGRICULTURALUSE,,RAINFED,OTHER,
1914,PH,Sugar Mill Wastewater Re-use for Irrigation,,GOOD,GOOD,,MIXED,OPEN_ACCESS,
1930,PH,Highly Diversified Cropping in Live Trellis System,,GOOD,GOOD,,RAINFED,INDIVIDUAL,
1958,HT,Clayonnage pour la correction des ravines,50M_PLUS,POOR,POOR,,RAINFED,OPEN_ACCESS,
2005,BD,"Disability inclusive, flood resilient cluster village",50M_PLUS,MEDIUM,GOOD,,MIXED,INDIVIDUAL,
2010,ES,Organic amendment located in dripper point in organic citrus production,ONSURFACE,MEDIUM,AGRICULTURALUSE,,IRRIGATION,COMMUNAL,
2061,LA,Rice straw mulching in vegetable home gardens,ONSURFACE,GOOD,GOOD,,OTHER,OPEN_ACCESS|INDIVIDUAL,
2081,MR,Implementing the ecological monitoring of locally managed sylvo-pastoral resources – Vegetation cover index,50M_PLUS,,,,RAINFED,COMMUNAL,
2089,MR,Ouverture manuelle de pare-feux,50M_PLUS,POOR,GOOD,,RAINFED,COMMUNAL,
2092,KE,Il Ngwesi Group Ranch Grazing with Holistic Management Principles,50M_PLUS,MEDIUM,POOR,,RAINFED,OPEN_ACCESS,"Few springs, Ngare Ndare river, no boreholes. Source is Mount Kenya."
2098,KH,Intercropping of vegetables to control pests along the Mekong river bank,5_50M,GOOD,GOOD,,MIXED,OPEN_ACCESS,It is flooded all year because it's close to the river.
2099,KH,"Home Garden (Pomelo, Lemon, Supplementary Crops)",50M_PLUS,GOOD,GOOD,,MIXED,OPEN_ACCESS,The famer use water from the Mekong River for drinking and for irrigation.
2101,KH,Bitter gourd cultivation using recycled newspapers to protect fruits,50M_PLUS,GOOD,AGRICULTURALUSE,,MIXED,OPEN_ACCESS,When the lake is dried up he used water from river instead. Generally this area is flooded every year.
2136,KH,Automatic Pumping System (Ram Pump) Using Natural Stream Flow for Domestic and Agricultural Purposes,5_50M,GOOD,AGRICULTURALUSE,,MIXED,OPEN_ACCESS,
2137,KH,Using slurry from biodigester for soil improvement,5_50M,GOOD,GOOD,,MIXED,INDIVIDUAL,Groundwater from well is used for irrigation and ensures supply for the whole year.
2140,UG,Fish ponds for fish production and improved household income,ONSURFACE,EXCESS,GOOD,,OTHER,OPEN_ACCESS|INDIVIDUAL,There is a lot of drought occurring due to deforestation
2143,UG,Modern Intensive Livestock Management.,5_50M,MEDIUM,GOOD,,RAINFED,INDIVIDUAL,Water is pumped from underground for domestic use and for the animals.
2144,UG,Poultry Waste For Soil Fertility Improvement And Increased Production,ONSURFACE,MEDIUM,GOOD,,RAINFED,COMMUNAL|INDIVIDUAL,
2147,UG,Rotational grazing of goats for pasture conservation and improvement.,5_50M,GOOD,GOOD,,RAINFED,COMMUNAL,suitable for human consuptions and animals .
2148,UG,Multi-Canopy Agroforestry,5_50M,MEDIUM,AGRICULTURALUSE,,RAINFED,COMMUNAL,
2149,UG,Firelines For Tree Protection,5_50M,GOOD,POOR,,RAINFED,,
2165,MA,Banquettes en terre irriguées combinées à l’agroforesterie,5_50M,MEDIUM,GOOD,,MIXED,OPEN_ACCESS|COMMUNAL,
2167,MA,Taille de frêne dimorphe (Fraxinus dimorpha) en têtard pour l'utilisation comme fourrage.,5_50M,POOR,POOR,,RAINFED,COMMUNAL,
2203,NA,Bush Thinning and Biomass Processing by Manual or Mechanised Means,5_50M,POOR,GOOD,,RAINFED,INDIVIDUAL,
2236,KH,Crop rotation between mango trees in combination with drip irrigation,5_50M,GOOD,AGRICULTURALUSE,,MIXED,INDIVIDUAL,Receive water from the nearby natural stream.
2237,LA,Wild cardamom plantation for sustainable forest management,50M_PLUS,MEDIUM,POOR,,RAINFED,OTHER,
2247,CA,Le verger permaculturel de miracle farms,5_50M,GOOD,POOR,,MIXED,COMMUNAL,
2251,LA,Cultivation of Bamboo to Prevent Soil Erosion,LESS_5M,GOOD,AGRICULTURALUSE,,OTHER,OPEN_ACCESS,
2254,UG,Animal manure use in a citrus orchard,LESS_5M,EXCESS,GOOD,,MIXED,COMMUNAL,sometimes it rains and the stream fills up causing flooding but this doesn't happen every season
2255,KH,Intercropping of eggplants between mango trees using rice straw mulching to reduce evaporation,5_50M,GOOD,GOOD,,MIXED,INDIVIDUAL,"Groundwater in this area contains some minerals, so the farmer store it in a pond before irrigating  the crops. Rainwater and tap water from other areas is the source of drinking water."
2257,UG,Integrated  Apiculture and Forestry,5_50M,EXCESS,GOOD,,RAINFED,COMMUNAL,
2263,KH,Improved orchard with an integrated farming system,5_50M,GOOD,AGRICULTURALUSE,,MIXED,OPEN_ACCESS,It was not inundated over the last 3 years. The farmer uses four ponds for watering. 
2274,UG,Trenches for soil and water conservation under banana.,5_50M,POOR,POOR,,RAINFED,OPEN_ACCESS,
2279,LA,Logs to reduce surface run-off during the rainy season,5_50M,MEDIUM,GOOD,,RAINFED,OPEN_ACCESS,
2284,LA,Making compost to improve soil fertility in vegetable home gardens,5_50M,MEDIUM,AGRICULTURALUSE,,IRRIGATION,INDIVIDUAL,
2288,KE,Grass reseeding,5_50M,MEDIUM,POOR,,RAINFED,COMMUNAL|INDIVIDUAL,Seasonal flactuation depending on rainfall
2298,LA,Dry season rice on flat areas of stream banks,ONSURFACE,GOOD,AGRICULTURALUSE,,RAINFED,OPEN_ACCESS,
2304,UG,Under ground water abstraction for livestock production,5_50M,MEDIUM,GOOD,,MIXED,INDIVIDUAL,
2306,LA,Local indigenous dyke for water harvesting,LESS_5M,MEDIUM,AGRICULTURALUSE,,IRRIGATION,OPEN_ACCESS,
2307,LA,Plantation of Yangbong (Persea kurzii) Trees on Slopes,5_50M,GOOD,UNUSABLE,,RAINFED,OPEN_ACCESS,
2315,KH,Agroforestry-intercropping of peanut  between cashew nut trees in upland areas,LESS_5M,POOR,AGRICULTURALUSE,,RAINFED,OPEN_ACCESS|OTHER,Rely entirely on rainfall.
2317,UG,Intercropping Bananas and Pineapple for Optimal Land Utilisation,LESS_5M,GOOD,GOOD,,MIXED,COMMUNAL,
2319,UG,MANGO AND CITRUS TRESS GROWN AS CASHCROPS AND FOR SOIL FERTILITY IMPROVEMENT,5_50M,MEDIUM,GOOD,,RAINFED,COMMUNAL,Very low water table
2321,UG,Reclamation of indigenous pastures for dairy farming,5_50M,GOOD,GOOD,,RAINFED,COMMUNAL,water is safe for animal consumption.
2323,NE,Firebreaks,50M_PLUS,MEDIUM,POOR,,MIXED,OPEN_ACCESS|COMMUNAL,"The populations generally use water from the ponds and from the wells of the pastoralists. Despite the low quality of the water in the ponds, the pastoralist populations (transhumants and nomads) use the water for their daily consumption. This is because there is only a small number of wells in this region, where the groundwater is at more than 100 m depth. A water divide separates the department in two parts: in the west, the groundwater depth is more than 300 metres, which requires the construction of pumping stations, and in the east the groundwater is found at smaller depths (less than 300 m). But in the valleys and depressions, water can be found at smaller depths (lower than 100 m). In the areas with horticulture, dromedaries are generally used as traction animals to pump up the water. At some wells donkeys are used."
2325,NE,"Assisted Natural Regeneration on agro-pastoral, sylvo-pastoral and pastoral land",50M_PLUS,POOR,POOR,,MIXED,COMMUNAL|INDIVIDUAL,"The depth of groundwater tables in the pastoral zone is well over 100 m and may frequently reach 500 m or more in the western part (Tchintabaraden).  Surface water consists of temporary ponds. In the agro-pastoral zones in the south, groundwater is at more than 100 m depth. In the valleys and plains, groundwater is often found at less than 5 m depth. This zone is characterized by several permanent and ephemeral water courses."
2327,UG,Modern Bee Hives based Apiculture,LESS_5M,MEDIUM,GOOD,,RAINFED,OPEN_ACCESS,The quality is good: land user uses bore hole water.
2688,LA,Coffee cultivation between big trees in sloping fallows,5_50M,MEDIUM,POOR,,RAINFED,OPEN_ACCESS,
2690,ES,Application of 'Preparation 500' in agricultural soils under a biodynamic management,5_50M,GOOD,AGRICULTURALUSE,,IRRIGATION,COMMUNAL,
2699,UG,CROP ROTATION OF CASSAVA AND SOY BEAN,5_50M,GOOD,POOR,,RAINFED,COMMUNAL,
2707,UG,"Cassava-Soybean Crop Rotation for Soil Fertility Improvement, Improved Production, Income and Food Security",5_50M,GOOD,GOOD,,RAINFED,COMMUNAL,
2708,UG,TEAK-BASED AFFORESTATION FOR INCOME GENERATION AND TIMBER PRODUCTION,5_50M,GOOD,GOOD,,RAINFED,COMMUNAL,The community uses borehole water which is suitable for consumption.
2757,UG,Mulching using  banana leaves,LESS_5M,GOOD,GOOD,,RAINFED,INDIVIDUAL,
2761,UG,Controlled livestock grazing  for soil fertility improvement,LESS_5M,MEDIUM,GOOD,,RAINFED,COMMUNAL,The bore hole is seasonal - shortage of water during the dry season.
2769,UG,Farmer-Managed Natural Regeneration (FMNR),5_50M,MEDIUM,POOR,,RAINFED,INDIVIDUAL,
2778,UG,Grevillea Robusta (Silk Oak) Boundary Lines on a Pineapple Cropland,5_50M,MEDIUM,GOOD,,RAINFED,OPEN_ACCESS,
2784,UG,Small ruminant management for manure production (goats),5_50M,GOOD,GOOD,,RAINFED,COMMUNAL,
2785,SI,Integrated soil fertility management with biochar and zeolite,5_50M,GOOD,GOOD,,RAINFED,INDIVIDUAL,
2787,UG,Fruit Tree Orchard of Mangoes and Oranges Integrated with Beans,5_50M,MEDIUM,GOOD,,RAINFED,COMMUNAL,Soils are dry during Dec -March.
2788,UG,Low-cost irrigation with a treadle pump,50M_PLUS,MEDIUM,AGRICULTURALUSE,,MIXED,INDIVIDUAL,
2795,SI,Organic agriculture,5_50M,GOOD,GOOD,,RAINFED,INDIVIDUAL,
2796,UG,Ground water fed fish ponds,LESS_5M,GOOD,GOOD,,RAINFED,COMMUNAL|INDIVIDUAL,The farmer has put a drainage system and the levees long enough.
2797,UG,Improved Tree Nursery Bed,LESS_5M,GOOD,GOOD,,MIXED,COMMUNAL,"The nursery borders with a wetland therefore, water availability is not a challenge"
2801,UG,Home Garden Drip Irrigation,5_50M,GOOD,GOOD,,MIXED,COMMUNAL,
2807,MA,Stabilisation de terrasses en bordure d'oued avec des peupliers,ONSURFACE,MEDIUM,POOR,,MIXED,COMMUNAL,
2812,UG,Intensive Pig farming for soil fertility improvement and household income,LESS_5M,GOOD,GOOD,,RAINFED,OPEN_ACCESS,
2814,UG,Row planting of annual crops,5_50M,MEDIUM,GOOD,,RAINFED,LEASED|INDIVIDUAL,
2815,UG,Intercropping Soya and Maize,5_50M,MEDIUM,GOOD,,RAINFED,COMMUNAL,
2816,UG,Stall feeding of Friesian cow by cut and carry  for livestock management,5_50M,MEDIUM,GOOD,,RAINFED,COMMUNAL,
2817,UG,Orchard of Mangoes and Oranges for Soil Fertility Improvement.,LESS_5M,MEDIUM,GOOD,,RAINFED,INDIVIDUAL,
2818,UG,Mulching using grass on perennial crop land.,LESS_5M,MEDIUM,POOR,,RAINFED,OPEN_ACCESS,
2819,UG,Orchard of mangoes and oranges for food and income security,LESS_5M,MEDIUM,POOR,,RAINFED,COMMUNAL,The flooding occurs during the month of excess heavy rains (Nov-Dec and March-May).
2821,UG,Fruit tree growing for restoration of degraded lands,LESS_5M,MEDIUM,POOR,,RAINFED,INDIVIDUAL,
2822,UG,Baby Melon as a Cover-Crop in Lowlands,5_50M,GOOD,POOR,,RAINFED,COMMUNAL,
2823,SI,Converting cropland to grazing land,5_50M,MEDIUM,GOOD,,RAINFED,INDIVIDUAL,
2824,SI,Fertilising with farmyard manure,5_50M,GOOD,GOOD,,RAINFED,INDIVIDUAL,
2825,UG,Pine Woodlot,LESS_5M,MEDIUM,POOR,,MIXED,INDIVIDUAL,
2826,UG,Citrus Orchard  with  Grass  Mulch and Trenches for Soil Erosion Control,5_50M,MEDIUM,POOR,,RAINFED,COMMUNAL|INDIVIDUAL,
2830,UG,"Taungya Agroforestry System for Increased Production, Food Security, Soil Fertility and Household Income",LESS_5M,GOOD,GOOD,,RAINFED,COMMUNAL,Drinking water is got from the borehole
2834,UG,SPRING GROUND WATER RESERVOIR FOR WATER SUPPLY AND FISH PRODUCTION,LESS_5M,EXCESS,GOOD,,RAINFED,COMMUNAL,There is a nearby stream that floods the valley bottom periodically thereby lowering the water quality.
2835,MA,Elevage de lapins sous terre,5_50M,POOR,GOOD,,,INDIVIDUAL,"La concentration en sels ne rend pas l'eau impropre à la consommation, mais avec l'évaporation les accumulations nuisent à la croissance des plantes."
2836,UG,Maize (zea mays) growing with contours,5_50M,GOOD,GOOD,,RAINFED,COMMUNAL,fresh water is suitable for human consumption
2838,UG,Bamboo-Woven Bee Hives,5_50M,GOOD,GOOD,,RAINFED,INDIVIDUAL,"Water is also used for drinking, especially from protected sites"
2839,UG,Woodland-Protected Banana Cultivation for Increased Production and Household Income,LESS_5M,GOOD,GOOD,,RAINFED,INDIVIDUAL,
2842,MA,Récupération d'eau de pluie dans les plantations arboricoles avec irrigation en goutte à goutte par des buttes en terre.,5_50M,MEDIUM,GOOD,,IRRIGATION,OPEN_ACCESS|COMMUNAL,"Il n'y a pas de nappe phréatique, mais des filaments d'eau entre certaines couches de roche. Trois niveaux ont étés découverts sur l'exploitation: une à 19 m de profondeur, une à 45 m de profondeur, et une à 65 m de profondeur."
2843,KH,Agroforestry: intercropping of pineapple between orange and mango trees,5_50M,GOOD,AGRICULTURALUSE,,MIXED,OPEN_ACCESS,They are floods of occasionally 1 or 2 days because the land on the plateau is nearly flat. It is flooded 4 to 5 times per year.
2844,KH,On-farm ponds to alleviate the potential impact of seasonal droughts and for increasing crop cultivation and aquaculture,5_50M,GOOD,AGRICULTURALUSE,,MIXED,INDIVIDUAL,
2848,PL,Chicken manure in non irrigated arable land,5_50M,POOR,GOOD,,RAINFED,,
2851,PL,No-till,5_50M,GOOD,GOOD,,RAINFED,,
2852,PL,Organic agriculture in hop cultivation,5_50M,GOOD,GOOD,,RAINFED,,
2870,UG,Fast-Growing Clonal Eucalyptus,5_50M,MEDIUM,AGRICULTURALUSE,,RAINFED,INDIVIDUAL,
2871,UG,Native trees as wind breaks,5_50M,MEDIUM,AGRICULTURALUSE,,RAINFED,INDIVIDUAL,
2872,UG,Optimizing Land-Use Through Maize-Watermelon Intercropping,5_50M,MEDIUM,AGRICULTURALUSE,,RAINFED,INDIVIDUAL,
2877,UG,Local Food Storage Facility (Granary),50M_PLUS,POOR,POOR,,RAINFED,INDIVIDUAL,
2879,PT,Minimum tillage in Mediterranean vineyards,5_50M,POOR,AGRICULTURALUSE,,RAINFED,OPEN_ACCESS,
2880,UG,Pine-shielded mango growing,5_50M,MEDIUM,POOR,,RAINFED,COMMUNAL,
2881,UG,Home Gardens,5_50M,MEDIUM,POOR,,RAINFED,INDIVIDUAL,
2882,UG,Teak-Based Afforestation for Timber Production,5_50M,GOOD,AGRICULTURALUSE,,RAINFED,INDIVIDUAL,
2886,UG,Potatoes Growing in Lowlands for Food Security Durnig Dry Seasons,LESS_5M,GOOD,AGRICULTURALUSE,,RAINFED,INDIVIDUAL,
2890,UG,Local Rabbit Keeping for Manure Production and Household Income,5_50M,GOOD,GOOD,,RAINFED,COMMUNAL,
2891,LA,Conversion of rocky area to grazing area for livestock management,5_50M,MEDIUM,AGRICULTURALUSE,,MIXED,INDIVIDUAL,
2894,UG,FISH FARMING (AQUACULTURE) FOR INCOME GENERATION AND WATER CONSERVATION,ONSURFACE,EXCESS,GOOD,,RAINFED,COMMUNAL,
2895,KE,Micro-catchments for rainwater harvesting,5_50M,MEDIUM,POOR,,RAINFED,COMMUNAL|INDIVIDUAL,Water quantity and quality is highly dependant on rainfall
2897,MA,Parcelle agro-forestière à base de plantation d'arbres fruitiers et forestièrs,5_50M,MEDIUM,POOR,,MIXED,COMMUNAL,Les banquettes sont menacés par des inondations pendant l’été par des orages et tempêtes.
2900,GR,Establishment of intensive grazing areas on low productive slopes,50M_PLUS,POOR,GOOD,,RAINFED,COMMUNAL,
2904,LA,Planting bamboo for fencing and wind protection,5_50M,POOR,GOOD,,RAINFED,OPEN_ACCESS,
2905,LA,Pond development in wetland areas,5_50M,GOOD,GOOD,,RAINFED,INDIVIDUAL,
2907,LA,Banana intercropping in sloping land,5_50M,GOOD,UNUSABLE,,RAINFED,OPEN_ACCESS,
2911,GR,Water and soil conservation by using rock fragments,50M_PLUS,POOR,GOOD,,MIXED,LEASED,Water is transported from mountainous areas
2920,LA,Fish pond construction on slope area on clayey subsoil for water harvesting,LESS_5M,GOOD,GOOD,,RAINFED,COMMUNAL,
2922,GR,Soil erosion control by ridges,5_50M,MEDIUM,AGRICULTURALUSE,,MIXED,LEASED,
2923,LA,Using water from a fishpond for the cultivation of dry season paddy rice,LESS_5M,MEDIUM,GOOD,,MIXED,INDIVIDUAL,
2928,LA,An integrated rice - fish system,LESS_5M,EXCESS,GOOD,,MIXED,OPEN_ACCESS,
2929,UG,"Intercropping Maize and Ground Nuts for Optimum Land Utilisation, Increased  Food Production, Household Income and Food Security",5_50M,POOR,GOOD,,RAINFED,COMMUNAL,The water is drawn from the borehole and considered of good quality and is readily available
2930,LA,Broom grass cultivation to prevent soil erosion in sloping area,5_50M,GOOD,AGRICULTURALUSE,,RAINFED,OPEN_ACCESS|INDIVIDUAL,
2949,KH,Sandy soil improvement by using natural fertilizer and liquid compost,5_50M,GOOD,GOOD,,MIXED,INDIVIDUAL,
2950,RO,Non-inversion tillage for arable land,5_50M,MEDIUM,,,MIXED,,
2957,RO,Direct drill (no-till) for arable cropping systems,5_50M,MEDIUM,,,MIXED,,
2958,NL,Non-inversion shallow tillage on sandy soils in the Netherlands,LESS_5M,GOOD,AGRICULTURALUSE,,MIXED,COMMUNAL,
2963,RO,Leguminous crop cultivated in plot temporarely set outside the crop rotation,5_50M,MEDIUM,,,RAINFED,,
2965,NL,Increased organic matter input by using organic fertilizers (slurry and manure) instead of mineral fertilizers,LESS_5M,GOOD,AGRICULTURALUSE,,MIXED,COMMUNAL,
2972,KE,Borana Ranch Grazing with Holistic Management Principles,50M_PLUS,MEDIUM,POOR,,RAINFED,INDIVIDUAL,Waterpoints provided by waterpipes (sometimes destroyed by elephants)
2978,NL,Organic agriculture with vegetable and arable crops on sandy soils,LESS_5M,GOOD,AGRICULTURALUSE,,MIXED,COMMUNAL,
2982,KE,Lolldaiga Hills Ranch: Rotational Grazing and Boma-Based Land Reclamation,,MEDIUM,POOR,,RAINFED,INDIVIDUAL,
2989,NA,Infiltration ditches and ponding banks,5_50M,POOR,POOR,,RAINFED,INDIVIDUAL,
2990,KE,Makurian Group Ranch Grazing with Holistic Management Principles,50M_PLUS,MEDIUM,POOR,,RAINFED,OPEN_ACCESS,
2993,MA,Mur de soutènement en gabion avec contreforts pour protéger des berges,ONSURFACE,GOOD,AGRICULTURALUSE,,IRRIGATION,COMMUNAL,
2994,BF,'Forage Christine',ONSURFACE,POOR,POOR,,RAINFED,OPEN_ACCESS|COMMUNAL,"Limited water availability appears to be one of the major limitations for rainfed agriculture, in addition to the low retention and availability of nutrients."
3063,HU,Farmyard manuring,LESS_5M,GOOD,POOR,,RAINFED,LEASED,-
3065,HU,Conservation tillage,LESS_5M,GOOD,POOR,,RAINFED,LEASED,-
3089,EE,No-tillage,5_50M,GOOD,GOOD,,RAINFED,OPEN_ACCESS|INDIVIDUAL,
3113,EE,Permanent grassland on peaty and eroded soils,LESS_5M,GOOD,GOOD,,RAINFED,OTHER,
3116,PH,Artificial Reef,,,,,OTHER,OPEN_ACCESS,Not Applicable
3117,MA,Taille du romarin avec trois ans de repos,5_50M,POOR,POOR,,RAINFED,,
3120,EE,Reduced tillage,5_50M,GOOD,GOOD,,RAINFED,OPEN_ACCESS|INDIVIDUAL,
3138,KH,Growing vegetables in a nethouse to ward off insects,5_50M,GOOD,GOOD,,MIXED,INDIVIDUAL,
3139,LA,Vegetable garden to improve vegetation cover in sloping land,LESS_5M,GOOD,AGRICULTURALUSE,,OTHER,OPEN_ACCESS,
3141,AO,Community supported pasture and rangeland rehabilitation works,LESS_5M,POOR,POOR,,RAINFED,OPEN_ACCESS,Water quality and quantity are major issues for the area. There are few if any reliable water sources in the area and most communities depend on wells dug in the river bottoms to supply their water.
3142,KH,Use of plastic mulch combined with a drip irrigation system for the cultivation of eggplants,5_50M,GOOD,AGRICULTURALUSE,,MIXED,INDIVIDUAL,Ground water table is 8 meters dept.  pH = 6
3144,KH,Growing corn using drip irrigation system,5_50M,GOOD,GOOD,,MIXED,OPEN_ACCESS,
3145,KH,Crop diversification with the application of rotation techniques,5_50M,GOOD,GOOD,,MIXED,INDIVIDUAL,
3146,KH,Intercropping of orange trees with mungbean in mountainous areas,5_50M,GOOD,GOOD,,MIXED,OPEN_ACCESS,
3151,KH,Cultivation of organic vegetables to improve the household economy and the soil quality,LESS_5M,GOOD,GOOD,,MIXED,INDIVIDUAL,
3152,KH,Coconut leaves mulching for winter melon cultivation,LESS_5M,GOOD,AGRICULTURALUSE,,IRRIGATION,COMMUNAL|INDIVIDUAL,
3153,KH,Eggplant cultivation technique between lemon trees,5_50M,POOR,GOOD,,MIXED,INDIVIDUAL,
3157,MA,Période de fermeture du pâturage de l'almou collectif servant aux équins.,LESS_5M,GOOD,POOR,,RAINFED,COMMUNAL,
3160,FR,Pâturage amélioré par du Ray-grass et Trèfle Blanc,ONSURFACE,MEDIUM,GOOD,,RAINFED,COMMUNAL|INDIVIDUAL,
3164,FR,Non Labour,ONSURFACE,MEDIUM,GOOD,,RAINFED,COMMUNAL|INDIVIDUAL,
3165,KH,Crop rotation to promote safe vegetables,ONSURFACE,GOOD,AGRICULTURALUSE,,MIXED,OPEN_ACCESS,"Occasionally, flooded from 7-10 days."
3167,FR,Rotation des cultures,ONSURFACE,MEDIUM,GOOD,,RAINFED,COMMUNAL|INDIVIDUAL,
3171,KH,Agroforestry: Intercropping of vegetables between orange trees,5_50M,GOOD,POOR,,MIXED,INDIVIDUAL,The water has no lime. There was a flood in 2013 only.
3175,FR,Les prairies pharmacies,ONSURFACE,MEDIUM,GOOD,,RAINFED,COMMUNAL|INDIVIDUAL,
3176,NE,Restoration of grazing land invaded by Sida cordifolia,5_50M,POOR,GOOD,,RAINFED,COMMUNAL|INDIVIDUAL,n/a
3177,MA,Gestion des parcours sans coupe ni ébranchage des arbres,5_50M,POOR,POOR,,RAINFED,COMMUNAL,"Quand il pleut, comme souvent dans les zones arides à semi-arides, il pleut fort, ce qui engendre de l'érosion en ravines dans cette zone."
3204,MA,Mare d'eau,50M_PLUS,POOR,POOR,,RAINFED,COMMUNAL|INDIVIDUAL,
3205,MA,Citerne,50M_PLUS,POOR,POOR,,RAINFED,OPEN_ACCESS|COMMUNAL,L'eau est rare et variable entre les saisons sèches et humides. Elle varie aussi entre les années.
3206,MA,Khtarat,5_50M,POOR,GOOD,,MIXED,OPEN_ACCESS|COMMUNAL,"L'eau dans le sol dépend des précipitations sous forme de neige, ainsi que de la qualité du couvert végétal."
3207,MA,Fumier,50M_PLUS,POOR,POOR,,RAINFED,,
3208,MA,Terrasse,50M_PLUS,POOR,GOOD,,RAINFED,COMMUNAL,"En été, les nappes sont très profondes (100 m). Elles se rechargent en hiver. Mais la quantité n'est pas suffisante."
3209,MA,Interdiction provisoire d'accès du cheptel aux peuplements d'arganier,50M_PLUS,POOR,POOR,,RAINFED,,
3210,MA,Réhabilitation par mise en défens.,ONSURFACE,,,,RAINFED,INDIVIDUAL,
3214,KH,Use of solar water pumping to adapt to climate change,5_50M,MEDIUM,AGRICULTURALUSE,,IRRIGATION,OPEN_ACCESS,"The water is calcareous and should be boiled before drinking; however, it does not affect the crops growth negatively."
3215,KH,Using dry compost on paddy rice fields,LESS_5M,GOOD,POOR,,MIXED,OPEN_ACCESS,Water has to be filtered and boiled befor being safe to drink.
3217,BW,Split Ranch Grazing Strategy,LESS_5M,GOOD,GOOD,,RAINFED,INDIVIDUAL,
3219,ES,Annual green manure with Phacelia tanacetifolia in southern Spain,ONSURFACE,GOOD,AGRICULTURALUSE,,IRRIGATION,LEASED,
3220,KE,Soil and water conservation through pasture regeneration and hay production ,50M_PLUS,MEDIUM,POOR,,RAINFED,COMMUNAL,Water quality is poor and its storage is poor too
3223,HT,Progressive bench terraces formed by a vetiver hedge system and trees,5_50M,MEDIUM,POOR,,RAINFED,OPEN_ACCESS|COMMUNAL,
3224,HT,Weeded/ ploughed crop,5_50M,POOR,POOR,,RAINFED,OPEN_ACCESS|COMMUNAL,
3227,HT,Agroforestry homegardens,5_50M,MEDIUM,POOR,,RAINFED,OPEN_ACCESS|COMMUNAL,
3228,FR,Les Betteraves dans l'alimentation du bétail,5_50M,MEDIUM,GOOD,,RAINFED,COMMUNAL,
3232,MA,Plantation forestière,50M_PLUS,MEDIUM,AGRICULTURALUSE,,RAINFED,COMMUNAL,
3239,CN,Straw residues left on field after harvest and no tillage,LESS_5M,MEDIUM,GOOD,,MIXED,COMMUNAL,
3240,LA,Use of Effective Micro-organism (EM) to improve soil fertility in vegetable home gardens,5_50M,MEDIUM,GOOD,,RAINFED,INDIVIDUAL,
3257,NE,Fixation des dunes sur des terres communautaires sylvo-pastorales (cuvettes oasiennes) des départements de Gouré et de Maïné-Soroa,50M_PLUS,POOR,AGRICULTURALUSE,,MIXED,OPEN_ACCESS|COMMUNAL,"Dans les cuvettes oasiennes, l'eau est à des profondeurs très faibles (moins de 10 m). Les eaux de surface sont quasi-inexistantes. Il existe quelques mares formées pendant la saison pluvieuse; cette eau est boueuse et impropre à la consommation. Par contre, les eaux des puits sont de meilleure qualité et sont en général consommées par la population locale."
3267,EC,Albarrada,ONSURFACE,MEDIUM,AGRICULTURALUSE,,MIXED,LEASED|INDIVIDUAL,
3269,EC,Sistemas silvopastoriles,ONSURFACE,MEDIUM,AGRICULTURALUSE,,MIXED,COMMUNAL|INDIVIDUAL,
3270,EC,Lombricultura,ONSURFACE,MEDIUM,AGRICULTURALUSE,,MIXED,LEASED|INDIVIDUAL,Para esta tecnología se debe usar agua sin cloro
3271,EC,Sistemas agroforestales,LESS_5M,MEDIUM,AGRICULTURALUSE,,MIXED,COMMUNAL,
3272,EC,Cortina rompevientos,ONSURFACE,MEDIUM,AGRICULTURALUSE,,MIXED,LEASED|INDIVIDUAL,
3273,EC,Huerto familiar,ONSURFACE,MEDIUM,AGRICULTURALUSE,,MIXED,COMMUNAL|INDIVIDUAL,"La calidad del agua se ha visto afectada por el manejo inadecuado de las zonas de recarga hídrica, don de sen han establecido procesos productivos que contaminan el agua."
3275,EC,Tajamar,ONSURFACE,MEDIUM,AGRICULTURALUSE,,MIXED,LEASED|INDIVIDUAL,
3276,EC,Pilancón,ONSURFACE,MEDIUM,AGRICULTURALUSE,,MIXED,LEASED|INDIVIDUAL,
3277,EC,Cultivos en terrazas,ONSURFACE,MEDIUM,AGRICULTURALUSE,,MIXED,LEASED|INDIVIDUAL,
3278,EC,Franja Ribereña,LESS_5M,MEDIUM,AGRICULTURALUSE,,MIXED,COMMUNAL,
3289,EG,mulched-grapes,,,,,IRRIGATION,,
3301,UG,Wooden water reservoir for  rain water harvesting.,50M_PLUS,MEDIUM,POOR,,MIXED,COMMUNAL|INDIVIDUAL,
3302,UG,Mango and paw-paw fruit tree growing,LESS_5M,MEDIUM,GOOD,,RAINFED,INDIVIDUAL,
3303,UG,Compost Production Pits for Crop Production [Uganda],5_50M,MEDIUM,AGRICULTURALUSE,,RAINFED,COMMUNAL,
3305,NL,Organic agriculture with vegetable and arable crops on sandy loam soils,LESS_5M,GOOD,AGRICULTURALUSE,,MIXED,COMMUNAL,
3306,UG,Growing cover crops for weed control,50M_PLUS,MEDIUM,POOR,,RAINFED,COMMUNAL,
3307,UG,Conservation Farming Basins In Annual Crops For Water Conservation,5_50M,MEDIUM,GOOD,,RAINFED,COMMUNAL,
3309,UG,Trenches in a Cocoa Plantation for Soil and Water Conservation,5_50M,MEDIUM,POOR,,RAINFED,INDIVIDUAL,
3318,KE,Social Tenure Domain Model (STDM),5_50M,MEDIUM,,,RAINFED,OPEN_ACCESS|COMMUNAL,
3324,UG,Energy-saving ground stoves,5_50M,MEDIUM,POOR,,RAINFED,COMMUNAL,
3326,NA,Combined herding for planned grazing,50M_PLUS,MEDIUM,GOOD,,RAINFED,COMMUNAL,
3328,UG,Multi-Purpose Tree Species for Pasture Supplementation,5_50M,MEDIUM,POOR,,RAINFED,OPEN_ACCESS,
3329,UG,Reducing Tillage by Slashing,5_50M,MEDIUM,POOR,,RAINFED,COMMUNAL,
3330,UG,Low-cost solar drier for preserving crop produce,5_50M,MEDIUM,POOR,,RAINFED,COMMUNAL,
3334,TJ,Рассоление сильнозасоленных земель и солончаков в вегетационный период - культурой освоителем рисом [Таджикистан],LESS_5M,MEDIUM,POOR,,IRRIGATION,COMMUNAL,"В маловодные годы, приходится пользоваться дренажной водой  для промывки сильнозасоленных земель (на начальных стадиях промывки)"
3340,KE,Sub-Surface Dams (SSD),5_50M,POOR,GOOD,,RAINFED,COMMUNAL,
3342,CM,Alliance Farming,5_50M,MEDIUM,GOOD,,RAINFED,OPEN_ACCESS|COMMUNAL,
3356,TD,Securing the mobility of pastoralism through consultation and access to water sources,50M_PLUS,POOR,GOOD,,RAINFED,COMMUNAL,
3359,ZA,"Reshaping of gully erosion through integration of silt fences, erosion blankets and brush packing",LESS_5M,MEDIUM,UNUSABLE,,RAINFED,OTHER,
3360,BF,Production de légumes à Boulmiougou,5_50M,MEDIUM,AGRICULTURALUSE,,IRRIGATION,INDIVIDUAL,"Les inondations ont lieux quand le barrage est rempli et déborte, et que la rivière coule aussi fortement. Les inondations ne durent en général pas plus d'une heure, mais l'eau peut dépasser un mètre dans les zones les plus basses."
3361,KE,Index Based Livestock Insurance,LESS_5M,POOR,POOR,,RAINFED,COMMUNAL,
3362,UG,Growing Improved Pastures for Sustainable Dairy Production,LESS_5M,GOOD,AGRICULTURALUSE,,MIXED,INDIVIDUAL,The water table is high
3363,UG,Semi-Intensive Goat Farming Practice  for Pasture Conservation,50M_PLUS,GOOD,GOOD,,RAINFED,INDIVIDUAL,
3365,UG,BANANA PLANTATION INTEGRATED FERTILIZER-IRRIGATION TECHNOLOGY,5_50M,MEDIUM,POOR,,RAINFED,COMMUNAL|INDIVIDUAL,
3366,UG,Indigenous Micro Organism (IMO) use in Natural Pig Farming,ONSURFACE,GOOD,AGRICULTURALUSE,,MIXED,INDIVIDUAL,Water quality is sometimes affected by the run off water that collects in the swamp.
3367,UG,Dairy cattle fed with supplementary fodder,5_50M,MEDIUM,POOR,,MIXED,INDIVIDUAL,
3371,UG,Domestic Biogas Plant for fuel and organic fertilizer,ONSURFACE,GOOD,GOOD,,MIXED,COMMUNAL,The area gets water from River Gibuzale that flows through the village.
3372,KE,Ecosystem-wide seasonal grazing management in community land,50M_PLUS,POOR,POOR,,RAINFED,COMMUNAL|OTHER,Seasonal floods down the Ewaso Nyiro river provide an important water source for the Shompole Swamp. This swamp acts as an import drought refuge for livestock.
3375,UG,Wire Mesh Maize Storage Crib,5_50M,MEDIUM,AGRICULTURALUSE,,RAINFED,INDIVIDUAL,
3376,UG,Lab lab inter-crop for improvement of soil fertility for banana production,5_50M,MEDIUM,AGRICULTURALUSE,,RAINFED,COMMUNAL|INDIVIDUAL,The water used for domestic use is mainly tap water and rooftop harvested water
3377,ZA,Pitting  to restore degraded catchment of Mount Fletcher Dam,LESS_5M,POOR,UNUSABLE,,RAINFED,COMMUNAL,Steep slopes in the catchment with frequent high rainfall events contribute to high levels of sheet and rill erosion casing the siltation of the Mount Fletcher dam (affecting the usability of the water and storing capacity of the dam).
3378,UG,"Mixed Cropping of Coffee, Banana and Onions for Increased Production, Food Security and Household Income",ONSURFACE,MEDIUM,GOOD,,RAINFED,OPEN_ACCESS,
3381,KE,Rangeland Restoration by cutting invasive species and grass reseeding and managing grazing,50M_PLUS,POOR,POOR,,RAINFED,COMMUNAL,
3390,TJ,"Полустационарная, низконапорная, малообъемная системы капельного орошения для орошения с/х культур  при использовании дождевой воды",50M_PLUS,POOR,POOR,,RAINFED,COMMUNAL,"Введу дефицита влаги, собирается и используется дождевая вода хорошего качества."
3391,UG,Backyard fish farming in tarpaulin ponds for improved livelihood,5_50M,MEDIUM,POOR,,MIXED,COMMUNAL|INDIVIDUAL,
3403,KE,Dedha grazing system as a natural resource management technology,50M_PLUS,MEDIUM,GOOD,,RAINFED,COMMUNAL,The Ewaso Nyiro River floods every rainy seasons
3417,TJ,Снижение вырубки деревьев через использованием многоцелевых энерго-эффективных печей,5_50M,GOOD,GOOD,,,COMMUNAL|INDIVIDUAL,
3418,TJ,Почво-охранные пруды для предотвращения овраго-образования,50M_PLUS,MEDIUM,POOR,,RAINFED,COMMUNAL|INDIVIDUAL,
3434,UG,Small Scale Irrigation System for Pasture Production,ONSURFACE,EXCESS,POOR,,RAINFED,INDIVIDUAL,
3444,KE,Controlling invasive species by physical removal and crop cultivation through open fallow irrigation,,GOOD,AGRICULTURALUSE,,MIXED,COMMUNAL,
3450,UG,Urban Farming with Mushroom Cultivation among Smallholder Farmers.,LESS_5M,GOOD,GOOD,,,INDIVIDUAL,
3452,UG,Urban farming with sack gardening,50M_PLUS,GOOD,GOOD,,MIXED,COMMUNAL,"The farmer taps National Water, which provides good clean water."
3453,UG,Barley fodder management for livestock production among smallholder farmers,LESS_5M,GOOD,GOOD,,MIXED,LEASED,
3454,KE,Area enclosure : Invasive species management through physical removal and grassland restoration,LESS_5M,MEDIUM,POOR,,RAINFED,OPEN_ACCESS,
3455,UG,Runoff Water Harvesting Contour Trenches and Pits in Hilly areas,ONSURFACE,EXCESS,GOOD,,MIXED,INDIVIDUAL,There's high adaptation of contour trenches in the area
3461,UG,Intensification of pawpaw with mulching,5_50M,GOOD,GOOD,,RAINFED,INDIVIDUAL,
3465,TJ,Thermo insulation of walls with use of foil to decrease burden on firewood use,5_50M,EXCESS,GOOD,,MIXED,OPEN_ACCESS,"very rare case, but becoming more frequently in the last years, when there is heavy rainy season are becoming more common."
3475,KE,Utilisation of invasive species biomass for charcoal production,,GOOD,POOR,,RAINFED,OPEN_ACCESS,
3484,UG,Small Scale Vegetable Garden for Home Consumption and Income,LESS_5M,GOOD,GOOD,,MIXED,OPEN_ACCESS,
3614,ZA,Spekboom (Portulacaria afra) planting within riplines for thicket biome restoration,50M_PLUS,POOR,AGRICULTURALUSE,,RAINFED,OTHER,
3619,BD,FLOATING AGRICULTURE IN WATERLOGGED SOIL,LESS_5M,,AGRICULTURALUSE,,RAINFED,LEASED,Waterlogged condition promote the excessive growth of water hyacinths thus causing water pollution
3632,UZ,Diversification of crops in salinized soils with the introduction of legumes and green manure,LESS_5M,GOOD,GOOD,,IRRIGATION,OPEN_ACCESS,Water in surface sources is polluted from discharges of drainage from irrigation fields
3634,UZ,Laser leveling of the fields  to increase the efficiency of on-farm use of irrigation water,LESS_5M,GOOD,GOOD,,IRRIGATION,OTHER,Water in surface sources is polluted from discharges of drainage from irrigation fields
3644,TJ,Повышения водоудерживающие способности почв в богарных виноградниках способом  высокоштамбовая формировка виноградного куст с свободным свисанием побегов,50M_PLUS,POOR,,,RAINFED,OPEN_ACCESS,Технлогия применяется на богарных землях в условиях без полива.
3645,UZ,Production of biogas from waste to increase soil fertility,LESS_5M,GOOD,GOOD,,IRRIGATION,OTHER,Water in surface sources is polluted from drainage runoff discharges from irrigation fields
3646,UZ,Furrow irrigation with alternating dry  and watered (wet) furrows,LESS_5M,GOOD,GOOD,,IRRIGATION,OPEN_ACCESS,Water in surface sources is polluted from discharges of drainage from irrigation fields
3650,UZ,Drought-resistant crops to enhance forage production and prevent erosion in desert areas,5_50M,POOR,GOOD,,RAINFED,INDIVIDUAL|OTHER,Forage crops are grown without irrigation
3654,UZ,Almond  planting on shallow terraces to increase the efficiency of rainfed lands and to prevent erosion,5_50M,POOR,,,RAINFED,,
3655,TJ,"Обеспечение продовольственной безопасности в маргинальных почвенно-климатических условиях , через выращивание многоцелевой культуры Квиноя (Лебеда). [Таджикистан]",5_50M,POOR,GOOD,,MIXED,COMMUNAL,"В районе Рудаки- проблем с уровнем грунтовых вод и качеством питьевой воды нет. В Вахше- УГВ -может быть меньше 5м и периодически могут быть проблемы с качеством питьевой воды; в Файзабаде -качество питьевой воды хорошее, УГВ -5-50м, но там квиноя посеяна  на богарных землях-без орошения.
В целом  Квиноя засухоустойчивая культура, нуждающаяся  в  небольшом поливе только в начале вегетации."
3657,TJ,Накопления осадков методом Барер ( бардюрования)  на  склоновых междуряди виноградников и садов в условиях богары,50M_PLUS,,,,RAINFED,OPEN_ACCESS,
3662,TJ,Повышение биоразнообразия  в горных регионах  посредством  выращивания цитрусовых культур (лимона),50M_PLUS,MEDIUM,GOOD,,IRRIGATION,COMMUNAL,"Качество воды как всегда в горах очень хорошее, но вот не всегда родники или реки находятся близко от сел, в таком случае, вода доставляется по трубам от родника - это не близко и не дешево."
3667,TJ,Эффективное повышение плодородия почвы через производство и применение высококачественного компоста –альтернативного навозу органического удобрения,5_50M,GOOD,GOOD,,MIXED,COMMUNAL,"сильно распространена водная эрозия, т.к горная местность,  почвы с низким содержанием  питательных    элементов, поскольку    почти не  вносятся удобрения"
3670,TJ,Восстановление  продуктивности среднегорных сильнодеградированных  пастбищ,50M_PLUS,POOR,POOR,,RAINFED,COMMUNAL,Здесь имеет место лишь атмосферное увлажнение
3673,TJ,Снижения затрата и предотвращения питательных вешеств  с использованием ломом в садах и виноградников,,,,,RAINFED,,Так как технология применяется на богарных условиях никаких поливных воды нет.
3677,TJ,Эффективная использования земель под интенсивный садоводства,50M_PLUS,MEDIUM,GOOD,,IRRIGATION,OPEN_ACCESS,Поливная вода Артизианская
3683,TJ,Использование конденсационной водоснабжение садов и виноградников в условиях богары и маловодия.,50M_PLUS,,GOOD,,MIXED,OPEN_ACCESS,Технология применяется в условиях богары и условно поливной зоне.
3686,TJ,: Сохранения почвенного покрова от эрозии и деградации  путем возделывания воишным системе ведения виноградников,50M_PLUS,GOOD,GOOD,,IRRIGATION,OPEN_ACCESS|COMMUNAL,Вода для пития и полива достаточно. Самотек аричная . Питьевая водопроводная.
3687,TJ,Зимный полив для влагозарядки  почвы перед посадкой садов и виноградников в условиясх засушливого зимы.,50M_PLUS,POOR,,,MIXED,OPEN_ACCESS,Зона является условно поливной или богара.
3688,TJ,Посев  картошки   без грядным методом для сохранения почвенного плодородия  от эрозии и сокращения затрата труда на склонных землях.,50M_PLUS,MEDIUM,GOOD,,MIXED,COMMUNAL|LEASED,Вода поливается условно качество воды нормальная горная.
3689,TJ,Снижения водопотрибление цитрусовых культур в типличных условиях,5_50M,MEDIUM,GOOD,,IRRIGATION,COMMUNAL,"Вода доступная проточная, не соленная питьевая. Можно полить растений."
3695,TJ,Предотвращение эрозия почв на склоновых земель путём применение технологии ленточного посева сельхозкультур.,50M_PLUS,MEDIUM,GOOD,,MIXED,COMMUNAL,На условиях богара потребность культур обеспечивается за счёт дождей и на поливных земля орошается за счёт имеющихся  источников воды. Для удовлетворение нужд население используется водопроводная вода.
3696,TJ,Использование источников воды при установлении акведуков для освоения и орошение  межграничных неиспользуемых земель.  .,50M_PLUS,POOR,AGRICULTURALUSE,,MIXED,COMMUNAL,"Акведук берет воду из горного источника, расположенного над верхней части афганской деревни"
3698,TJ,Залужение деградированных пастбищ в условиях высокогорья,5_50M,GOOD,GOOD,,,COMMUNAL,"Источником воды является снеговыми, постоянными и пригодны только для орошение"
3701,TJ,Эфективность озеленение и проращивание семян картофелья. .,5_50M,GOOD,GOOD,,IRRIGATION,COMMUNAL,Источник воды постоянная
3722,TN,Le système d’Agroforesterie pour la protection des terres et l'amélioration des revenus des exploitants dans les zones montagneuses.de Nord Ouest Tunisien,ONSURFACE,POOR,POOR,,RAINFED,,
3726,TN,Compostage des déchets organiques en Agriculture Biologique.,5_50M,GOOD,GOOD,,MIXED,COMMUNAL,"L'eau d'irrigation est disponible à partir de barrage de Nebhana. 
C'est une zone trés proche de la mer. "
3727,TN,Agriculture de Conservation,ONSURFACE,MEDIUM,GOOD,,RAINFED,INDIVIDUAL,
3728,MX,Callejones de piñón con forrajes intercalados,50M_PLUS,POOR,UNUSABLE,,RAINFED,OTHER,
3732,TN,Amendement sableux dans le système oasien,50M_PLUS,POOR,AGRICULTURALUSE,,MIXED,COMMUNAL,"Pompage profond de la nappe continentale intercalaire, qui a une température supérieure à 60 °C. "
3735,TJ,Санитарно-гигиеническая и сельхозяйственное значение эко-санитарных туалетов.,5_50M,GOOD,GOOD,,IRRIGATION,COMMUNAL,"Вода для орошение земел вполне достаточно, питевая вода не проблемачитно"
3737,TJ,Надкаменное строительство зернохранилищ,5_50M,MEDIUM,GOOD,,IRRIGATION,COMMUNAL,Источнтком воды являются ледники и вода является сезонная и при наступление холода уменшается.
3739,TJ,Применение дренажных минерализированных вод  при   реабилитации  плодородия маргинализированных орошаемых земель аридных территорий,LESS_5M,,POOR,,IRRIGATION,COMMUNAL,нет
3769,MX,Sistemas de prácticas de MST en suelos con escasa precipitación en el semidesierto de Zacatecas,50M_PLUS,,UNUSABLE,,RAINFED,INDIVIDUAL,"No existen fuentes de agua disponibles, por tanto los cultivos dependen de la lluvia"
3839,MX,Microcuencas de captación de agua para el cultivo Milpa en La Mixteca Oaxaqueña,50M_PLUS,POOR,UNUSABLE,,RAINFED,INDIVIDUAL,Solo hay disponiblidad para los cultivos y animales en el ciclo de ´lluvias (marzo-abril hasta septiembre)
3848,TJ,Создание биоценоза сельхозкултурь с целю увеличение плодородия почв для получение высокого и допольнительного урожая,5_50M,GOOD,GOOD,,IRRIGATION,COMMUNAL,Для орошение используется речная вода
3850,TJ,Подпокровный посев многолетных трав в склоновых землях горного региона,5_50M,GOOD,GOOD,,IRRIGATION,COMMUNAL,"Качество пытевая вода хорошая, воды хватает для питье и орошение земель в регионе"
3852,BD,Application of balanced fertiliser to improve soil productivity,5_50M,POOR,GOOD,BOTH,MIXED,INDIVIDUAL,episodically
3854,TJ,ЭФФЕКТИВНАЯ ПРАКТИКА БОРЬБЫ С КОЛОРАДСКИМ ЖУКОМ КАРТОФЕЛЬЯ НА ПРИУСАДЕБНОМ УЧАСТКЕ,5_50M,GOOD,GOOD,,IRRIGATION,COMMUNAL,В Рашском районе земледелие основанно на орошаемое основе. Имеются достаточная вод для возделивание сельхозкультур.
3855,TJ,Эффективность обработки почвы в борьбе  против   вредителей сельхозяйственных культур,5_50M,GOOD,GOOD,,IRRIGATION,COMMUNAL,"Питьевя вода является источниковая, иригационная вода соберётся из верхный горы село."
3856,TJ,Сафлор-рекомендованная масличная култьтура в условиях изменение климата,5_50M,POOR,GOOD,,MIXED,COMMUNAL,В период дождей накапливается дождевая вода и наносить ущерб полям.
3866,KE,Cut-stump treatment,,MEDIUM,POOR,,RAINFED,COMMUNAL,
3898,CO,Sistema Silvopastoril,5_50M,MEDIUM,AGRICULTURALUSE,,RAINFED,INDIVIDUAL,
3993,BJ,Fabrication et utilisation du compost,LESS_5M,MEDIUM,POOR,,RAINFED,COMMUNAL,
4010,UZ,Lining the bottom of the channel with polyethylene film,LESS_5M,GOOD,GOOD,,IRRIGATION,OTHER,Surface sources water is polluted from drainage runoff discharges from irrigation fields
4035,UZ,Cultivation of  Indigofera (Indigofera tinctoria) to restore marginal lands and to increase local communities incomes,LESS_5M,MEDIUM,POOR,,IRRIGATION,OTHER,Surface waters are polluted by discharge of drainage runoff from irrigated fields
4037,UZ,Pasture shelterbelts in the desert zone,5_50M,POOR,POOR,,RAINFED,OTHER,Water in surface sources is polluted from drainage runoff discharges from irrigation fields
4040,UZ,Creation of improved autumn-winter pastures in the foothill zone of Uzbekistan,50M_PLUS,MEDIUM,GOOD,,RAINFED,INDIVIDUAL,
4042,UZ,Counter watering method of furrow irrigation,LESS_5M,GOOD,GOOD,,IRRIGATION,OTHER,Water in surface sources is polluted from drainage runoff discharges from irrigation fields
4043,EC,Prácticas de restauración y manejo sostenible en los páramos de La Esperanza,ONSURFACE,GOOD,POOR,,IRRIGATION,COMMUNAL,"): La calidad del agua de la zona está condicionada por los minerales que arrastra del suelo. La zona presenta permeabilidad baja y los acuíferos son muy locales (Burbano y otros, 2015)."
4044,EC,Protección de fuentes de agua en la comunidad de Llimpes,ONSURFACE,GOOD,POOR,,MIXED,COMMUNAL,
4046,EC,Protección de fuentes de agua para consumo humano para la Comunidad de Puñachizag,ONSURFACE,GOOD,POOR,,MIXED,COMMUNAL,
4048,EC,Rehabilitación del sistema de abrevaderos en la comunidad de Santa Lucia Arriba.,ONSURFACE,GOOD,POOR,,RAINFED,OPEN_ACCESS|COMMUNAL,"No se dispone información específica del área sobre agua subterránea. Se estima que el suelo es poco permeable y los acuíferos son muy localizados (INAMHI, 2015). La calidad del agua se ve afectada principalmente por la deposición de heces del ganado que con la lluvia son arrastradas a áreas de captación y conducción de agua."
4050,EC,Implementation of a fog water capture system in a conservation area in the community of Shaushi.,ONSURFACE,MEDIUM,POOR,,MIXED,COMMUNAL,"The monitoring of the captured water is currently being carried out, with the result that up to now the water is of acceptable quality. There is no specific groundwater information available for the area. It is estimated that the soil is not very permeable and the aquifers are very localized (INAMHI, 2015)."
4051,TN,Plantation d’arbustes fourragers,LESS_5M,POOR,POOR,,RAINFED,INDIVIDUAL,
4053,TN,Resemis d’espèces pastorales locales,ONSURFACE,POOR,AGRICULTURALUSE,,RAINFED,OPEN_ACCESS,
4055,TN,Travail minimum des sols pour une agriculture de conservation,50M_PLUS,POOR,POOR,,RAINFED,INDIVIDUAL,
4086,CO,Reforestación Protectora,50M_PLUS,MEDIUM,AGRICULTURALUSE,,RAINFED,COMMUNAL,
4087,CO,Cultivo Asociado de Algodón y Maíz,LESS_5M,GOOD,AGRICULTURALUSE,,RAINFED,INDIVIDUAL,Hay disponibilidad de agua en el suelo a lo largo del año.
4089,CO,Agricultura Anfibia,ONSURFACE,GOOD,AGRICULTURALUSE,,RAINFED,COMMUNAL,
4092,AM,Slope erosion control using wooden pile walls,5_50M,MEDIUM,GOOD,,MIXED,OPEN_ACCESS,There are substantial amounts of water (seasonally) from water from melted snow of Aragats mountain
4099,TH,Planting Eucalyptus on rice bunds to lower saline groundwater,LESS_5M,POOR,POOR,,RAINFED,OTHER,Shallow saline groundwater exists because of the low-lying discharge area and the source of the salt is under the surface of the land.
4101,AM,High-altitude afforestation for erosion control,5_50M,MEDIUM,POOR,,MIXED,COMMUNAL,
4112,BD,Pitcher irrigation for the management of moderately saline soils,LESS_5M,MEDIUM,UNUSABLE,,MIXED,OPEN_ACCESS,
4114,TH,Small Irrigation System for Highland Rice Terraces,ONSURFACE,GOOD,GOOD,,RAINFED,COMMUNAL,ปริมาณน้ำจะแปรผันตามฤดูการ เช่น ฤดูฝนน้ำจะมีปริมาณมากโดยส่วนใหญ่เกษตรกรจะทำการปลูกข้าว ในฤดูแล้งน้ำจะมีปริมาณน้อย เกษตรกรจึงจำเป็นต้องเลือกพืชปลูกที่ใช้น้ำน้อย เช่น พริก กะหล่ำ เป็นต้น อาจมีผลกระทบเรื่องสารพิษที่ปะปนในน้ำจากกระหล่ำบนดอย
4115,TH,Integrated Land Management: The Khok-Nong-Na Model,5_50M,MEDIUM,AGRICULTURALUSE,,RAINFED,OPEN_ACCESS|COMMUNAL,"Generally, land users in upstream of the watershed area cultivated cabbage, maize or red onion. They used chemical fertilizers, insecticides and herbicides in this area, where some areas faced problem about contaminated water especially in the off-site area."
4120,CO,Sistema Agroforestal,5_50M,MEDIUM,AGRICULTURALUSE,,MIXED,INDIVIDUAL,"La disponibilidad de agua depende de las lluvias y el almacenamiento en el suelo. En época de sequía, se cuenta con un pequeño estanque (cosecha de agua) que abastece una parte de la tecnología por un corto tiempo."
4123,TH,Water Storage Ponds in Small-Scale Agricultural Areas,5_50M,GOOD,AGRICULTURALUSE,,RAINFED,INDIVIDUAL,
4126,BA,Cultivation of blueberries on infertile/degraded soils using plant pots,ONSURFACE,MEDIUM,AGRICULTURALUSE,,IRRIGATION,OPEN_ACCESS,
4134,ET,Closed Area Management in Abagerima Learning Watershed,5_50M,GOOD,POOR,BOTH,RAINFED,OPEN_ACCESS|INDIVIDUAL,Both surface & ground water availabilities are small in March & April at the end of the dry season.
4135,ET,Community-Based Closed Area Management,5_50M,MEDIUM,POOR,BOTH,RAINFED,COMMUNAL|INDIVIDUAL,'Flooding' relates to immediate surface runoff during heavy storms
4136,ET,Integrated Farm Land Conservation,LESS_5M,MEDIUM,POOR,SURFACE,RAINFED,OPEN_ACCESS|INDIVIDUAL,
4138,ET,Homestead Development,LESS_5M,MEDIUM,POOR,BOTH,MIXED,OPEN_ACCESS|INDIVIDUAL,"A major source of pollution are sediments resulting from soil erosion on cultivated land, and excess runoff from overgrazed areas."
4143,TN,Les « Meskats » : système d’exploitation des eaux de ruissellement dans le Sahel tunisien,ONSURFACE,GOOD,GOOD,SURFACE,MIXED,INDIVIDUAL,
4146,TH,The new theory of agriculture for mixed farming systems,5_50M,MEDIUM,AGRICULTURALUSE,SURFACE,RAINFED,INDIVIDUAL,
4149,TH,Planting of Acacia ampliceps to control severely salt-affected land.,5_50M,MEDIUM,AGRICULTURALUSE,,RAINFED,,
4158,TH,"Planting a Halophyte (Sporobolus virginicus, ""Dixie grass"") to rehabilitate severely saline soil.",LESS_5M,,,,RAINFED,OTHER,Shallow saline groundwater exists because of low lying discharge area and salt source beneath under the ground.
4161,TH,Land Use Change from Rice to Vegetables,5_50M,MEDIUM,AGRICULTURALUSE,BOTH,MIXED,OPEN_ACCESS,
4167,TN,Valorisation des eaux de crues à travers la technique des « Mgouds »,ONSURFACE,GOOD,POOR,GROUND,RAINFED,COMMUNAL,
4168,TN,Fixation des dunes de sables avec les feuilles de Palmes,50M_PLUS,POOR,UNUSABLE,,RAINFED,COMMUNAL,
4169,TN,Amélioration pastorale par la mise en repos,50M_PLUS,POOR,UNUSABLE,GROUND,RAINFED,COMMUNAL,
4172,TN,Irrigation déficitaire à l’eau salée en milieu aride,ONSURFACE,GOOD,UNUSABLE,SURFACE,MIXED,COMMUNAL,
4176,TH,Use of Organic Fertilizers for Organic Crop Pproduction on Infertile Soil,5_50M,GOOD,AGRICULTURALUSE,SURFACE,RAINFED,INDIVIDUAL,
4223,TH,Irrigation branch canals in acid sulfate soils,5_50M,GOOD,AGRICULTURALUSE,SURFACE,IRRIGATION,INDIVIDUAL,
4227,BD,Dyke and Ditch multi-cropping system,LESS_5M,GOOD,AGRICULTURALUSE,SURFACE,MIXED,OPEN_ACCESS,
4233,TH,Bio-fermentation for Soil Improvement (Thailand),5_50M,MEDIUM,AGRICULTURALUSE,,RAINFED,OPEN_ACCESS,Water quality is suitable for agriculture but not good for household use
4242,TH,Organic Farming on a Moderate Hillside Slope,50M_PLUS,GOOD,AGRICULTURALUSE,,OTHER,INDIVIDUAL,-
4252,TH,Moo Lum Pig Farming: A Zero-Waste Management Technology,50M_PLUS,GOOD,AGRICULTURALUSE,,OTHER,INDIVIDUAL,-
4273,GE,Pasture-weed control by thistle cutting,LESS_5M,GOOD,POOR,BOTH,RAINFED,OPEN_ACCESS,Only in years with low precipitation there is water shortage in August and September.
4274,GE,Rehabilitation of Windbreaks,5_50M,POOR,GOOD,GROUND,RAINFED,,There is no local access to water. The water for irrigation had to be moved from the village 15 km away.
4275,GE,Introduction of Crop Rotation,5_50M,POOR,POOR,GROUND,RAINFED,OPEN_ACCESS,
4276,GE,Establishment of a paddock system and improvement of degraded pastureland.,5_50M,POOR,POOR,GROUND,RAINFED,OPEN_ACCESS,
4281,TH,Continuous bench terrace in high sloping area for tea plantation,50M_PLUS,GOOD,AGRICULTURALUSE,,MIXED,COMMUNAL,"In the past, there was no soil and water conservation measure, where soil erosion and severe runoff is occurred when it has heavy rain, especially during the rainy season. Soil surface was transported to the lower part, where organic matter and plant nutrients lost from this area and small rill and deep groove is formed in the upper part. Moreover such soil sediment in runoff accumulated in the channel and natural reservoir."
4283,TH,Integrated Soil Management for Organic Vegetables on the Highland Watershed in the Northern Region,50M_PLUS,GOOD,AGRICULTURALUSE,,OTHER,COMMUNAL,"Water flows from the watershed area of the upper forest, and not flow through the conventional agricultural area."
4284,BD,Soil Conservation Through Bench Terrace Technology in Highly Degradable Hilly Slopy Areas of Bangladesh,50M_PLUS,POOR,POOR,GROUND,MIXED,OPEN_ACCESS,
4285,BA,Addressing shallow landslides by using wooden pole structures.,ONSURFACE,MEDIUM,AGRICULTURALUSE,SURFACE,RAINFED,OPEN_ACCESS,
4287,BD,Protection from land degradation through conservation of medicinal plants by involving ethnic communities.,50M_PLUS,MEDIUM,POOR,SURFACE,MIXED,OPEN_ACCESS,
4295,TJ,Cultivation of local juniper species for rehabilitation of degrading woodland pastures,5_50M,MEDIUM,,,,,"Juniper typically grows in areas without ground water influence, but locally and where deforestation has not impacted the stands too much, juniper can also grow in riparian areas outside of the immediate influence of the river and subsoil water."
4296,TJ,Onion production by greenhouse propagation and transplantation,LESS_5M,MEDIUM,AGRICULTURALUSE,BOTH,IRRIGATION,OTHER,
4300,BD,Afforestation with mangrove plants to protect land degradation,5_50M,EXCESS,UNUSABLE,SURFACE,RAINFED,OPEN_ACCESS,
4303,TJ,Applying zero tillage technology for climate change sensitive rain-fed arable farming,5_50M,MEDIUM,,,RAINFED,,
4307,TJ,Applying drip irrigation for efficient irrigation water use in varying contexts,,POOR,,,IRRIGATION,COMMUNAL|INDIVIDUAL|OTHER,Grond water table varying between <5 m and >50 m.
4311,TJ,Prevention of riverbank erosion by combination of green and grey measures,LESS_5M,GOOD,,,MIXED,,
4312,TH,The application of marl to improve acid soils,5_50M,GOOD,AGRICULTURALUSE,SURFACE,MIXED,COMMUNAL,
4328,HT,Agro-silvo-pastoralisme on north facing slopes,5_50M,GOOD,POOR,BOTH,RAINFED,OPEN_ACCESS|COMMUNAL,
4329,BD,Mixed plantation with slow growing indigenous species to protect land degradation,5_50M,MEDIUM,POOR,SURFACE,RAINFED,OPEN_ACCESS,
4333,BD,Creating green shelter-belt through Jhau (Casuarina equisetifolia) plantation in coastal area,5_50M,EXCESS,UNUSABLE,BOTH,RAINFED,OPEN_ACCESS,
4336,TH,Planting sunn hemp as green manure for soil improvement,5_50M,GOOD,AGRICULTURALUSE,SURFACE,MIXED,COMMUNAL,Soil was polluted by chemical agriculture during summer.
4337,VN,Устойчивое землепользование территории водосборного бассейна Суой Сап,5_50M,EXCESS,POOR,SURFACE,MIXED,INDIVIDUAL,"Затопление территории происходит в период сезона дождей,"
4367,BA,Afforestation of bare land in karst areas,,POOR,GOOD,BOTH,RAINFED,COMMUNAL,"Herzegovina area is characterized as a Karst region, with hilly topography, and flat areas with highly productive fields. Soil erosion is very frequent due to low vegetation cover in hilly areas, and frequent forest fires which destroy vegetation and soils. Drinking water resources are also endangered and sometimes polluted after heavy rains and fires. On the other hand, floods occur on the lower and more productive parts, as water regime of Herzegovina is very vulnerable."
4372,BD,Assisted Natural Regeneration,5_50M,GOOD,POOR,SURFACE,RAINFED,OPEN_ACCESS,
4391,TH,Using shallow wells for crops and lowering the saline groundwater table,LESS_5M,MEDIUM,AGRICULTURALUSE,GROUND,OTHER,OTHER,saline groundwater
4571,NI,Cercas vivas,ONSURFACE,GOOD,POOR,SURFACE,RAINFED,INDIVIDUAL,
4572,NI,Obras de bioingeniería para evitar erosión de suelo,ONSURFACE,GOOD,POOR,SURFACE,RAINFED,COMMUNAL,
4574,NI,Sistema de recolección de agua de lluvia,ONSURFACE,MEDIUM,POOR,SURFACE,RAINFED,COMMUNAL,
4576,NI,Hornos mejorados,ONSURFACE,POOR,POOR,SURFACE,RAINFED,INDIVIDUAL,
4577,NI,Barreras vivas,50M_PLUS,GOOD,POOR,SURFACE,MIXED,INDIVIDUAL,Está cuenca se caracteriza por no contar con mantos de agua subterráneos.
4578,NI,Ecofogón Modelo Justa,,GOOD,POOR,SURFACE,RAINFED,COMMUNAL|INDIVIDUAL,
4579,NI,Sistema de tratamiento de aguas mieles,,GOOD,POOR,SURFACE,MIXED,COMMUNAL,En la zona solo hay disponibilidad de aguas superficiales
4582,NI,Sistema de captación de agua pluvial en techo,,POOR,POOR,SURFACE,RAINFED,COMMUNAL|INDIVIDUAL,La cantidad del agua por precipitación disminuye en años niño hasta 600 mm
4584,NI,Caldo Sulfocalcico,ONSURFACE,GOOD,GOOD,SURFACE,RAINFED,COMMUNAL,
4585,NI,Biofiltro para tratamiento de aguas grises,ONSURFACE,GOOD,GOOD,SURFACE,RAINFED,COMMUNAL,
4591,LS,In-field rain water harvesting,5_50M,MEDIUM,GOOD,BOTH,RAINFED,OPEN_ACCESS|COMMUNAL,There are natural springs which have have been developed by village water supply for community to access safe drinking water. There are seasonal streams around the area which communities use for washing and animal drinking.
4594,LS,Brush Layering,LESS_5M,GOOD,GOOD,BOTH,RAINFED,OPEN_ACCESS|COMMUNAL,Water quality is attributed to good range-land management as the erosion is minimal as well as parent rock
4595,LS,Gully head structure,5_50M,MEDIUM,GOOD,BOTH,RAINFED,OPEN_ACCESS|COMMUNAL,Most of water in this area is harvested from springs
4670,BD,"Strip tillage wheat production in degraded terraces of High Barind Tract, Rajshahi",5_50M,POOR,GOOD,GROUND,MIXED,COMMUNAL|INDIVIDUAL,Both irrigation and drinking water extracted from deep tubewell of Barind Multipurpose Development Authority (BMDA)
4671,BD,Alternate wetting and drying (AWD) method in rice cultivation,5_50M,POOR,GOOD,GROUND,MIXED,INDIVIDUAL,
4732,BD,Mound plantation in coastal area with non-mangrove plant species for land stabilization,LESS_5M,EXCESS,UNUSABLE,BOTH,RAINFED,OPEN_ACCESS,
4830,BD,Coppice management of Sal (Shorea robusta) forest,5_50M,MEDIUM,AGRICULTURALUSE,SURFACE,RAINFED,OPEN_ACCESS,
500,RS,New patented technology of raising forest and orchards in the extremely unfavorable environmental conditions,5_50M,MEDIUM,AGRICULTURALUSE,,RAINFED,OPEN_ACCESS|INDIVIDUAL,
5012,GB,Reduced tillage - Non-inversion and shallow cultivation in organic systems,LESS_5M,MEDIUM,,BOTH,RAINFED,,
507,KE,Farmer Managed Natural Regeneration (FMNR),5_50M,POOR,POOR,,RAINFED,COMMUNAL|INDIVIDUAL,"The water quality of surface water is poor and sometimes only suitable for livestock. Though due to few safe water sources, the households often have to use the surface run off for domestic use."
513,BO,Dynamic agroforestry systems,LESS_5M,GOOD,GOOD,,RAINFED,COMMUNAL,
514,BO,"Defensivo de piedra tipo ""acantilado""",5_50M,MEDIUM,AGRICULTURALUSE,,MIXED,COMMUNAL,
5150,MA,Limitation du cheptel dans les parcours,,MEDIUM,GOOD,GROUND,RAINFED,OPEN_ACCESS|COMMUNAL,
5166,MA,Agdal,,MEDIUM,POOR,SURFACE,RAINFED,OPEN_ACCESS|COMMUNAL,
5171,BD,Mainstreaming river water to facilitate irrigation in Barind,5_50M,POOR,GOOD,BOTH,MIXED,OPEN_ACCESS|LEASED,Area is above flood level
5172,KG,Application of crop rotation in farming conditions,5_50M,GOOD,AGRICULTURALUSE,BOTH,IRRIGATION,COMMUNAL,
5173,KG,Применение зеленых (сидератов) удобрений для повышения плодородия почв и предотвращения деградации,5_50M,GOOD,GOOD,BOTH,MIXED,COMMUNAL,
5176,MA,"Plantation de frêne (Fraxinus dimorpha) pour la lutte contre l'érosion, comme fourrage, et comme bois de feu",5_50M,POOR,GOOD,GROUND,RAINFED,OPEN_ACCESS|COMMUNAL,
5181,MA,Parcelle agroforestière expérimentale à Flilou,ONSURFACE,GOOD,GOOD,SURFACE,RAINFED,COMMUNAL,
5182,NP,Gravity-Fed Multiple Use Water System (MUWS) : Odaltaal,ONSURFACE,GOOD,GOOD,BOTH,OTHER,COMMUNAL,"Before the introduction of MUWS technology, the water used to be a problem during the dry seasons. However, after the technology was applied, the natural ground water source is conserved, people have been monitoring the water levels cautiously and nowadays, the water sustains the locals during the dry seasons as well.
Salinity is not a problem, but the presence of lime in the water is a problem."
5185,NP,Odaltaal-10 Single Use Water System,LESS_5M,MEDIUM,GOOD,BOTH,OTHER,COMMUNAL,
5186,GB,Silvopastoral Agroforestry – Perry pears and timber with mob grazed young dairy stock,LESS_5M,,,GROUND,RAINFED,LEASED,"Surface water flooding due to poor drainage, one aim of intervention is to help improve this."
5187,NL,Field Margin Strips,LESS_5M,GOOD,AGRICULTURALUSE,SURFACE,RAINFED,COMMUNAL,
5193,IN,Recharge Ponds and Recharge Trenches,5_50M,MEDIUM,GOOD,GROUND,RAINFED,OPEN_ACCESS|COMMUNAL,"Quantity: Water crisis has been a perennial problem in both the rural and urban areas of the Pithoragarh district
There is scarcity of safe drinking water of the villages in the study area. Hand pumps are often not functioning, pipe-water schemes are unreliable and the spring discharges have reduced during the dry season. Hand-pumped water often has a high iron content and bitter taste. Poor quality of groundwater in some of the naulas is mainly due to misuse and/or disuse of the structures. 

A block-district groundwater resource estimation could not be carried out as the area is hilly (with slope >20%) and in major part aquifers are small, isolated bodies, and groundwater abstraction is done mainly through hand pumps and springs with small discharges.

However, we collected some physicochemical parameters that indicate the water (sourced from springs) is of good quality: 

Water Quality Parameters of Springs:
pH: 6.29-8.18
Temp: 19.0-23.5 ºC
Electrical Conductivity: 109-504 µmsiemens 
Total Dissolved Solids: 75-385 ppm

Other Parameters (from springs of nearby district, Champawat) 
Electrical Conductivity: 127-222 µmsiemens 
pH: 7.69-8.24
Calcium: 16-36 mg/l 
Magnesium: 4.9-7.3 mg/l 
Bicarbonate: 61-134 mg/l 
Chloride: 5.3- 8.9 mg/l 
Total Hardness as CaCO3: 70-110 mg/l

Source: Government of India Ministry of Water Resources, Central Ground Water Board, 2009 Groundwater Brochure of Champawat District (2009"
5200,NP,Multiple Use Water System ( Gravity-Fed ),LESS_5M,GOOD,GOOD,BOTH,OTHER,COMMUNAL,"Before the introduction of MUWS technology, the water used to be a problem during the dry seasons. However, after the technology was applied, the natural ground water source is conserved, people have been monitoring the water levels cautiously and nowadays, the water sustains the locals during the dry seasons as well.
Salinity is not a problem, but the presence of lime in the water is a problem."
5201,IN,Stone Wall Fencing and Firebreak for Forest Protection,5_50M,MEDIUM,GOOD,GROUND,RAINFED,OPEN_ACCESS|COMMUNAL,"Quantity: Water crisis has been a perennial problem in both the rural and urban areas of the Pithoragarh district
There is scarcity of safe drinking water of the villages in the study area. Hand pumps are often not functioning, pipe-water schemes are unreliable and the spring discharges have reduced during the dry season. Hand-pumped water often has a high iron content and bitter taste. Poor quality of groundwater in some of the naulas is mainly due to misuse and/or disuse of the structures. 

A block-district groundwater resource estimation could not be carried out as the area is hilly (with slope >20%) and in major part aquifers are small, isolated bodies, and groundwater abstraction is done mainly through hand pumps and springs with small discharges.

However, we collected some physicochemical parameters that indicate the water (sourced from springs) is of good quality: 

Water Quality Parameters of Springs:
pH: 6.29-8.18
Temp: 19.0-23.5 ºC
Electrical Conductivity: 109-504 µmsiemens 
Total Dissolved Solids: 75-385 ppm

Other Parameters (from springs of nearby district, Champawat) 
Electrical Conductivity: 127-222 µmsiemens 
pH: 7.69-8.24
Calcium: 16-36 mg/l 
Magnesium: 4.9-7.3 mg/l 
Bicarbonate: 61-134 mg/l 
Chloride:  5.3- 8.9 mg/l 
Total Hardness as CaCO3: 70-110 mg/l

Source: Government of India Ministry of Water Resources, Central Ground Water Board, 2009 Groundwater Brochure of Champawat District (2009)"
5210,IN,Stone Check Walls and Check Dams for Soil and Water Conservation,50M_PLUS,MEDIUM,GOOD,GROUND,RAINFED,OPEN_ACCESS|COMMUNAL,"Quantity: Water crisis has been a perennial problem in both the rural and urban areas of the Pithoragarh district
There is scarcity of safe drinking water of the villages in the study area. Hand pumps are often not functioning, pipe-water schemes are unreliable and the spring discharges have reduced during the dry season. Hand-pumped water often has a high iron content and bitter taste. Poor quality of groundwater in some of the naulas is mainly due to misuse and/or disuse of the structures. 

A block-district groundwater resource estimation could not be carried out as the area is hilly (with slope >20%) and in major part aquifers are small, isolated bodies, and groundwater abstraction is done mainly through hand pumps and springs with small discharges.

However, we collected some physicochemical parameters that indicate the water (sourced from springs) is of good quality: 

Water Quality Parameters of Springs:
pH: 6.29-8.18
Temp: 19.0-23.5 ºC
Electrical Conductivity: 109-504 µmsiemens 
Total Dissolved Solids: 75-385 ppm

Other Parameters (from springs of nearby district, Champawat) 
Electrical Conductivity: 127-222 µmsiemens 
pH: 7.69-8.24
Calcium: 16-36 mg/l 
Magnesium: 4.9-7.3 mg/l 
Bicarbonate: 61-134 mg/l 
Chloride:  5.3- 8.9 mg/l 
Total Hardness as CaCO3: 70-110 mg/l

Source: Government of India Ministry of Water Resources, Central Ground Water Board, 2009 Groundwater Brochure of Champawat District (2009)"
5243,IN,"Broadleaf Plantations, Assisted Tree Regeneration and Fodder Nurseries for Sustainable Forest Management",5_50M,MEDIUM,GOOD,GROUND,RAINFED,OPEN_ACCESS|COMMUNAL,"Quantity: Water crisis has been a perennial problem in both the rural and urban areas of the Pithoragarh district
There is scarcity of safe drinking water of the villages in the study area. Hand pumps are often not functioning, pipe-water schemes are unreliable and the spring discharges have reduced during the dry season. Hand-pumped water often has a high iron content and bitter taste. Poor quality of groundwater in some of the naulas is mainly due to misuse and/or disuse of the structures. 

A block-district groundwater resource estimation could not be carried out as the area is hilly (with slope >20%) and in major part aquifers are small, isolated bodies, and groundwater abstraction is done mainly through hand pumps and springs with small discharges.

However, we collected some physicochemical parameters that indicate the water (sourced from springs) is of good quality: 

Water Quality Parameters of Springs:
pH: 6.29-8.18
Temp: 19.0-23.5 ºC
Electrical Conductivity: 109-504 µmsiemens 
Total Dissolved Solids: 75-385 ppm"
5246,TH,Biochar application for land improvement,ONSURFACE,MEDIUM,AGRICULTURALUSE,BOTH,MIXED,INDIVIDUAL,
527,HT,Traitement des ravines,,MEDIUM,POOR,,RAINFED,OPEN_ACCESS|COMMUNAL,
5380,NL,Increasing organic matter content on arable land,LESS_5M,GOOD,AGRICULTURALUSE,BOTH,MIXED,,
5381,NL,Flower strips on paths within crops to support functional agrobiodiversity,LESS_5M,GOOD,AGRICULTURALUSE,BOTH,MIXED,,
540,PK,Sub-surface water harvesting for an efficient use of water resources,5_50M,MEDIUM,GOOD,,RAINFED,COMMUNAL|INDIVIDUAL,"Due to floods in monsoon season, the discharge capacity increases."
542,AF,Gully treatment,5_50M,MEDIUM,GOOD,,MIXED,,Floods occur mainly during the rainy seasons in spring and autumn. Availability of surface water differs for the study villages Sari Joy and Jawaz Khana. Sari Joy has sources and good surface water availability. Jawaz Khana has poor water availability as water has to be fetched from a lower stream.
5488,GE,Remote Sensing as a Tool for Land Degradation Neutrality Monitoring,ONSURFACE,MEDIUM,POOR,BOTH,OTHER,OPEN_ACCESS,
5494,SI,Conservation tillage with incorporated mulched plant residues (mulch-till),LESS_5M,GOOD,AGRICULTURALUSE,SURFACE,RAINFED,INDIVIDUAL,"On Ljubljana moor, seasonal floods are occurring regularly due to the high water table."
550,BD,Pond Sand Filter (PSF) with Raised Embankment,5_50M,POOR,POOR,,RAINFED,OPEN_ACCESS,
5504,BD,Minimizing soil erosion through Natural Vegetative Strip (NVS) practice in slope cultivation,5_50M,GOOD,POOR,SURFACE,MIXED,OPEN_ACCESS,
5578,BE,Crop rotation,LESS_5M,GOOD,POOR,BOTH,RAINFED,OTHER,
5610,PK,Solar Power Water Lifting and  Application to Orchard through Drip Irrigation,5_50M,GOOD,AGRICULTURALUSE,SURFACE,IRRIGATION,COMMUNAL,Water is available in the river but fields are higher up than river
5613,BD,Sorjan - growing vegetables on raised beds in waterlogged areas,LESS_5M,EXCESS,UNUSABLE,GROUND,MIXED,COMMUNAL,In monsoon season there are frequent problems with waterlogging. In dry season the fresh water lens evaporates and saline ground water is to be found 2-5 meters below ground.
5617,LU,Common Agricultural Policy (CAP) agri-environment-climate measure: Rotation program,5_50M,GOOD,GOOD,GROUND,RAINFED,COMMUNAL,
5620,BE,Flower strips on field margins to attract beneficial insects,LESS_5M,GOOD,POOR,GROUND,RAINFED,OPEN_ACCESS,
5621,LK,Individual platforms and contour platforms,5_50M,MEDIUM,POOR,BOTH,RAINFED,INDIVIDUAL,
5644,FR,Hedgerows as shelter belts along agricultural fields,50M_PLUS,GOOD,POOR,BOTH,RAINFED,COMMUNAL,
5645,FR,Alley cropping - Agroforestry,50M_PLUS,GOOD,POOR,BOTH,RAINFED,COMMUNAL,
5673,KZ,Conservation Agriculture for cereal production in rainfed areas of Kazakhstan,5_50M,MEDIUM,POOR,BOTH,RAINFED,COMMUNAL,
5676,FR,Strip till to improve maize establishment,LESS_5M,MEDIUM,AGRICULTURALUSE,BOTH,RAINFED,INDIVIDUAL,
5678,FR,Rotation 2+2 of cereals in a no-tillage system,,EXCESS,,,RAINFED,INDIVIDUAL,rainfed system only
5680,FR,"Vegetation cover management on an organic, mixed livestock-crop farm",5_50M,MEDIUM,POOR,BOTH,RAINFED,INDIVIDUAL,
5681,FR,Hedgerow establishment on an agro-pastoral farm for dairy cows,5_50M,GOOD,POOR,BOTH,RAINFED,OPEN_ACCESS,
5684,NP,Soil Cement Water Collection Pond for Supplemental Irrigation Purpose in Dry Season,5_50M,MEDIUM,POOR,BOTH,RAINFED,OPEN_ACCESS|COMMUNAL,"Water source is mainly spring. 
More in rainy season (June- September), less in April/May; source: spring"
5687,CO,Increase in plantain production through split application of fertilizer,5_50M,GOOD,AGRICULTURALUSE,SURFACE,RAINFED,COMMUNAL|INDIVIDUAL,"En Colombia en el cultivo del plátano en su mayoría no se aplica riego, este se aplica solo en los cultivos de exportación."
5740,PK,Hydraulic Ram Pump assisted river water lifting and application of stored water through drip irrigation for alley cropping,5_50M,GOOD,AGRICULTURALUSE,SURFACE,IRRIGATION,INDIVIDUAL,Water is available in the river but fields are higher up than river
5750,IS,Seeding lupine for land reclamation and to protect the soil against wind erosion,LESS_5M,POOR,GOOD,GROUND,RAINFED,INDIVIDUAL,
5756,IS,Seeding lyme grass for land reclamation and to protect the soil against wind erosion,LESS_5M,MEDIUM,GOOD,GROUND,RAINFED,OPEN_ACCESS,
5761,BD,Organic agro-ecotourism in the low hills of the Chittagong Hills Tract,5_50M,EXCESS,GOOD,BOTH,MIXED,OPEN_ACCESS,Valleys sometimes subject to flash floods
5762,GE,Community Land Use Planning in Arkhiloskalo,5_50M,POOR,POOR,GROUND,RAINFED,COMMUNAL,
5763,CO,Agroforestry system of cacao and gallery forest,LESS_5M,EXCESS,POOR,SURFACE,MIXED,LEASED,"Rainy season occurs from April to November, during these months, especially July and October there is excess of water availability. Then, during dry season, especially at the end in March, water availability is scarce."
5769,BD,Choi cultivation- a profitable crop for saline areas of Bangladesh,5_50M,MEDIUM,UNUSABLE,SURFACE,MIXED,OPEN_ACCESS,
5770,JO,Marab - Water Harvesting Based Floodplain Agriculture,50M_PLUS,POOR,UNUSABLE,SURFACE,RAINFED,OTHER,
5775,KE,Conservation agriculture for maize-legume systems with velvet bean as a dense cover crop,5_50M,MEDIUM,POOR,BOTH,RAINFED,COMMUNAL|INDIVIDUAL,
578,PH,Mangroves as Buffer against Natural Hazards,,,UNUSABLE,,RAINFED,OPEN_ACCESS,Frequent flooding as mangrove forests are a part of the coastal marine ecosystem region
5797,CO,Sustainable traditional native bee (Melipona favosa) keeping,,MEDIUM,POOR,,RAINFED,INDIVIDUAL,"Drinking water is usually provided by ground water year round. During the wet season there is a generalized flood, and during the dry season there is severe drought. Thus, the water table level goes from surface to deeper than 9 m."
580,KE,Rock catchment,50M_PLUS,POOR,POOR,,RAINFED,OPEN_ACCESS|COMMUNAL,"The borehole which has been the main source of water is strongly saline and the community only use it when they can no longer find water from nearest (approximately 5 kilometres away) shallow wells. In addition, the borehole is run by diesel generator attracting high operations and maintenance costs. Earlier, breakdowns would necessitate water relief from NGOs and the government."
5801,ZA,"Ponds to establish micro catchments, harvest runoff water and reduce soil erosion.",5_50M,MEDIUM,GOOD,SURFACE,RAINFED,COMMUNAL|INDIVIDUAL,"Soil water saturation occurs after 10 to 20 mm of rainfall. Runoff occurs rapidly. River and tributaries are predominantly dry, excepting upwellings and springs, and only flow after prolonged or severe rain events"
5804,EG,Mechanized Raised Bed (MRB) Technology in a wheat based production system.,LESS_5M,GOOD,POOR,SURFACE,IRRIGATION,INDIVIDUAL,
5819,TN,Conservation Agriculture in Dryland Mixed Systems,LESS_5M,POOR,POOR,GROUND,RAINFED,COMMUNAL|INDIVIDUAL,
5820,IN,Supplemental Irrigation in a Legume-Cotton Production System,LESS_5M,MEDIUM,POOR,SURFACE,MIXED,INDIVIDUAL,
583,HT,Protection of water resources,LESS_5M,EXCESS,POOR,,RAINFED,COMMUNAL,"Intensive rainfalls lead to temporary excess of water, contributing to superficial erosion."
5837,CH,Biologische Weidewirtschaft von Kühen in einer Tierarche,LESS_5M,GOOD,POOR,SURFACE,RAINFED,COMMUNAL,"Stauwasser kann zum Problem werden, scheint aber gemäss dem Landwirten auf der Weide keine grossen Einflüsse zu haben."
5838,CH,Ackerbau Fruchtfolge auf anmoorigem Boden,LESS_5M,GOOD,POOR,SURFACE,MIXED,COMMUNAL,Viel Stauwasser nach Ereignissen mit mehr als 50 mm Niederschlag
5839,CH,Ökologische Ausgleichsfläche,LESS_5M,,POOR,SURFACE,RAINFED,COMMUNAL,
5844,CH,Gemüse- und Ackerbau im auf organischen Böden,LESS_5M,GOOD,POOR,SURFACE,MIXED,COMMUNAL,
5847,JO,Cactus Fruit Plantation in Arid Dry Lands,5_50M,POOR,POOR,BOTH,IRRIGATION,COMMUNAL,
5858,CO,Agronomic management recommendations for guava fruit trees (Psidium guajava),5_50M,GOOD,GOOD,,MIXED,OPEN_ACCESS,"En las zonas planas puede presentarse épocas de déficit hídrico que disminuye la disponibilidad de agua, se requiere de prácticas de uso eficiente de este recurso. Por la condición de algunas zonas de acumulación de bases en los suelos hay una tendencia a encontrar aguas con pH básicos que requieren de un tratamiento para su aplicación a través de sistemas de riego."
5860,JO,Mechanized micro water harvesting through ‘Vallerani’ tractor plough for central Jordanian Badia,50M_PLUS,POOR,UNUSABLE,GROUND,RAINFED,OTHER,
5861,KG,Tree windbreaks within irrigated agriculture in Central Asia,LESS_5M,GOOD,AGRICULTURALUSE,SURFACE,IRRIGATION,COMMUNAL,"Soil salinization and waterlogging do not play a role on the sites from where the information was collected for this introduction here. Though in parts of Kazakhstan, Uzbekistan, and Turkmenistan, where this windbreak SLM technology is being applied and can be expanded as well, salinization and water logging do play a role."
5862,JO,Gully plug,50M_PLUS,MEDIUM,AGRICULTURALUSE,SURFACE,RAINFED,,
5872,CO,Fríjol biofortificado Corpoica rojo 39 para la subregión natural del Caribe seco colombiano,50M_PLUS,POOR,AGRICULTURALUSE,,RAINFED,INDIVIDUAL,"En el Caribe seco, la mayor proporción de productores carecen de sistemas de riego y manejan el cultivo solo con la precipitación; además, ajustan la programación de siembras de acuerdo con los ciclos de lluvia. Solo un porcentaje cercano al 30 % utiliza riego suplementario, principalmente por aspersión, y en muy baja proporción se usa el sistema por goteo. Este último, cuando el frijol se rota con cultivos transitorios como melón y cilantro (Corpoica, 2018b) (figura 23). El frijol convencional en la costa Caribe requiere 500 mm de agua (Movilla, Gonzalez, & Marulanda, 1986). La época regional de siembra se presenta en abril y octubre, meses en los que hay mayor pluviosidad anual y, por tanto, la necesidad de riego es menor. El registro de precipitación se puede llevar con un pluviómetro ubicado en el lote y también se recomienda contar con un termómetro o termo higrómetro para conocer las variaciones
de precipitación o temperatura en el lote
Fuente: Adriana Patricia Tofiño Rivera, A. P., Cordero Cordero, C. C., Rozo Leguizamón, Y., & Tamayo Molano, P. J. (2019). Frijol biofortificado Corpoica Rojo 39: proceso de obtención varietal y sistema productivo para el Caribe seco. Mosquera Colombia: Corporación Colombiana de Investigación Agropecuaria (Agrosavia)."
5873,CO,Bacteria-based nitrogen biofertilizer: Monibac®,,MEDIUM,AGRICULTURALUSE,BOTH,MIXED,COMMUNAL,"Los suelos cultivados con algodón y pasturas son suelos secos. Para el Valle Interandinos se cuenta con distritos de riego, los cuales son los distribuidores de agua a los lotes productivos del Tolima y Huila."
5874,CO,A Soybean variety with high protein content and disease tolerance,ONSURFACE,POOR,,,MIXED,,El régimen de lluvias en monomodal de abril a diciembre con una precipitación promedio anual de 1.800 a 2.500 mm. Entre enero a marzo se presenta un periodo de intensa sequía mientras que el período lluvioso es intermitente con periodos cortos de estrés hídrico. El estrés hídrico (déficit hídrico > 4 días durante el desarrollo del cultivo) es uno de los factores abióticos más limitantes.
5876,CO,Variedad de arroz Llanura 11,LESS_5M,GOOD,AGRICULTURALUSE,SURFACE,RAINFED,INDIVIDUAL,Fluctuaciones estacionales.
5878,CO,Improvement of blackberry (Rubus glaucus) production by integrated fertilizer application,5_50M,MEDIUM,AGRICULTURALUSE,SURFACE,RAINFED,OPEN_ACCESS|INDIVIDUAL,"Las fuentes de agua provienen de la lluvia natural, ríos cercanos, tanques de almacenamiento de agua o acueductos veredales."
5879,CO,Tecnología para la recuperación y el manejo de praderas en la Orinoquía,LESS_5M,MEDIUM,UNUSABLE,GROUND,RAINFED,OPEN_ACCESS|INDIVIDUAL,"Para este caso la calidad del agua se refiere al agua que consumen los bovinos para lo cual se obtiene de pozos a una profundidad entre 4 y 5 m. En algunos casos se presenta alta concentración de hierro, pero en general es agua potable para los animales. Se presenta inundación temporal por causa de fuertes lluvias, pero después de 2 a 3 dias la inundación desaparece."
5914,UG,Piggery-Banana-Coffee technology,5_50M,MEDIUM,POOR,BOTH,RAINFED,OPEN_ACCESS,Major source of water supply is swamp and readily available all the time in both seasons dry and rain season
5916,UZ,Winter Chickpea Planting in Cold Dry Areas,5_50M,POOR,AGRICULTURALUSE,GROUND,RAINFED,INDIVIDUAL,
5917,OM,Liquid Pollination for Date Palm Production,5_50M,MEDIUM,AGRICULTURALUSE,BOTH,MIXED,COMMUNAL,
5919,TN,Native Drought-Tolerant Forage Species for Enhanced Dryland Pasture Restoration,5_50M,POOR,POOR,GROUND,RAINFED,COMMUNAL|INDIVIDUAL,
5925,BE,Maintenance of forest cover in headwaters,5_50M,GOOD,POOR,BOTH,RAINFED,COMMUNAL,
5929,DE,Freezing winter cover crops,LESS_5M,POOR,POOR,SURFACE,RAINFED,COMMUNAL,GWS: -2m
5930,HU,Afforestation of arable land,5_50M,GOOD,POOR,SURFACE,RAINFED,COMMUNAL,
5933,SI,Retention ponds,5_50M,GOOD,AGRICULTURALUSE,SURFACE,RAINFED,COMMUNAL,"Hydro melioration was carried out in the area, a drainage system and water retention systems (e.g. ponds and basins) were arranged."
5934,CZ,Grassing of Recharge Areas,LESS_5M,MEDIUM,AGRICULTURALUSE,BOTH,RAINFED,OPEN_ACCESS,"Water quality from agricultural drainage systems
(both tiles and ditches) has been discussed by the studies which draw attention to the reduced
quality of drainage waters caused by elevated concentrations of nutrients (N, P, C) and/or
pesticides."
5935,DE,Grassed waterways,LESS_5M,POOR,POOR,SURFACE,RAINFED,COMMUNAL,"Heavy rainfall events cause flooding in the thalweg and erosion on the hillsides of the arable land. The field with the grassed waterway has had repeated erosion problems, with soil material being washed onto the adjacent road."
5939,CZ,Constructed wetland with tile drainage,5_50M,MEDIUM,POOR,BOTH,RAINFED,OPEN_ACCESS|COMMUNAL,"The more often torrential rains are anticipated, the more attention is needed to pay to the design of the retention pond located prior the CW."
5940,NO,Small constructed wetland,LESS_5M,GOOD,AGRICULTURALUSE,BOTH,RAINFED,OPEN_ACCESS,
5967,MA,Diversified Cropping System: Relay Intercropping of Lentil with Quinoa,5_50M,POOR,POOR,GROUND,RAINFED,INDIVIDUAL,
5968,GB,Organic matter application to enhance soil health,LESS_5M,MEDIUM,GOOD,BOTH,RAINFED,,
5982,GB,Herbal leys in an organic dairy rotational grazing system,LESS_5M,MEDIUM,POOR,SURFACE,RAINFED,INDIVIDUAL,
5992,MA,Diversified Cropping System: Relay Intercropping of Lentils with Onions,5_50M,POOR,POOR,GROUND,MIXED,INDIVIDUAL,
5994,TN,Cactus Cultivation,5_50M,POOR,AGRICULTURALUSE,GROUND,RAINFED,COMMUNAL,
5995,UZ,Winter Wheat - Mung Bean Production System,5_50M,GOOD,AGRICULTURALUSE,BOTH,MIXED,INDIVIDUAL,
5996,LT,Wetland in the Stabė River,,GOOD,AGRICULTURALUSE,BOTH,MIXED,OPEN_ACCESS,
6000,ZA,Use of sediment retention fibre rolls (SRFR) and erosion blankets to stabilise slopes after fire,LESS_5M,MEDIUM,POOR,SURFACE,RAINFED,OTHER,
607,AF,Terraces with improved seed and fertilizer application,,MEDIUM,GOOD,,RAINFED,COMMUNAL,"Floods occur mainly during the rainy seasons in spring and autumn. Availability of surface water differs for the three study villages Sari Joy, Jawaz Khana, and Dashti Mirzai. Sari Joy has sources and good surface water availability. Jawaz Khana has poor water availability as water has to be fetched from a lower laying stream. Dashti Mirzai has good water availability also from an irrigation channel."
613,BF,Anti erosion measures,5_50M,MEDIUM,AGRICULTURALUSE,,RAINFED,OPEN_ACCESS,
6156,NO,Small retention ponds in the forest,LESS_5M,GOOD,AGRICULTURALUSE,BOTH,RAINFED,OPEN_ACCESS,
616,UG,Bench Terracing,50M_PLUS,GOOD,POOR,,RAINFED,COMMUNAL,Water quantity and quality is dependent on human activities and rainfall patterns
6163,TJ,Modified stoves to improve household energy efficiency and reduce impact on forests,5_50M,MEDIUM,GOOD,GROUND,MIXED,OPEN_ACCESS|COMMUNAL,
6164,TJ,Drip irrigation for kitchen gardens in dry areas,50M_PLUS,POOR,POOR,SURFACE,MIXED,,
6165,TJ,Production of drought-resistant fruit seedlings by women's groups.,LESS_5M,GOOD,GOOD,GROUND,IRRIGATION,COMMUNAL,
6169,NO,Grassed waterways,LESS_5M,GOOD,AGRICULTURALUSE,BOTH,RAINFED,OPEN_ACCESS,
6170,NO,Grass or stubble in areas prone to flooding and erosion,LESS_5M,GOOD,AGRICULTURALUSE,BOTH,RAINFED,OPEN_ACCESS,
6174,ZA,Silt fences to trap sediment in areas affected by gully erosion,5_50M,MEDIUM,GOOD,GROUND,RAINFED,OTHER,
6184,LK,Recycling rice husks in Sri Lanka as a biochar-based slow-release urea fertilizer,LESS_5M,GOOD,AGRICULTURALUSE,BOTH,MIXED,COMMUNAL,"The amount of water supplied through the irrigation is limited during the dry season (yala). The water quality is affected by soil macro-nutrients (N, P, K) added as fertilizers to the soil. Due to the undulating topography of the landscape, those soil nutrients can wash-off from higher positions to lower positions due to surface runoff and leaching into the ground water and accumulating in the water bodies in the lower positions of the catena."
619,UG,Percolation pits,50M_PLUS,GOOD,POOR,,RAINFED,COMMUNAL,Water quantity and quality is dependent on human activities and rainfall patterns. 
6190,UZ,Enriching pastures through phytomelioration,5_50M,POOR,POOR,GROUND,RAINFED,OTHER,Water in surface sources is polluted by drainage discharge from irrigated fields.
6192,UZ,Application of hydrogels for growing agricultural crops under low soil moisture conditions [Uzbekistan].,50M_PLUS,MEDIUM,GOOD,SURFACE,RAINFED,OTHER,"The rainfed zone is located in the upper reaches of the river basin, where surface water sources are free from anthropogenic pressure and are not polluted by human activities."
6194,HU,Permanent grass cover in vineyards,5_50M,GOOD,POOR,SURFACE,RAINFED,COMMUNAL,
6195,HU,Meadows and pastures,5_50M,MEDIUM,POOR,SURFACE,RAINFED,COMMUNAL,Either drought or heavy rainfalls occur
6196,HU,Water retention/sediment capture pond,5_50M,GOOD,GOOD,GROUND,RAINFED,COMMUNAL,"source of pollution is agriculture (manure, fertilisers, pesticides)"
6197,HU,Coarse woody debris to slow streamflow,LESS_5M,GOOD,POOR,SURFACE,RAINFED,COMMUNAL,
6199,HU,No-till agriculture,5_50M,MEDIUM,AGRICULTURALUSE,SURFACE,RAINFED,COMMUNAL,
620,BD,Floating Garden,ONSURFACE,EXCESS,AGRICULTURALUSE,,OTHER,OPEN_ACCESS|INDIVIDUAL,"Each year seasonal monsoon flooding. However, early flash (pre monsoon flood) occur only every 3 years."
6201,HU,Peak flow control structures (leaky woody dams),LESS_5M,MEDIUM,POOR,SURFACE,RAINFED,COMMUNAL,
6202,HU,Controlled traffic farming,LESS_5M,MEDIUM,POOR,SURFACE,RAINFED,COMMUNAL,
6203,HU,Buffer strips and hedges around cropland,5_50M,MEDIUM,POOR,SURFACE,RAINFED,COMMUNAL,
6204,HU,Vegetative riparian buffers,LESS_5M,GOOD,POOR,SURFACE,RAINFED,COMMUNAL,
6207,TZ,Cut stump,5_50M,MEDIUM,AGRICULTURALUSE,GROUND,MIXED,,"The underground water recharges quickly after rain seasons but due to limited vegetation cover, the rate of evapotranspiration is high thus the water remaining in the ground is very little."
6209,UZ,Agroforestry reclamation of rainfed areas,5_50M,POOR,GOOD,GROUND,RAINFED,INDIVIDUAL,There are no sources of surface water for drinking purposes in the rainfed areas. Underground water from wells or imported water is used for drinking.
6210,UZ,Внедрение нетрадиционных для богарных условий засухоустойчивых многолетних растений в целях повышения продуктивности богарного земледелия и животноводства,5_50M,POOR,GOOD,GROUND,RAINFED,INDIVIDUAL|OTHER,
623,TJ,Water points for livestock in daily pastures,50M_PLUS,MEDIUM,GOOD,,RAINFED,COMMUNAL,
6235,CH,Intercropping of grain legumes with cereals,LESS_5M,GOOD,AGRICULTURALUSE,SURFACE,MIXED,COMMUNAL,The increasing threat of heavy rainfall events due to climate change enhances the threat of flooding.
6236,LK,Crop-livestock integration to enhance soil productivity,5_50M,GOOD,GOOD,SURFACE,MIXED,INDIVIDUAL,"Nilambe water reservoir is located in the valley and provides water for drinking and irrigation purposes. Part of the micro-catchment of the surface water body/reservoir is occupied by farms where intensive agriculture, homegardens and cattle rearing are practised. Limited soil conservation practices, overuse of agrochemicals and improper waste management have led to contamination of water"
6239,SI,5-Year Crop Rotation,5_50M,GOOD,AGRICULTURALUSE,SURFACE,RAINFED,COMMUNAL,"Hydromelioration was carried out in the area, a drainage system and water retention systems (e.g. ponds and basins) were arranged."
6241,SI,Mulch-till,5_50M,GOOD,AGRICULTURALUSE,SURFACE,RAINFED,COMMUNAL,"Hydromelioration was carried out in the area, a drainage system and water retention systems (e.g. ponds and basins) were arranged."
6246,SI,Riparian buffer strips,5_50M,GOOD,AGRICULTURALUSE,SURFACE,RAINFED,COMMUNAL,"Hydromelioration was carried out in the area, a drainage system and water retention systems (e.g. ponds and basins) were arranged."
6248,CH,Revitalization of Riparian Zones,5_50M,GOOD,AGRICULTURALUSE,SURFACE,RAINFED,COMMUNAL,"The increasing threat of heavy rainfall events due to climate change enhances the threat of flooding which is why the revitalization is being implemented. Through enlargement of the riverbed and increasing surface roughness through vegetation, flooding of adjacent agricultural areas is expected to be less frequent. The effect of the plants directly on water quality/quantity are expected to be minor."
6250,PL,Subsoiling,LESS_5M,GOOD,POOR,BOTH,MIXED,INDIVIDUAL,
6257,DE,Strip-till,LESS_5M,MEDIUM,POOR,SURFACE,RAINFED,COMMUNAL,
6258,DE,Riparian buffer strip with naturally recovered vegetation,LESS_5M,POOR,POOR,SURFACE,RAINFED,COMMUNAL,
6259,CZ,Drainage Biofilter,LESS_5M,GOOD,AGRICULTURALUSE,BOTH,RAINFED,OPEN_ACCESS,"Water quality is threatened by non-point source (agricultural) pollution, in particular by increased leaching of nitrate nitrogen and pesticides and their metabolites"
6265,DE,Detention ponds,LESS_5M,POOR,POOR,SURFACE,RAINFED,COMMUNAL,
6266,DE,Hedges to subdivide fields and provide environmental benefits,LESS_5M,MEDIUM,POOR,SURFACE,RAINFED,COMMUNAL,
6272,CH,Drought-resistant crops,5_50M,GOOD,AGRICULTURALUSE,SURFACE,IRRIGATION,COMMUNAL,The increasing threat of heavy rainfall events due to climate change enhances the threat of flooding.
6319,LB,Runoff Pond Al Yakloum,50M_PLUS,MEDIUM,GOOD,GROUND,MIXED,INDIVIDUAL,
6347,GB,Silvopastoral Agroforestry with Cattle,LESS_5M,GOOD,POOR,GROUND,RAINFED,INDIVIDUAL,
6349,KE,Biochar application by smallholder farmers,,GOOD,POOR,,RAINFED,OPEN_ACCESS,
6397,TR,Traditional Cisterns,50M_PLUS,MEDIUM,GOOD,BOTH,MIXED,INDIVIDUAL,Reduced precipitation has a negative impact on the time or volume of water required to recharge cisterns. Decreased water recharging may increase water carbonate content originating from local carbonate rocks.
6415,ES,Organic agriculture in the cooperative orchards of Murcia University,LESS_5M,MEDIUM,GOOD,BOTH,IRRIGATION,OPEN_ACCESS,
6416,MA,Diversified Cropping System: Relay Intercropping of Lentils with Chickpeas,5_50M,POOR,POOR,GROUND,RAINFED,INDIVIDUAL,
6435,ES,Maintaining a 15th century irrigation system for a small orchard,LESS_5M,GOOD,GOOD,SURFACE,MIXED,INDIVIDUAL,
6437,PS,Rainwater Harvesting for Olive Production,5_50M,POOR,AGRICULTURALUSE,SURFACE,RAINFED,COMMUNAL,
6441,ES,Intercropping of orange orchard with vegetables in southern Spain,LESS_5M,GOOD,GOOD,SURFACE,MIXED,INDIVIDUAL,
6471,MG,Brachiaria Grass Strips,LESS_5M,GOOD,GOOD,GROUND,RAINFED,OPEN_ACCESS,
6472,MG,Crop Residue Management,5_50M,MEDIUM,POOR,GROUND,RAINFED,OPEN_ACCESS,
6473,MG,Crop Exclosures,5_50M,GOOD,POOR,GROUND,RAINFED,OPEN_ACCESS,
6474,MG,Intercropping of Maize and Cowpeas,5_50M,GOOD,GOOD,GROUND,RAINFED,OPEN_ACCESS|INDIVIDUAL,
6475,MG,Basket Composting,5_50M,MEDIUM,POOR,GROUND,RAINFED,INDIVIDUAL,
6476,MG,Cultivation of Rice Varieties Suited to Fields with Poor Drainage,5_50M,MEDIUM,POOR,GROUND,MIXED,OPEN_ACCESS,Flooding during the rainy season only
6478,MG,Employing Fascines (Vegetative Check Dams) in Land Management,5_50M,MEDIUM,POOR,GROUND,RAINFED,OPEN_ACCESS,
6479,MG,Contour Farming,5_50M,GOOD,POOR,GROUND,RAINFED,OPEN_ACCESS,
6480,MG,Grass strips enriched with Cajanus cajan,5_50M,MEDIUM,POOR,GROUND,RAINFED,OPEN_ACCESS,
6481,MG,Soil Regeneration through Cajanus cajan  (pigeon pea) mini-forests,5_50M,MEDIUM,POOR,GROUND,RAINFED,OPEN_ACCESS,
6482,MG,Reboisement Villageois Individuel (RVI),5_50M,MEDIUM,POOR,GROUND,RAINFED,OPEN_ACCESS,
6483,MG,Liquid Compost,LESS_5M,MEDIUM,AGRICULTURALUSE,SURFACE,MIXED,OPEN_ACCESS,
6486,TN,Small-Scale Nutrient-Dense Pellet Production,5_50M,POOR,POOR,GROUND,MIXED,COMMUNAL|INDIVIDUAL,This innovation can be implemented in many different environments.
6489,IN,Legumes in rice-based cropping systems,5_50M,POOR,POOR,GROUND,MIXED,COMMUNAL,
6507,KZ,Fundamental Improvement of Low-Productivity Pastures through Strip Planting of Perennial Drought-Resistant Grasses in the Foothill Semi-Desert Zone of Southeastern Kazakhstan,50M_PLUS,POOR,POOR,GROUND,RAINFED,COMMUNAL,
6518,BJ,Intercropping Pigeon Pea with Maize,5_50M,MEDIUM,POOR,GROUND,RAINFED,COMMUNAL,
6536,BJ,Dry season grazing in cropland,5_50M,MEDIUM,GOOD,GROUND,RAINFED,COMMUNAL,
6563,ET,Panicum coloratum for irrigated fodder,50M_PLUS,POOR,AGRICULTURALUSE,SURFACE,IRRIGATION,OPEN_ACCESS,"Diversion/river water is used for irrigation. There is ample water provide that there is pump to convey the water to the nearby farm. In the rainy season, the river is turbid and full of eroded soil from the upstream catchments. However, the depth of the water table is variable based on the distance of the farm from the edge of the river. Around the main river basin, the water table is shallow but too deep as one go away from the river basin."
6599,GH,Farmer Managed Natural Regeneration(FMNR),LESS_5M,GOOD,GOOD,GROUND,RAINFED,COMMUNAL|INDIVIDUAL,
6600,KE,Farmer managed natural regeneration in smallholdings,5_50M,MEDIUM,GOOD,BOTH,RAINFED,COMMUNAL|INDIVIDUAL,FMNR rely on natural environmental conditions
6601,TN,Individual Dry-Stone Basins,50M_PLUS,POOR,AGRICULTURALUSE,BOTH,RAINFED,INDIVIDUAL,
661,NE,Improved millet variety HKP,50M_PLUS,POOR,POOR,,RAINFED,COMMUNAL,
6610,TN,Stone Lines,50M_PLUS,MEDIUM,AGRICULTURALUSE,BOTH,RAINFED,INDIVIDUAL,
6615,SN,Régénération Naturelle Assistée (RNA) : une alternative pour inverser la dégradation des terres,50M_PLUS,MEDIUM,GOOD,GROUND,RAINFED,,
6619,KZ,Introduction of sweet sorghum into rice crop rotations to restore degraded saline lands and diversify agricultural production,LESS_5M,MEDIUM,POOR,BOTH,IRRIGATION,COMMUNAL,"Water mineralization from 1.1 to 3.2 g/l, chloride-sulfate-sodium composition"
6621,ET,Multistorey agroforestry,5_50M,GOOD,POOR,GROUND,RAINFED,OPEN_ACCESS,"Surface water is available year-round with fluctuation of the volume with the season. Besides, pollution is high during the rainy season because of soil erosion from the upstream."
6623,ET,Livestock Urine Collection and Use,5_50M,MEDIUM,GOOD,BOTH,RAINFED,OPEN_ACCESS,"Surface and groundwater quality in the highland areas of Sidama region was not suggested as an issue. Rather, surface water can be polluted by soil erosion before the crops cover the ground."
6628,ET,Cover crops,5_50M,EXCESS,AGRICULTURALUSE,GROUND,RAINFED,OPEN_ACCESS|INDIVIDUAL,"Seldom, when heavy rainfall is intercepted, there is a flood event."
663,NE,Improved cowpea variety (IT90k372-1-2),50M_PLUS,POOR,POOR,,RAINFED,COMMUNAL,
6630,ET,Relay Intercropping,5_50M,GOOD,POOR,GROUND,RAINFED,OPEN_ACCESS,
664,BD,Emergency infrastructure including shelter and linked transport infrastructure,5_50M,MEDIUM,GOOD,,MIXED,COMMUNAL|INDIVIDUAL,In the dry season water crisis occurs. Open defecation and use of pesticide in farming are key pollutants of water sources.
6641,ET,Treating acid soils with lime,5_50M,GOOD,POOR,GROUND,RAINFED,OPEN_ACCESS,
6643,ET,Vermicomposting,5_50M,GOOD,POOR,GROUND,MIXED,OPEN_ACCESS,
6644,ET,Crop Residue Management,5_50M,GOOD,GOOD,SURFACE,RAINFED,OPEN_ACCESS|COMMUNAL,
6645,ET,Green Manures,5_50M,GOOD,GOOD,SURFACE,RAINFED,OPEN_ACCESS|LEASED,
6646,ET,Bioslurry,5_50M,GOOD,GOOD,SURFACE,RAINFED,OPEN_ACCESS,
6648,KE,Compost for organic waste management and improved crop yields,5_50M,GOOD,POOR,BOTH,RAINFED,OPEN_ACCESS|INDIVIDUAL,"There are several boreholes in the area and according to interviews with some borehole owners, the depts are not more than 50 metres."
6649,ET,Improved Compost,5_50M,GOOD,GOOD,SURFACE,RAINFED,OPEN_ACCESS,
6652,BJ,The Half-Moon Technique,5_50M,MEDIUM,GOOD,GROUND,RAINFED,COMMUNAL|LEASED,
6655,TN,Mechanical Benches,50M_PLUS,GOOD,POOR,BOTH,RAINFED,INDIVIDUAL,
6660,IN,Eradication of Lantana Camara (invasive species) for Soil Rehabilitation on Private Land,50M_PLUS,MEDIUM,POOR,BOTH,RAINFED,COMMUNAL|INDIVIDUAL,"The locations have a river flowing close to the area; however, access to the surface and sub-surface water is a primary concern."
6663,TN,Contour tillage,50M_PLUS,GOOD,POOR,BOTH,RAINFED,INDIVIDUAL,
6664,BJ,Mulching and Cover Cropping,5_50M,POOR,GOOD,GROUND,MIXED,COMMUNAL,
6665,BJ,Biochar Production and Application to Improve Soils,LESS_5M,MEDIUM,POOR,GROUND,MIXED,COMMUNAL,
6666,TN,Dry Stone Walls,50M_PLUS,MEDIUM,AGRICULTURALUSE,BOTH,RAINFED,INDIVIDUAL,
6667,TN,Meslin: Mixed crops of cereals and legumes,50M_PLUS,GOOD,GOOD,BOTH,MIXED,INDIVIDUAL,
6668,TN,Seed Cleaning and Treatment,50M_PLUS,GOOD,AGRICULTURALUSE,GROUND,IRRIGATION,COMMUNAL,
6669,TN,Small-Scale Seed Cleaning Unit,5_50M,POOR,POOR,,MIXED,COMMUNAL|INDIVIDUAL,
6671,BJ,Crop Residue Management with Minimum Tillage,5_50M,MEDIUM,GOOD,GROUND,RAINFED,COMMUNAL,
6672,BJ,Gmelina-Based Agroforestry,5_50M,GOOD,GOOD,GROUND,RAINFED,COMMUNAL,
6674,TN,Biological consolidation of mechanical benches with olive trees,50M_PLUS,POOR,AGRICULTURALUSE,BOTH,MIXED,INDIVIDUAL,
6675,KE,Retention ditches for soil and water conservation,5_50M,GOOD,POOR,BOTH,RAINFED,COMMUNAL,"There are several boreholes in the area and according to interviews with some borehole owners, the depts are not more than 50 metres. Lake Victoria is a permanent surface water body in the area."
6677,BF,Pit Composting,5_50M,MEDIUM,POOR,BOTH,RAINFED,COMMUNAL,
6678,TN,Legume inoculation with Rhizobium,ONSURFACE,GOOD,AGRICULTURALUSE,SURFACE,MIXED,INDIVIDUAL,
6679,BJ,Production of Cassava - a Drought Tolerant Crop,5_50M,GOOD,GOOD,SURFACE,RAINFED,COMMUNAL,
668,AF,Afforestation for firewood production,5_50M,MEDIUM,GOOD,,MIXED,COMMUNAL,"Floods occur mainly during the rainy seasons in spring and autumn. Availability of surface water varies in the three study villages. Sari Joy and Dashti Mirzai have good surface water availability, which is also food for drinking. Jawaz Khana has poor water both in quality and availability. Water has to be fetched from a distant stream."
6680,BJ,Mucuna as a cover crop to improve soil fertility,5_50M,GOOD,GOOD,GROUND,RAINFED,COMMUNAL,
6682,BJ,Contour ploughing and residue management,5_50M,GOOD,GOOD,GROUND,RAINFED,COMMUNAL,
6683,BJ,Staggered Planting as a Climate Change Adaptation Strategy,5_50M,GOOD,POOR,GROUND,RAINFED,COMMUNAL,
6685,KE,Vermicomposting: an effective liquid fertilizer and biopesticide,5_50M,GOOD,POOR,BOTH,MIXED,OPEN_ACCESS,"There are several boreholes in the area and according to interviews with some borehole owners, the depts are not more than 50 metres."
6686,BJ,Short-Cycle Varieties of Maize,5_50M,MEDIUM,GOOD,GROUND,RAINFED,COMMUNAL,
6687,BF,Tiarako dyke,5_50M,MEDIUM,POOR,BOTH,RAINFED,OPEN_ACCESS|COMMUNAL,
6689,IN,Community Based Soil Rehabilitation for Grassland on Common Lands after Eradication of the Invasive Lantana Camara,5_50M,MEDIUM,POOR,BOTH,RAINFED,COMMUNAL,"The groundwater status is within the safe limits as per the reports by the Government of Madhya Pradesh. People use water from rivers, streams, and traditional small wells for domestic purposes. In the absence of good vegetative cover, the rainwater washes off the fertile topsoil from the farmlands making the land barren and resulting in the siltation of ponds and other water bodies. Further, a heavy infestation of invasive species such as Lantana Camara compounds the degradation. The studied block Bichhiya is in a better position in terms of stage of groundwater development with 17%, while the average of the district is 7%. (stage of groundwater development refers to the % of groundwater being used for various purposes from the available groundwater in that area e.g. net annual groundwater availability in Bichhiya block is 9087 ham (hectare meters) while the existing annual ground water draft for all usage is 1523 ham, making it a 17% groundwater development stage)

Source: http://cgwb.gov.in/District_Profile/MP/Mandla.pdf"
669,AF,Establishment of improved orchards and vineyards,5_50M,MEDIUM,GOOD,,MIXED,COMMUNAL,"Floods occur mainly during the rainy seasons in spring and autumn. Availability of surface water differs for the three study villages Sari Joy, Jawaz Khana, and Dashti Mirzai. Sari Joy has sources and good surface water availability. Jawaz Khana has poor water availability as water has to be fetched from a lower laying stream. Dashti Mirzai has good water availability also from an irrigation channel."
6690,IN,Biochar Production from the Invasive Species Lantana Camara,5_50M,MEDIUM,POOR,BOTH,RAINFED,COMMUNAL|INDIVIDUAL,"The groundwater status is within the safe limits as per the reports by the Government of Madhya Pradesh. People use water from rivers, streams, and traditional small wells for domestic purposes. In the absence of good vegetative cover, the rainwater washes off the fertile topsoil from the farmlands making the land barren and resulting in the siltation of ponds and other water bodies. Further, a heavy infestation of invasive species such as Lantana Camara compounds the degradation.
The studied block Bichhiya is in a better position in terms of stage of groundwater development with 17%, while the average of the district is 7%. The stage of groundwater development refers to the % of groundwater being used for various purposes from the available groundwater in that area e.g. net annual groundwater availability in Bichhiya block is 9087 ham (hectare meters) while the existing annual ground water draft for all usage is 1523 ham, making it a 17% groundwater development stage. 
Source: http://cgwb.gov.in/District_Profile/MP/Mandla.pdf"
6691,BF,Filtering dyke,5_50M,GOOD,POOR,BOTH,RAINFED,COMMUNAL,
6693,IN,Biochar Application on Homestead Land,5_50M,MEDIUM,POOR,BOTH,MIXED,COMMUNAL|INDIVIDUAL,"The pre-monsoon groundwater level in the area ranges from 3 to 14 meters below ground level. (District at Glance, Mandla, Central Ground Water Board, 2013). The locations have a river flowing close to the area; however, access to the surface and sub-surface water is a primary concern. Basaltic lava flows of the Deccan trap underlie the Mandla District.  All blocks of the district including project block Bichhiya are categorized as safe blocks. The net groundwater availability in the district is 53779 hectare meters (ham), and the groundwater draft for all uses is 8205 ham, making the Stage of Groundwater Development 15% as a whole for the district. The area's topography, soil, and geology do not let water remain for long durations, causing water scarcity in summer. The irrigation facilities are poor and limited to areas adjoining dams and canals."
6695,IN,"Preparation of Bio-Inputs such as Vermicompost, Biofertilizers, and Biopesticides",50M_PLUS,MEDIUM,POOR,BOTH,MIXED,COMMUNAL|INDIVIDUAL,"The groundwater status is within the safe limits as per the reports by the Government of Madhya Pradesh. People use water from rivers, streams, and traditional small wells for domestic purposes. In the absence of good vegetative cover, the rainwater washes off the fertile topsoil from the farmlands making the land barren and resulting in the siltation of ponds and other water bodies. Further, a heavy infestation of invasive species such as Lantana Camara compounds the degradation. 

The studied block Bichhiya is in a better position in terms of stage of groundwater Development with 17%, while the district average is 7%.

Source: http://cgwb.gov.in/District_Profile/MP/Mandla.pdf"
6697,IN,Pre-Monsoon Dry Sowing (PMDS),5_50M,MEDIUM,POOR,BOTH,RAINFED,COMMUNAL|INDIVIDUAL,"The region has several small streams and tributaries that flow through it, primarily seasonal and originating in the hills. The area is also known for its waterfalls, including the Patalpani waterfall, a popular tourist destination."
6699,KE,Permanent soil cover,5_50M,GOOD,GOOD,BOTH,RAINFED,OPEN_ACCESS,"There are several boreholes in the area and according to interviews with some borehole owners, the depts are not more than 50 metres."
670,AF,Contour hedgerows of alfalfa in annual cropland,5_50M,MEDIUM,GOOD,,RAINFED,COMMUNAL,"Floods occur mainly during the rainy seasons in spring and autumn. Availability of surface water differs for the two study villages Sari Joy and Jawaz Khana. Sari Joy has relatively good surface water availability, also for drinking. Jawaz Khana has poor water both in quality and availability.  Water has to be fetched from a lower lying stream."
6701,KE,Push-pull crop pest control,5_50M,MEDIUM,GOOD,GROUND,RAINFED,COMMUNAL,"There are several boreholes in the area and according to interviews with some borehole owners, the depths are not more than 50 metres."
6702,KE,Lime application to acid soils,5_50M,GOOD,POOR,BOTH,MIXED,COMMUNAL|INDIVIDUAL,"There are several boreholes in the area and according to interviews with some borehole owners, the depths are not more than 50 metres."
6704,BF,Organic Manure-Based Fertilization,5_50M,GOOD,POOR,BOTH,RAINFED,COMMUNAL,
6705,KE,Vegetative cross-slope barriers,5_50M,GOOD,POOR,BOTH,RAINFED,OPEN_ACCESS|INDIVIDUAL,
6708,BF,Establishment of Grassed Strips,5_50M,GOOD,POOR,BOTH,RAINFED,OPEN_ACCESS,
671,AF,Rotational grazing to restore degraded pastures,5_50M,MEDIUM,GOOD,,RAINFED,COMMUNAL,Floods occur mainly during the rainy seasons in spring and autumn. Availability of surface water differs for the villages of Sari Joy and Jawaz Khana. Sari Joy has good surface water availability. Jawaz Khana has poor water availability as water has to be fetched from a stream lower down.
6715,ET,Water Spreading Weirs,50M_PLUS,POOR,POOR,GROUND,RAINFED,COMMUNAL|INDIVIDUAL,"Rainfall is characterized by erratic and erosive nature. Therefore, flooding is common when heavy rain is intercepted."
6716,ET,Double Basin Masonry Check Dam,50M_PLUS,POOR,GOOD,GROUND,RAINFED,COMMUNAL|INDIVIDUAL,The water quality is a relative description as it is not supported by facts. Both livestock and human beings are using ponds and still water for drinking after rainfall.
6719,BF,Producing and Using Agroforestry Tree Seedlings,5_50M,GOOD,POOR,BOTH,MIXED,INDIVIDUAL,
672,AF,Rehabilitation  of degraded pastures with alfalfa,5_50M,MEDIUM,GOOD,,MIXED,COMMUNAL,"Floods occur mainly during the rainy seasons in spring and autumn. Availability of surface water differs for the three study villages Sari Joy, Jawaz Khana, and Dashti Mirzai. Sari Joy has sources and good surface water availability. Jawaz Khana has poor water availability as water has to be fetched from a lower laying stream. Dashti Mirzai has good water availability also from an irrigation channel."
6721,IN,Improved Cattle Shed Flooring for Conservation of Cow Dung and Urine for Biofertilizer Production at Farm Level,50M_PLUS,MEDIUM,POOR,BOTH,MIXED,COMMUNAL|INDIVIDUAL,"The groundwater status is within the safe limits as per the reports by the Government of Madhya Pradesh. People use water from rivers, streams, and traditional small wells for domestic purposes. In the absence of good vegetative cover, the rainwater washes off the fertile topsoil from the farmlands making the land barren and resulting in the siltation of ponds and other water bodies. Further, a heavy infestation of invasive species such as Lantana Camara compounds the degradation.

The studied block Bichhiya is in a better position in terms of stage of groundwater development with 17%, stage of groundwater development refers to the % of groundwater being used for various purposes from the available groundwater in that area e.g. net annual groundwater availability in Bichhiya block is 9087 ham (hectare meters) while the existing annual groundwater draft for all usage is 1523 ham, making it a 17% groundwater development stage, while the district average is 79%. 
Source: http://cgwb.gov.in/District Profile/MP/Mandla.pdf"
6722,BF,Gully Treatment,5_50M,MEDIUM,POOR,BOTH,RAINFED,OPEN_ACCESS|COMMUNAL,
6724,IN,Multilayer Farming Systems For Ensuring Food Diversity And Increasing Resilience,50M_PLUS,,GOOD,BOTH,MIXED,OPEN_ACCESS,"On an average 26.3 per cent of the cultivated area is under irrigation, out of which 71.5 per cent is under well irrigation (including lift irrigation) and remaining area is under canal irrigation. (http://www.kvk.pravara.com/pages/District%20Profile/District%20Profile.htm)

The overall stage of ground water development for the district is quite high i.e., 79.8%. Further ground water development is not recommended without adhering to the precautionary measures i.e., artificial recharge to augment the ground water resources and adoption of ground water management practices. Ground water quality in the wells
monitored by the concerned authorities in the district is affected because of high NO3 concentrations. (http://cgwb.gov.in/District_Profile/Maharashtra/Ahmadnagar.pdf)"
6728,IN,City Compost: A Solution For Waste Management And Soil Health Improvement,50M_PLUS,POOR,AGRICULTURALUSE,GROUND,MIXED,COMMUNAL|INDIVIDUAL,"A large majority of the area is a water scarce area with a dry long spell being a common feature. As indicated above the quality of water is also poor, which makes it even unusable for irrigation. During the last couple of years there has been enormous efforts to develop the surface water harvesting infrastructure in project areas."
6729,BF,Vegetation of contour stone bunds using herbaceous species,5_50M,GOOD,POOR,BOTH,RAINFED,OPEN_ACCESS,
673,AF,Improved livestock shed for better health and productivity,5_50M,MEDIUM,GOOD,,,COMMUNAL,"Floods occur mainly during the rainy seasons in spring and autumn. Availability of surface water differs for the three study villages Sari Joy, Jawaz Khana, and Dashti Mirzai. Sari Joy has sources and good surface water availability. Jawaz Khana has poor water availability as water has to be fetched from a low lying stream. Dashti Mirzai has good water availability also from an irrigation channel."
6731,BF,Minimum Tillage,5_50M,GOOD,POOR,BOTH,RAINFED,OPEN_ACCESS,
6735,IN,Sustainable Biochar Production Through Agroforestry Systems And Its Application,5_50M,GOOD,POOR,BOTH,MIXED,COMMUNAL|INDIVIDUAL,"The groundwater level at 3 meters below ground level in 2019 indicates water table that lies within 3-5 meters below ground level (m bgl) or less is considered shallow. This level often indicates good accessibility to groundwater, making it relatively easier for extraction using shallow wells or hand pumps."
6739,TN,Drought tolerant barley variety: 'Kounouz',LESS_5M,POOR,POOR,GROUND,RAINFED,COMMUNAL|INDIVIDUAL,
674,AF,Community fodder bank for sustaining supplies,5_50M,MEDIUM,GOOD,,RAINFED,COMMUNAL,"Floods occur mainly during the rainy seasons in spring and autumn. Availability of surface water differs for the three study villages Sari Joy, Jawaz Khana, and Dashti Mirzai. Sari Joy has sources and good surface water availability. Jawaz Khana has poor water availability as water has to be fetched from a lower-down stream. Dashti Mirzai has good water availability - also from an irrigation channel."
6742,MG,Pares-feux agricoles,5_50M,MEDIUM,POOR,GROUND,RAINFED,OPEN_ACCESS,
6785,KZ,Creation of sown cultural pastures for summer-autumn use in the conditions of the foothill zone of south-eastern Kazakhstan,5_50M,POOR,GOOD,BOTH,RAINFED,,
6788,KZ,Возделывание сахарного сорго в бинарных посевах с люцерной на засоленных почвах Кызылординской области,LESS_5M,MEDIUM,POOR,BOTH,IRRIGATION,COMMUNAL,Недостаток поливной воды в летний период
6804,MA,Drought tolerant durum wheat variety: Jawahir,5_50M,POOR,POOR,GROUND,RAINFED,INDIVIDUAL,
6818,BT,Leaf Litter Collection for FYM Production,,GOOD,GOOD,SURFACE,MIXED,COMMUNAL,
6820,NL,Soil improvement in orchards through use of bokashi (fermented clippings),LESS_5M,GOOD,AGRICULTURALUSE,BOTH,MIXED,,
6821,BT,Low-Cost Plastic-Lined Water Harvesting Pond,,GOOD,AGRICULTURALUSE,SURFACE,MIXED,COMMUNAL,
6822,BT,Traditional Soil Fertility Management through FYM Application,5_50M,GOOD,GOOD,SURFACE,MIXED,COMMUNAL,
6823,BT,Sexed semen technology,,GOOD,GOOD,SURFACE,MIXED,OPEN_ACCESS,"In accordance with the land users, the quantity of water is more than enough and the quality of the water is also very good compared to the past."
6829,BT,Geocoding of Million Fruit Trees for Monitoring and Tracking,,MEDIUM,AGRICULTURALUSE,SURFACE,MIXED,COMMUNAL,The availability of water in Mewang Gewog was a concern since a decade ago. Irrigation water was not enough for every farmers which resulted in delayed paddy plantation.
6830,BT,Securing Food Through Electric Fencing,,GOOD,GOOD,SURFACE,MIXED,COMMUNAL,
6836,BT,Mechanical Bench Terracing,,MEDIUM,AGRICULTURALUSE,SURFACE,MIXED,COMMUNAL,"However, excess rain can cause flooding in the terrace but instances like this has never happened."
6839,BT,Rehabilitation of Fallow Land Through Agroforestry,,GOOD,GOOD,SURFACE,RAINFED,COMMUNAL,
6842,BT,Water Source Protection,,GOOD,GOOD,SURFACE,MIXED,COMMUNAL,Water quantity and quality have been greatly improved with the intervention of water source protection. These three water sources provide drinking water to Mongar town and Mongar hospital.
6844,BT,Vegetable Intercropping in Apple Orchards,5_50M,GOOD,GOOD,SURFACE,MIXED,COMMUNAL,There are no risks of flooding as the area is located on hills.
6846,BT,Protected Agriculture for High Value Crops,,MEDIUM,POOR,SURFACE,IRRIGATION,COMMUNAL,There is a water shortage during the winter season.
6847,BT,Citrus Canopy Management and Rehabilitation Program,,GOOD,GOOD,SURFACE,MIXED,COMMUNAL,
6849,BT,Climate Resilient Irrigation Scheme,5_50M,GOOD,GOOD,SURFACE,MIXED,COMMUNAL,The source of the water serve for both drinking and irrigation purposes.
6853,BT,Springshed Revival through Trenches and Checkdams,ONSURFACE,MEDIUM,GOOD,BOTH,MIXED,COMMUNAL,
6854,BT,Contour Grass Hedgerows on Steep Slopes,,MEDIUM,AGRICULTURALUSE,SURFACE,RAINFED,OPEN_ACCESS,The flooding of the area occurs mostly due to heavy rainfall and some surface water.
6855,BT,Managed Burning of Rangeland,,GOOD,GOOD,SURFACE,RAINFED,OPEN_ACCESS,
6857,BT,Lake Revival:  Towards Environmental Conservation,5_50M,GOOD,GOOD,SURFACE,MIXED,COMMUNAL,
6859,BT,Cane and Bamboo Plantation to Sustain Raw Materials,,MEDIUM,GOOD,SURFACE,MIXED,COMMUNAL,
6860,BT,Use of Dummy Tigers to Repel Wild Animals,5_50M,GOOD,GOOD,SURFACE,MIXED,COMMUNAL|INDIVIDUAL,"A landslide in the community was recorded in 1991, losing about one acre of land."
6864,BT,Plastic mulching for cash crops,5_50M,MEDIUM,GOOD,SURFACE,MIXED,COMMUNAL,
6865,BT,Biogas plant,,,GOOD,SURFACE,MIXED,COMMUNAL,"Recently, staff from the Ministry of Health tested the water quality, and the land user told that the water is good and drinkable."
6869,BT,Stall-Feeding of Dairy Cows,,GOOD,GOOD,,MIXED,INDIVIDUAL,
6871,BT,Terrace Consolidation by Machine,,GOOD,GOOD,,MIXED,COMMUNAL|INDIVIDUAL,
6874,BT,Vermicomposting,,GOOD,GOOD,,IRRIGATION,COMMUNAL,
6876,BE,Undersowing grass in maize as a cover crop,LESS_5M,GOOD,POOR,,RAINFED,INDIVIDUAL,
6878,LU,Shallow rotary tillage with microbial digestion,5_50M,GOOD,GOOD,BOTH,RAINFED,COMMUNAL,
6879,NL,Agroforestry on arable land,LESS_5M,GOOD,POOR,BOTH,MIXED,COMMUNAL,
689,NE,Rehabilitation and protection of the rangeland of Guidan Issa,50M_PLUS,MEDIUM,POOR,,RAINFED,OPEN_ACCESS,
6891,BT,Contour Stone Bunds,,MEDIUM,GOOD,GROUND,MIXED,OPEN_ACCESS,
6898,BT,Improved Dairy Shed,,GOOD,GOOD,SURFACE,MIXED,COMMUNAL,
6933,MN,Conservation agriculture to restore abandoned cropland,5_50M,GOOD,GOOD,BOTH,RAINFED,INDIVIDUAL,It depends on intensity of rainfall.
698,TJ,River training dam,50M_PLUS,EXCESS,GOOD,,MIXED,COMMUNAL,"Seasonal floods/high runoff in spring time, when heavy rain coincides with snowmelt."
700,NE,Multi-Nutritional Fodder Blocks for livestock,5_50M,POOR,POOR,,RAINFED,COMMUNAL,
7000,PH,Floating Vegetable Garden Using Water Hyacinth as Planting Medium,ONSURFACE,EXCESS,UNUSABLE,BOTH,MIXED,COMMUNAL,"For the past three (3) years, the community has observed that flooding is all year round"
7002,TN,ICT2Scale – supporting smallholder farmers with cellphone-based services via SMS,5_50M,POOR,AGRICULTURALUSE,GROUND,RAINFED,COMMUNAL|INDIVIDUAL,
7094,NL,Alley cropping with nut trees,LESS_5M,GOOD,AGRICULTURALUSE,BOTH,RAINFED,COMMUNAL,
711,UG,Soil and Water Conservation Channels,50M_PLUS,GOOD,POOR,,RAINFED,COMMUNAL,Water quantity and quality is dependent on human activities and rainfall patterns
7121,KE,Integrated soil fertility management (ISFM),,MEDIUM,AGRICULTURALUSE,SURFACE,RAINFED,,
7125,ES,Reforestation of degraded agricultural land.,50M_PLUS,POOR,GOOD,SURFACE,RAINFED,INDIVIDUAL,The area studied is an agricultural area in a forest environment with problems of drought and advancing desertification.
7126,PT,Monitoring and Management of Agroforestry using SmartAG,,POOR,AGRICULTURALUSE,,RAINFED,INDIVIDUAL,
7129,DE,Improved Forest management,5_50M,,GOOD,GROUND,RAINFED,OTHER,"Flooding occurs only after very heavy rainfall, when certain weather conditions apply. The latest major floods were in 2003, 2013 and 2024."
7138,CH,Organic Agriculture (DOK Experiment),5_50M,GOOD,GOOD,GROUND,RAINFED,OTHER,
7140,NL,Peatland Rewetting,LESS_5M,GOOD,,,MIXED,COMMUNAL,
7142,ID,Agroforestry and Reforestation for Improved Livelihoods and Ecosystem Services,5_50M,MEDIUM,POOR,GROUND,RAINFED,OPEN_ACCESS,
716,EG,Calcareous soils management,5_50M,GOOD,AGRICULTURALUSE,,IRRIGATION,INDIVIDUAL,
719,UG,Farming God's Way,50M_PLUS,GOOD,POOR,,RAINFED,COMMUNAL,
7197,AE,Solar Mobile Dryer (SMD),5_50M,POOR,POOR,BOTH,MIXED,INDIVIDUAL,"Because the SMD is mobile and processes the harvest, the natural situation is not that essential. However, ideally, it should be placed in warm and sunny areas."
723,HN,Huellas de concreto (rutas de evacuación),5_50M,MEDIUM,GOOD,,,COMMUNAL,La disponibilidad del agua varía mucho según las estaciones. 
7254,TH,Ked Forest Park: : a Prototype for Community Indigenous Plant Management,,GOOD,AGRICULTURALUSE,SURFACE,MIXED,OPEN_ACCESS,
7260,SA,Cross-Wadi Water Harvesting Structures,50M_PLUS,POOR,GOOD,GROUND,MIXED,OTHER,
7274,TH,SUNN HEMP  AS  A SOIL AMENDMENT AND FOR  MITIGATION OF SALINITY,ONSURFACE,GOOD,AGRICULTURALUSE,SURFACE,MIXED,,
7276,TH,INTEGRATED AGRICULTURE-BASED LAND USE IN AREAS WITH SALINE SOILS,ONSURFACE,GOOD,AGRICULTURALUSE,SURFACE,MIXED,INDIVIDUAL,
7303,AE,A Water-Energy-Food (WEF) efficient net house,50M_PLUS,MEDIUM,AGRICULTURALUSE,GROUND,IRRIGATION,INDIVIDUAL,
731,IN,Multigrain Nutrient Ball,5_50M,EXCESS,POOR,,,LEASED|INDIVIDUAL,
7346,IT,Reconstitution of Soils,5_50M,MEDIUM,AGRICULTURALUSE,GROUND,MIXED,COMMUNAL,
7348,TN,Shallow tillage (15-20cm),5_50M,POOR,GOOD,SURFACE,MIXED,COMMUNAL,
735,HN,Curved and tiered live hedges,LESS_5M,GOOD,POOR,,RAINFED,COMMUNAL,
736,HN,V shaped catchment fence using Izote (Yucca sp.),5_50M,GOOD,POOR,,RAINFED,COMMUNAL,
7366,IN,Transforming a coconut monocrop into a multi-storey food forest,5_50M,POOR,GOOD,GROUND,MIXED,INDIVIDUAL,"Pollachi, the place where the farm is located, water quality fluctuates throughout the year, particularly due to agricultural runoff and effluents from nearby industrial activities."
7380,SA,Tree Plantation Pits in Arid Zones,5_50M,POOR,UNUSABLE,GROUND,MIXED,OTHER,One to three floodings a year.
7387,VN,Multi-storey intercropping with coffee and fruit trees,50M_PLUS,POOR,GOOD,,MIXED,OPEN_ACCESS,
7402,AF,Reseeding local fodder species in Bamyan rangelands using indigenous and scientific methods,5_50M,GOOD,GOOD,GROUND,RAINFED,COMMUNAL|INDIVIDUAL,"Water salinity does not appear to be a major problem in Bamyan. Most water sources, including those originating from snow and glacier melt, show good quality for drinking, with low to moderate salinity levels. However, localized issues such as high total dissolved solids (TDS) or electrical conductivity (EC) have been identified in certain areas, indicating potential salinity concerns, particularly for irrigation or drinking in specific contexts."
7419,SA,ري النباتات الصحراوية باعادة استخدام علب السماد السائل البلاستيكية,50M_PLUS,POOR,GOOD,GROUND,MIXED,OPEN_ACCESS,منطقة لا تتوفر فيها مصادر مياه
7423,IN,TRANSFORMING VILLAGE WASTELAND INTO A RICH PASTURE,50M_PLUS,POOR,AGRICULTURALUSE,GROUND,RAINFED,OPEN_ACCESS,
744,HN,Fascine drainage,LESS_5M,GOOD,POOR,,RAINFED,COMMUNAL,
7440,UA,Organic Agriculture with Reduced Tillage,LESS_5M,GOOD,,BOTH,RAINFED,,
7443,AF,"Agroforestry to improve soil fertility, water retention, and sustainable income for local communities",5_50M,EXCESS,GOOD,BOTH,MIXED,OPEN_ACCESS|COMMUNAL,"In years with heavy snowfall, water availability increases, and springs are replenished. Conversely, during drought years, water resources decrease significantly. From July to September, a water shortage is commonly experienced, prompting farmers to transport water from canals using animals. Additionally, some farmers rely on groundwater specifically for irrigating saplings. This seasonal variation in water supply is critical for agricultural practices in the province."
7446,MN,Buryat sheepfold-style fencing exclosures,5_50M,GOOD,GOOD,BOTH,RAINFED,COMMUNAL,"The availability of surface water is important in Khentii province, and various lakes, rivers, and springs are identified, but many of these water sources are either drying or have experienced changes in water quality over time, as evidenced by the statistics on dried-up sources."
7454,AF,Restoration in the High Conservation Value Forests (HCVF) through community-led initiatives in Paktya,5_50M,MEDIUM,GOOD,BOTH,MIXED,COMMUNAL|LEASED,
7459,AF,Implementing Site Quarantine to reduce rangeland degradation in the highlands of Badghis,50M_PLUS,MEDIUM,GOOD,BOTH,RAINFED,COMMUNAL,
7460,AF,Learning Site to promote Sustainable Land and Forest Management Practices in Khost,5_50M,GOOD,GOOD,BOTH,MIXED,COMMUNAL,"The water quality meets site requirements; however, seasonal fluctuations occur due to droughts. Floods in the lower gully, carry debris and sediments that can impact the source."
7463,SI,Non-winter-hardy honey-producing cover crops,5_50M,GOOD,AGRICULTURALUSE,SURFACE,RAINFED,COMMUNAL,"Hydromelioration was carried out in the area, a drainage system and water retention systems (e.g. ponds and basins) were arranged."
7473,AF,Using lift irrigation for afforestation and agroforestry in Kunar,50M_PLUS,MEDIUM,GOOD,BOTH,MIXED,COMMUNAL|INDIVIDUAL,
7481,AF,Gravity Irrigation for enhancing Community-Based Restoration efforts in the degraded forests of Paktya,LESS_5M,EXCESS,GOOD,BOTH,IRRIGATION,COMMUNAL,As the water from spring harvesting through pipes and accumulated in reservoirs can reduced the evaporation and stored for 2 or 3 days in reservoirs that can excess the water quantity for irrigation purposes.
749,HN,Community protection of water infrastructure from hazards caused by disasters,LESS_5M,GOOD,POOR,,RAINFED,COMMUNAL,Rain causes sporadic floods.
750,HN,Community protection of microbasins through reforestation,50M_PLUS,GOOD,GOOD,,RAINFED,COMMUNAL,
7507,SI,Crimson clover as an overwintering cover crop for nitrogen supply,5_50M,GOOD,POOR,GROUND,RAINFED,COMMUNAL|LEASED,"In Slovenia all drinking water is treated by chlorine. If we compare it to the rest of the world, we have good drinking water, but we never use it untreated."
7552,IN,Community seed banks,5_50M,POOR,POOR,GROUND,MIXED,COMMUNAL|INDIVIDUAL,
7553,UZ,Gradoni Orchard Terraces,5_50M,POOR,AGRICULTURALUSE,BOTH,RAINFED,OTHER,
7556,SA,اقواس حصاد المياه على منحدرات الجبال - منتزه الغاط الوطني,50M_PLUS,MEDIUM,AGRICULTURALUSE,BOTH,MIXED,COMMUNAL,المنطقة عبارة عن وادي محاط بالجبال والهضاب. المياه السطحية تأتي في مواسم الامطار ويوجد سد في اخر الوادي يغذي المياه الجوفية العميقة
7557,UZ,Contour trenches and contour strips,5_50M,POOR,AGRICULTURALUSE,BOTH,RAINFED,OTHER,
7567,GE,Controlled Grazing,ONSURFACE,MEDIUM,GOOD,SURFACE,RAINFED,OPEN_ACCESS|COMMUNAL,"Sufficient water quality and quantity were seen by all stakeholders as essential for success in use of the livestock in the SLM technology as described here. Clean, accessible water supports digestion, feed intake, reproduction, and reduces stress-related behaviours. Strategically managed water resources also improves efficiency. To achieve this, water points were designed with adequate offtake capacity to meet herd demand, minimizing competition and preventing dominant animals from guarding access out of fear that supply will run out."
7606,LA,Integrating Garlic into Rice Crop Rotation,5_50M,MEDIUM,AGRICULTURALUSE,SURFACE,IRRIGATION,COMMUNAL,
7607,LA,Restoring degraded land through grass planting for livestock production,LESS_5M,MEDIUM,UNUSABLE,BOTH,RAINFED,INDIVIDUAL,
7629,SA,تقنية تثبيت الرمال باستخدام سعف النخيل الجاف بالكثبان الرملية بالقرب من بحيرة الاصفر-محافظة الاحساء,5_50M,MEDIUM,AGRICULTURALUSE,GROUND,RAINFED,INDIVIDUAL,
7648,IT,Organic Farming of Table Grapes,LESS_5M,MEDIUM,AGRICULTURALUSE,BOTH,IRRIGATION,COMMUNAL,"Water quality deriving from the above ground dams is of good quality but during the summer irrigation season is not enough to satisfy farmers needs, then many of them have drilled wells and pump groundwater for their needs. Often such water is saline."
7674,IL,Conversion of conventional monoculture farmland into a food forest,5_50M,POOR,AGRICULTURALUSE,BOTH,MIXED,INDIVIDUAL,
7685,SO,Rock Check Dam for Gully Erosion Control,50M_PLUS,POOR,POOR,GROUND,RAINFED,OPEN_ACCESS,"There are no permanent surface-water bodies; runoff only occurs during short, intense rain events in ephemeral streams and gullies. For most of the year the gully is dry, and water for people and livestock comes from scattered shallow wells and berkads. Droughts and long dry spells are frequent"
7690,BR,Viveiro Agroflorestal Comunitário de Produção de Mudas Nativas da Caatinga em assentamento de reforma agrária,50M_PLUS,MEDIUM,POOR,BOTH,RAINFED,OPEN_ACCESS,"Quando ocorre chuvas acima da média, a cada 20 ou 30 anos em média, o riacho Curituba sobe bastante sua cota de água pelo aumento de sua vazão, inundando áreas maiores de suas margens, afetando plantações e áreas destinadas para criação de animais."
7696,SO,Soil and Water Conservation through Half-Moon Structures,50M_PLUS,POOR,POOR,GROUND,RAINFED,OPEN_ACCESS,"Beyra village in Galkacyo district faces severe water scarcity, characterized by both limited availability and poor water quality. The area has very few functional wells, and existing water sources—including shallows and birkads—are insufficient to meet community needs, particularly during prolonged dry seasons.
In terms of water quality, groundwater from the available wells is generally saline and brackish, making it unsuitable for direct human consumption without treatment and limiting its use for livestock and agriculture. Seasonal surface water harvested earth dam and birkads is highly variable, unreliable, and vulnerable to evaporation and contamination.
Overall, the village experiences chronic water stress due to a combination of inadequate water infrastructure, low storage capacity, and poor water quality, underscoring the urgent need for improved water harvesting systems, groundwater assessment, and appropriate water treatment and management interventions."
7697,BR,Manejo Florestal em Área de Projeto de Assentamento,50M_PLUS,POOR,POOR,GROUND,RAINFED,COMMUNAL|INDIVIDUAL,
7698,BR,Produção Agroecológica Integrada e Sustentável (PAIS) em comunidade rural no semiárido,50M_PLUS,POOR,POOR,BOTH,MIXED,OPEN_ACCESS|INDIVIDUAL,"A cada 20, 30 anos ou mais ocorrem chuvas bem acima da média na região ocasionando inundações"
7700,BR,Arranjo Agroflorestal Adaptado à Caatinga,5_50M,GOOD,POOR,BOTH,MIXED,INDIVIDUAL,
7706,BR,Viveiro Florestal de Produção de Mudas Nativas em Comunidade Indígena no Semiárido,50M_PLUS,GOOD,POOR,BOTH,RAINFED,COMMUNAL,"As enchentes são esporádicas (a cada 20, 30 anos ou mais na época das chuvas bem acima da média na região). No entanto, além das chuvas, há outro fator que interfere a comunidade indígena: o hidrelétrica de Xingó, que fica a 60 Km a montante da comunidade. Quando a hidrelétrica libera uma vazão acima de 3.500 m3/s, a comunidade fica ""ilhada"", isolada pela entrada de água do rio em uma abertura natural que circula a comunidade (por isso a comunidade também é chamada de Ilha de São Pedro, pois, antes da construção da hidrelétrica, a comunidade ficava ilhada na época das grandes cheias do rio. Atualmente ocorre em decorrência da vazão liberada pela hidrelétrica, que é influenciada pelas chuvas no alto curso do rio em Minas Gerais)."
7709,BR,Barramento com Rocha Ombreirada para Cultivo em Aluvião com espécies da Socioetnobiodiversidade,50M_PLUS,POOR,POOR,BOTH,RAINFED,COMMUNAL|INDIVIDUAL,"As inundações ocorrem com as chuvas acima da média, a cada 10, 20 ou 30 anos, ou seja, chuvas acima de 750mm/ano"
7712,SO,Xidda hafir basin,50M_PLUS,GOOD,POOR,GROUND,RAINFED,OPEN_ACCESS|COMMUNAL,"The groundwater extracted from wells in this region is generally brackish and falls below drinking water standards. Surface-water supply is very seasonal and based solely on the presence or absence of precipitation. In the wet season, the hafir operates as a surface water catchment bond where runoff from the surrounding catchment is collected and stored."
7713,BR,"Sistema Agroflorestal Forrageiro com palma forrageira, umbuzeiro, craibeira e mandacaru",50M_PLUS,POOR,POOR,BOTH,RAINFED,COMMUNAL|INDIVIDUAL,
7716,BR,Reflorestamento de áreas degradadas com hidrogel,50M_PLUS,POOR,GOOD,GROUND,MIXED,COMMUNAL,Área com baixa disponibilidade de água
7717,BR,Meliponário em comunidade fundo de pasto no semiárido,50M_PLUS,POOR,POOR,BOTH,MIXED,COMMUNAL|INDIVIDUAL,
7719,BR,Reflorestamento de áreas em Desertificação com plantas em cano PVC,50M_PLUS,MEDIUM,GOOD,BOTH,MIXED,COMMUNAL,
7720,BR,Sistema Agroflorestal com plantio de mudas em tubetes orgânicos e reciclados,50M_PLUS,GOOD,GOOD,BOTH,MIXED,INDIVIDUAL,
7721,BR,Plantio da Faveleira (Cnidoscolus quercifolius) para reversão de áreas em Desertificação,50M_PLUS,MEDIUM,GOOD,BOTH,RAINFED,INDIVIDUAL,Pouca pluviosidade na região e alta recorrência de secas
7722,BR,Agrofloresta sobre barragem subterrânea integrada a cisterna telhadão,50M_PLUS,MEDIUM,GOOD,BOTH,MIXED,INDIVIDUAL,
7723,BR,Manejo de abelhas para conservação ambiental em unidade produtiva casa de mel,50M_PLUS,MEDIUM,GOOD,BOTH,MIXED,INDIVIDUAL,
7724,BR,Sistema Agroflorestal Forrageiro para recuperação de áreas degradadas,50M_PLUS,MEDIUM,GOOD,BOTH,RAINFED,INDIVIDUAL,
7725,BR,Agroecossistema produtivo familiar para resiliência climática,50M_PLUS,MEDIUM,GOOD,BOTH,MIXED,INDIVIDUAL,
7727,BR,Sistemas Integrado de Reuso de Águas Cinzas e Evapotranspiração,50M_PLUS,MEDIUM,GOOD,BOTH,RAINFED,INDIVIDUAL,
7728,BR,Plantio em curvas de níveis integrado a Barragem de Base Zero para contenção de erosão,50M_PLUS,MEDIUM,GOOD,BOTH,MIXED,INDIVIDUAL,
7729,BR,Sistema aquapônico aplicado a produção de hortaliças e frutas,50M_PLUS,MEDIUM,GOOD,BOTH,IRRIGATION,INDIVIDUAL,
7730,BR,Jardim filtrante para reuso de águas cinzas e saneamento rural produtivo,50M_PLUS,MEDIUM,GOOD,BOTH,MIXED,INDIVIDUAL,
7731,BR,Sistema Sustentável de Criação da Abelha Jandaíra em Caixas de Madeira,50M_PLUS,POOR,POOR,GROUND,MIXED,INDIVIDUAL,
7734,BR,Reator Anaeróbico de Fluxo Ascendente e Biodigestor Sertanejo integrados as atividades produtivas,50M_PLUS,MEDIUM,GOOD,BOTH,IRRIGATION,INDIVIDUAL,
7737,BR,Forno Solar,50M_PLUS,GOOD,POOR,GROUND,MIXED,INDIVIDUAL,
7740,BR,Canteiro Bioséptico para Tratamento de Águas Negras em Áreas Rurais do Semiárido Brasileiro,50M_PLUS,POOR,POOR,GROUND,MIXED,INDIVIDUAL,
7741,BR,Extrativismo Florestal Sustentável em Área Protegida: Reserva Extrativista Chapada Limpa,5_50M,GOOD,POOR,BOTH,MIXED,COMMUNAL|INDIVIDUAL,
7752,SO,Soil and water conservation and pasture management through check dams and fencing,5_50M,MEDIUM,POOR,BOTH,RAINFED,COMMUNAL,Communities get drinking water from fenced dam in the village and treatment is required.
7777,SO,Kaluun-Dacar Water Harvesting Haffir,5_50M,MEDIUM,POOR,SURFACE,MIXED,COMMUNAL|INDIVIDUAL,"Flooding occurs only during occasional heavy rainfall events and is not frequent. It is short-term and localized, mainly associated with intense storms."
7778,SO,Integrated Land Management for Gully Erosion Control through Gabions and Rock Check Dams in Guri Gaab Village,5_50M,MEDIUM,AGRICULTURALUSE,BOTH,RAINFED,COMMUNAL|INDIVIDUAL,Surface water availability is seasonal and mainly associated with runoff during Gu and Deyr rains. Intense rainfall events can cause short-term flooding and gully erosion. Groundwater is accessed at moderate depths and is mainly used for agricultural and domestic purposes after treatment.
7779,MN,Well rehabilitation and restoration technology,5_50M,POOR,GOOD,GROUND,RAINFED,OPEN_ACCESS|COMMUNAL,"The water supply is based on a groundwater aquifer, and the water quality is suitable for livestock drinking and domestic use. Surface water sources are not permanent and are mainly seasonal. The well location was carefully selected to reduce the risk of flooding, thereby minimizing the risk of water contamination."
779,BD,Keyhole Garden,LESS_5M,EXCESS,POOR,,MIXED,OPEN_ACCESS,
7792,MN,Household silage making in winter shelters,5_50M,POOR,GOOD,BOTH,MIXED,OPEN_ACCESS,
7806,SA,تقنية متكاملة لإعادة تأهيل الاودية: الحماية والحصاد المائي في البيئة الجافة / منتزه الصفرات,ONSURFACE,POOR,UNUSABLE,SURFACE,RAINFED,INDIVIDUAL,
7808,SA,الهندسة البيئية للأودية وتقنيات حصاد المياه الذكية لاستعادة الغطاء النباتي في المناطق شديدة الجفاف – منتزه الصهوة الوطني,50M_PLUS,POOR,AGRICULTURALUSE,SURFACE,RAINFED,OPEN_ACCESS,تتسم الموارد المائية في الموقع بندرة شديدة واعتماد شبه كامل على مياه الأمطار والسيول السطحية المؤقتة، حيث لا يتجاوز متوسط الهطول المطري السنوي نحو 45 ملم، مع تذبذب واضح وارتفاع في شدة الأمطار يؤدي إلى حدوث سيول مفاجئة قصيرة المدة وسريعة الفقد. وتُعد هذه السيول المصدر الرئيسي للمياه، إذ لا توجد مصادر سطحية دائمة أو اعتماد فعلي على المياه الجوفية. وقد ساهمت تدخلات حصاد المياه (مثل السدود الحجرية وإعادة توزيع الجريان داخل الأودية) في تحسين كفاءة استغلال هذه الموارد النادرة وزيادة رطوبة التربة بشكل موضعي، خاصة في مجاري الأودية والمناطق المنخفضة. أما من حيث النوعية، فالمياه طبيعية وغير ملوثة، وتُستخدم أساسًا لدعم العمليات البيئية والتجدد الطبيعي للغطاء النباتي، وليس للاستخدامات البشرية المباشرة
7809,SA,حصاد مياه الأمطار باستخدام الحفر نصف الدائرية (قوس هلالي) لزراعة اشجار المرخ بين الكثبان الرملية,50M_PLUS,MEDIUM,AGRICULTURALUSE,GROUND,MIXED,COMMUNAL,
7810,SA,التشجير المقاوم للملوحة بإستعمال مياه متملحة لتعزيز استقرار الغطاء النباتي في البيئات الصحراوية - غابة بحيرة الأصفر ,ONSURFACE,POOR,AGRICULTURALUSE,SURFACE,OTHER,COMMUNAL,من النادر حدوث فيضانات لكن تم تسجيل ان البحيرة فاضت بسبب انهيار أحد الكثبان الرملية بداخلها قبل بضع سنوات
7811,SA,إعادة تأهيل السهول الحصوية بالحماية والتجدد الطبيعي والتشجير بالأنواع المحلية – متنزه أبا سمري الوطني,50M_PLUS,POOR,AGRICULTURALUSE,SURFACE,RAINFED,COMMUNAL,تحدث فيضانات موسمية على شكل سيول سريعة وقصيرة المدة في قيعان الأودية نتيجة الهطول المطري الغزير، وتتميز بقدرتها على نقل الرواسب وتغذية التربة بالمياه. وتُعد هذه الفيضانات عاملًا مهمًا يمكن استثماره في تقنيات حصاد المياه، رغم ما قد تسببه من تعرية موضعية في بعض المواقع.
7813,SA,إبطاء الجريان السطحي بالمدرجات الحجرية والتشجير المنظّم في وادي الفقي – منتزه شعيب المحالب,50M_PLUS,POOR,AGRICULTURALUSE,SURFACE,MIXED,COMMUNAL|OTHER,لا تستخدم المياه الجوفية في ري الشتلات ولكن يتم استخدام مياه الصرف الصحى المعالجة ومياه الأمطار
7814,SA,التجدد الطبيعي المدعوم على نطاق واسع وحفظ التربة والمياه في الأراضي الجافة: حالة منتزه ثادق,5_50M,MEDIUM,AGRICULTURALUSE,GROUND,MIXED,COMMUNAL," تعتمد التقنية أساسًا على مياه الأمطار والجريان السطحي المحصود، مع إمكانية ري تكميلي مؤقت خلال مرحلة التأسيس من المياه الجوفية الضحلة.
"
7815,SA,استعادة الغطاء النباتي في الأودية باستخدام تقنيات حصاد مياه الأمطار – منتزه أبو فحيحيل المفتوح,50M_PLUS,MEDIUM,AGRICULTURALUSE,BOTH,MIXED,COMMUNAL,تعتمد المنطقة على مياه الأمطار الموسمية التي تتسبب في جريان سطحي مؤقت وقد تؤدي إلى سيول، بينما المياه الجوفية عميقة ومحدودة الاستخدام، وتعد جودة المياه السطحية مناسبة بشكل رئيسي لأغراض إعادة التأهيل البيئي.
7824,MN,Producing wild cherry seedlings in a schoolyard nursery,5_50M,MEDIUM,GOOD,BOTH,IRRIGATION,COMMUNAL,
7835,MW,Maize-Pigeon Pea Intercropping,5_50M,MEDIUM,GOOD,GROUND,RAINFED,COMMUNAL,
7837,MN,Protection and Sustainable Management of Khoovor Spring,ONSURFACE,POOR,POOR,SURFACE,RAINFED,COMMUNAL,"No site-specific laboratory water-quality or salinity data were available at the time of documentation. Before fencing, local users reported visible muddiness and contamination caused by direct livestock access. The spring is an important water source for livestock."
7841,MN,Lamb Fattening Practice for Sustainable Rangeland Management,5_50M,MEDIUM,AGRICULTURALUSE,BOTH,RAINFED,COMMUNAL,"No site-specific hydrogeological measurements are available. Water sources and their seasonal availability vary among the documented grazing areas. Herders generally depend on locally available wells, springs, rivers and seasonal surface-water sources for livestock watering. No salinity or recurrent flooding problem affecting implementation of the Technology was reported. The Technology itself does not modify groundwater or surface-water resources."
7843,MN,Restoration of Cynomorium songaricum through Host Plant Conservation and Management,5_50M,POOR,GOOD,GROUND,MIXED,OPEN_ACCESS|COMMUNAL,Surface water is limited in the Gobi Desert region. Irrigation water was obtained mainly from wells and applied as supplementary irrigation during dry periods to support restoration activities.
7845,SA,استعادة بيئية تفاعلية للأودية الجافة بمنصات حصاد مياه الأمطار والتشجير – منتزه البهيتة الوطني,50M_PLUS,,,,RAINFED,OPEN_ACCESS,تعتمد التقنية بالكامل على حصاد مياه الأمطار والجريان السطحي الموسمي داخل الأودية، ولا تعتمد على الري الدائم أو استخراج المياه الجوفية. تتميز مياه السيول عادة بجودة جيدة وملوحة منخفضة، وتوفر رطوبة كافية لدعم استقرار الشتلات بعد العواصف المطرية. وقد صُممت منصات الحصاد لتقليل سرعة الجريان وزيادة تسرب المياه إلى منطقة الجذور، مع الاستفادة من الفيضانات الموسمية دون التسبب في أضرار للتربة أو النباتات.
7848,SA,التشجير المحمي وتطوير الموائل لتعزيز التنوع الحيوي في الأودية شديدة الجفاف بمنتزه حريملاء الوطني,50M_PLUS,POOR,AGRICULTURALUSE,GROUND,RAINFED,LEASED,يعتمد الموقع بصورة رئيسة على مياه الأمطار والجريان السطحي الموسمي في الأودية، والتي يتم استثمارها من خلال تقنيات حصاد المياه لدعم إعادة تأهيل الغطاء النباتي. ولا توجد مياه سطحية دائمة، بينما تقع المياه الجوفية على أعماق كبيرة ولا تمثل المصدر الرئيس للتقنية. ولا تُعد ملوحة المياه قيدًا رئيسًا، وتُسهم السيول الموسمية في تغذية الأودية وزيادة رطوبة التربة وتعزيز التجدد الطبيعي للنباتات المحلية.
7851,SA,التشجير الموقعي بالأنواع النباتية المحلية في البيئات الجبلية – منتزه الطائف الوطني,50M_PLUS,MEDIUM,GOOD,SURFACE,MIXED,COMMUNAL,يعتمد النظام البيئي في متنزه الطائف الوطني (سيسد) بصورة رئيسية على مياه الأمطار والجريان السطحي الموسمي في الأودية والشعاب، بينما لا تمثل المياه الجوفية المصدر الرئيس للمياه المستخدمة في إعادة التأهيل. وتتميز المياه السطحية عمومًا بجودة جيدة وعدم وجود مشكلة ملوحة مؤثرة. ونظرًا للطبيعة الجبلية للموقع، تحدث سيول موسمية بعد الأمطار الغزيرة، وقد استُثمرت هذه الخاصية من خلال تطبيق تقنيات حصاد مياه الأمطار والتشجير الموقعي لزيادة احتجاز المياه داخل الموقع، وتحسين رطوبة التربة، وتعزيز نجاح واستدامة الغطاء النباتي.
7855,MN,Gravity-fed plastic-lined water retention pond with river headworks,,MEDIUM,AGRICULTURALUSE,SURFACE,MIXED,OTHER,"The Technology uses surface water diverted from the Uliastai River. Surface water availability is seasonal and variable: it is greater during snowmelt, rainfall and periods of higher river flow but becomes limited during dry periods. The groundwater table was not measured, and groundwater is not used by the Technology. No site-specific laboratory water-quality results were available; therefore, the untreated water is classified for agricultural use and livestock watering only and should not be considered safe drinking water without testing and treatment. No salinity problem or recurrent flooding was documented at the assessed site, although high-flow and flash-flood events may occur and the infrastructure should be inspected after such events."
907,ES,Aserpiado,5_50M,MEDIUM,,,RAINFED,,
935,HT,Terra Preta raised garden beds,50M_PLUS,MEDIUM,POOR,,RAINFED,OPEN_ACCESS|INDIVIDUAL,
938,ZA,Vetiver grass soil conservation system,,,,,RAINFED,,
939,ES,Reduced contour tillage of cereals in semi-arid environments,5_50M,POOR,AGRICULTURALUSE,,RAINFED,INDIVIDUAL,There is a lowering of groundwater table due to overexploitation for irrigation purposes.
940,KE,Small-scale conservation tillage,,,,,MIXED,,
941,KE,"Conservation Tillage for large-scale cereal production, Kisima, Kenya",,POOR,GOOD,,RAINFED,LEASED,Availability of surface water: Also medium
942,CN,"Longan, Plum interplanting",,,,,RAINFED,,
943,ET,Runoff/floodwater farming,,,,,RAINFED,,
944,SN,African market gardens,,,,,RAINFED,,
945,AU,No-till with controlled traffic,,,,,RAINFED,,
946,SN,Low-Pressure Irrigation System ‘Californian’,,GOOD,,,RAINFED,,
947,NE,Irrigated Oasis gardens,,POOR,,,,OTHER,
948,CM,Green manuring with Tithonia,,,,,RAINFED,,
949,ET,Konso Bench Terrace,,,,,RAINFED,,
950,ZA,Controlling of soil erosion during crop production,,,,,MIXED,,
951,AU,Green cane trash blanket,,,,,RAINFED,,
952,NE,Night Corralling,,,,,RAINFED,,
953,NE,Rotational Fertilization,,,,,RAINFED,,
954,ET,Grazing Land Improvement,,,,,RAINFED,,
955,TG,Smallstock Manure Production,,,,,,,
956,ZA,Water run-off control plan on cultivated land,,,,,RAINFED,,
957,BF,Organic cotton,,,,,RAINFED,,
958,KE,Push-Pull Integrated Pest and Soil Fertility Management,,,,,RAINFED,,
959,BF,Composting associated with planting pits,,,,,RAINFED,,
960,CN,Horsetail Beefwood (Casuarina) Windbreak along Seaside,,,,,RAINFED,,
961,CN,Vetiver Hedge Barrier along Seashore and River bank,,,,,RAINFED,,
963,KG,Cultivation of sainfoin on high mountain pastures – Suusamyr Valley (in the frame of CACILM),5_50M,GOOD,GOOD,,MIXED,COMMUNAL,
964,ZA,Restoration on degraded duplex soils,,,,,RAINFED,,
965,BD,Traditional Shifting Cultivation,,,,,,,
966,BE,Non-inversion shallow cultivation,,,,,RAINFED,,
967,BE,Non-inversion deep cultivation,,,,,RAINFED,,
968,ZA,Water Harvesting & Basin tillage,,,,,RAINFED,,
969,CN,Zero Tillage,,,,,RAINFED,,
970,ZA,Strip mine rehabilitation,,,,,RAINFED,,
971,CN,Comprehensive Development & Management of a Small Watershed,,,,,RAINFED,,
972,CN,Subsoiling,,,,,RAINFED,,
973,CN,Small Watershed Comprehensive Development,,,,,RAINFED,,
974,ET,Trashlines,,,,,RAINFED,,
975,ZA,Agronomic & vegetative rehabilitation,,,,,RAINFED,OTHER,
976,ZA,Conservation Agriculture,,,,,RAINFED,,
977,TJ,Conversion of grazing land to fruit and fodder plots,,,,,IRRIGATION,,
978,ET,Multiple Cropping,,,,,MIXED,,
979,ET,Ridge & Basin,,,,,RAINFED,,
980,ET,Stone faced soil bund of Tigray,,,,,RAINFED,,
981,CN,Orchard Rehabilitation,,,,,MIXED,INDIVIDUAL,
982,GB,Direct drilling for UK arable cropping systems: Normanton,,,,,RAINFED,,
983,GB,Conservation tillage in UK arable cropping systems: Tivington,,,,,RAINFED,,
984,GB,Minimum tillage in UK arable cropping systems: Tivington,,,,,RAINFED,,
985,GB,Conservation tillage in UK arable cropping: Loddington,,,,,RAINFED,OTHER,
986,GB,Non-inversion tillage in UK arable cropping; Loddington,,,,,RAINFED,OTHER,
987,GB,Conservation agriculture,,,,,MIXED,,
988,UG,Tree farming,,,,,,,
989,UG,Mulching of perrenial crops,,,,,,,
990,UG,Improved trash lines,,,,,RAINFED,,
991,ET,Stone faced trench bund,,,,,RAINFED,,
992,TZ,Local compost making,,,,,,,
993,ET,Homestead Development,,,,,RAINFED,,
994,TZ,increasing groundnuts pod number in a soil heap,,,,,,,
995,TR,Strip farming,5_50M,POOR,POOR,,RAINFED,INDIVIDUAL,"Ground water table 5-50m (It decreases in summer, increases in winter)"
996,TG,Billons cloisonnés,,,,,,,
997,TG,Culture en couloir,,,,,,,
998,TG,Trouaison,,,,,,,
999,TH,Vegetative erosion control and cons. Crop. System,,,,,RAINFED,,
